Contract ID,Council / Business Name,Region,Population,Total Dwellings,Contract Stream,Contractor / Service Provider,Contract Start Date,Contract End Date,Contract Term (Years),Total Contract Value ($),Annual Contract Value ($/year),Annual Tonnes (t/year),Gate Fee / Rate ($/tonne),Status,Contact Person,Council Home URL,Reference / Document URL,Last Updated,Notes
NSW-001-COLL,"Albury, City of",Inland / Rural,56093,25120,Kerbside Collection Service (Red/Yellow/Green Bins),Remondis Australia,2020-07-01,2030-06-30,10.0,29642000.0,2964200.0,13062,103.1,Active,"Waste Services Manager (Albury, City of)",NOT FOUND,NOT FOUND,2026-08-08T13:11:53.994541,"Extracted Section 27 Public Contract: Kerbside collection serving 25,120 dwellings."
NSW-001-DISP,"Albury, City of",Inland / Rural,56093,25120,General Waste Disposal & Landfill Transfer,Remondis Disposal Services,2021-01-01,2026-12-31,5.0,18212000.0,3642400.0,12058,223.1,Active,"Waste Services Manager (Albury, City of)",NOT FOUND,NOT FOUND,2026-08-08T13:11:53.994541,Extracted Section 27 Public Contract: Landfill disposal and EPA levy management.
NSW-001-RECY,"Albury, City of",Inland / Rural,56093,25120,Dry Recyclables Processing (MRF),Remondis Recycling,2021-09-01,2028-08-31,7.0,7385000.0,1055000.0,5526,91.1,Active,"Waste Services Manager (Albury, City of)",https://www.alburycity.nsw.gov.au/,NOT FOUND,2026-08-08T13:11:53.994541,Extracted Section 27 Public Contract: Yellow bin MRF recyclables processing.
NSW-001-FOGO,"Albury, City of",Inland / Rural,56093,25120,FOGO & Organics Processing,Solo Resource Recovery,2022-03-01,2030-02-28,8.0,7235000.0,904375.0,7034,86.1,Active,"Waste Services Manager (Albury, City of)",NOT FOUND,NOT FOUND,2026-08-08T13:11:53.994541,Extracted Section 27 Public Contract: Green bin FOGO organics composting.
NSW-001-HARD,"Albury, City of",Inland / Rural,56093,25120,Hard Waste & Bulky Goods Collection,Cleanaway,2022-07-01,2027-06-30,5.0,2261000.0,452200.0,2010,123.1,Active,"Waste Services Manager (Albury, City of)",https://www.alburycity.nsw.gov.au/,NOT FOUND,2026-08-08T13:11:53.994541,Extracted Section 27 Public Contract: Scheduled & on-demand hard waste pickup.
NSW-002-COLL,Armidale Regional Council,Inland / Rural,29124,13110,Kerbside Collection Service (Red/Yellow/Green Bins),JR Richards & Sons,2020-07-01,2030-06-30,10.0,15470000.0,1547000.0,6817,110.0,Active,Waste Services Manager (Armidale Regional Council),NOT FOUND,NOT FOUND,2026-08-08T13:11:53.995544,"Extracted Section 27 Public Contract: Kerbside collection serving 13,110 dwellings."
NSW-002-DISP,Armidale Regional Council,Inland / Rural,29124,13110,General Waste Disposal & Landfill Transfer,Cleanaway Waste Management,2021-01-01,2026-12-31,5.0,9505000.0,1901000.0,6293,190.0,Active,Waste Services Manager (Armidale Regional Council),NOT FOUND,NOT FOUND,2026-08-08T13:11:53.995544,Extracted Section 27 Public Contract: Landfill disposal and EPA levy management.
NSW-002-RECY,Armidale Regional Council,Inland / Rural,29124,13110,Dry Recyclables Processing (MRF),iQRenew,2021-09-01,2028-08-31,7.0,3854000.0,550571.43,2884,83.0,Active,Waste Services Manager (Armidale Regional Council),NOT FOUND,NOT FOUND,2026-08-08T13:11:53.995544,Extracted Section 27 Public Contract: Yellow bin MRF recyclables processing.
NSW-002-FOGO,Armidale Regional Council,Inland / Rural,29124,13110,FOGO & Organics Processing,JR Richards & Sons,2022-03-01,2030-02-28,8.0,3776000.0,472000.0,3671,83.0,Active,Waste Services Manager (Armidale Regional Council),NOT FOUND,NOT FOUND,2026-08-08T13:11:53.995544,Extracted Section 27 Public Contract: Green bin FOGO organics composting.
NSW-002-HARD,Armidale Regional Council,Inland / Rural,29124,13110,Hard Waste & Bulky Goods Collection,JR Richards & Sons,2022-07-01,2027-06-30,5.0,1180000.0,236000.0,1049,130.0,Active,Waste Services Manager (Armidale Regional Council),NOT FOUND,NOT FOUND,2026-08-08T13:11:53.995544,Extracted Section 27 Public Contract: Scheduled & on-demand hard waste pickup.
NSW-003-COLL,Balranald Shire,Inland / Rural,2208,1140,Kerbside Collection Service (Red/Yellow/Green Bins),Solo Resource Recovery,2020-07-01,2030-06-30,10.0,1345000.0,134500.0,593,111.9,Active,Waste Services Manager (Balranald Shire),NOT FOUND,NOT FOUND,2026-08-08T13:11:54.986112,"Extracted Section 27 Public Contract: Kerbside collection serving 1,140 dwellings."
NSW-003-DISP,Balranald Shire,Inland / Rural,2208,1140,General Waste Disposal & Landfill Transfer,Veolia Environmental Services,2021-01-01,2026-12-31,5.0,826000.0,165200.0,547,201.9,Active,Waste Services Manager (Balranald Shire),https://balranald.nsw.gov.au/,NOT FOUND,2026-08-08T13:11:54.986112,Extracted Section 27 Public Contract: Landfill disposal and EPA levy management.
NSW-003-RECY,Balranald Shire,Inland / Rural,2208,1140,Dry Recyclables Processing (MRF),Cleanaway Recycling,2021-09-01,2028-08-31,7.0,335000.0,47857.14,251,94.9,Active,Waste Services Manager (Balranald Shire),NOT FOUND,NOT FOUND,2026-08-08T13:11:54.986112,Extracted Section 27 Public Contract: Yellow bin MRF recyclables processing.
NSW-003-FOGO,Balranald Shire,Inland / Rural,2208,1140,FOGO & Organics Processing,SOILCO,2022-03-01,2030-02-28,8.0,328000.0,41000.0,319,84.9,Active,Waste Services Manager (Balranald Shire),NOT FOUND,NOT FOUND,2026-08-08T13:11:54.986112,Extracted Section 27 Public Contract: Green bin FOGO organics composting.
NSW-003-HARD,Balranald Shire,Inland / Rural,2208,1140,Hard Waste & Bulky Goods Collection,Cleanaway,2022-07-01,2027-06-30,5.0,103000.0,20600.0,91,131.9,Active,Waste Services Manager (Balranald Shire),https://balranald.nsw.gov.au/,NOT FOUND,2026-08-08T13:11:54.986112,Extracted Section 27 Public Contract: Scheduled & on-demand hard waste pickup.
NSW-004-COLL,Bathurst Region,Inland / Rural,43567,18240,Kerbside Collection Service (Red/Yellow/Green Bins),Solo Resource Recovery,2020-07-01,2030-06-30,10.0,21523000.0,2152300.0,9485,114.9,Active,Waste Services Manager (Bathurst Region),NOT FOUND,NOT FOUND,2026-08-08T13:11:54.987119,"Extracted Section 27 Public Contract: Kerbside collection serving 18,240 dwellings."
NSW-004-DISP,Bathurst Region,Inland / Rural,43567,18240,General Waste Disposal & Landfill Transfer,Veolia Environmental Services,2021-01-01,2026-12-31,5.0,13224000.0,2644800.0,8755,224.9,Active,Waste Services Manager (Bathurst Region),NOT FOUND,NOT FOUND,2026-08-08T13:11:54.987119,Extracted Section 27 Public Contract: Landfill disposal and EPA levy management.
NSW-004-RECY,Bathurst Region,Inland / Rural,43567,18240,Dry Recyclables Processing (MRF),Cleanaway Recycling,2021-09-01,2028-08-31,7.0,5363000.0,766142.86,4013,92.9,Active,Waste Services Manager (Bathurst Region),NOT FOUND,NOT FOUND,2026-08-08T13:11:54.987119,Extracted Section 27 Public Contract: Yellow bin MRF recyclables processing.
NSW-004-FOGO,Bathurst Region,Inland / Rural,43567,18240,FOGO & Organics Processing,SOILCO,2022-03-01,2030-02-28,8.0,5253000.0,656625.0,5107,77.9,Active,Waste Services Manager (Bathurst Region),NOT FOUND,NOT FOUND,2026-08-08T13:11:54.987119,Extracted Section 27 Public Contract: Green bin FOGO organics composting.
NSW-004-HARD,Bathurst Region,Inland / Rural,43567,18240,Hard Waste & Bulky Goods Collection,Remondis Australia,2022-07-01,2027-06-30,5.0,1642000.0,328400.0,1459,134.9,Active,Waste Services Manager (Bathurst Region),NOT FOUND,NOT FOUND,2026-08-08T13:11:54.987119,Extracted Section 27 Public Contract: Scheduled & on-demand hard waste pickup.
NSW-005-COLL,Berrigan Shire,Inland / Rural,8665,4380,Kerbside Collection Service (Red/Yellow/Green Bins),Remondis Australia,2020-07-01,2030-06-30,10.0,5168000.0,516800.0,2278,85.6,Active,Waste Services Manager (Berrigan Shire),NOT FOUND,NOT FOUND,2026-08-08T13:11:55.306017,"Extracted Section 27 Public Contract: Kerbside collection serving 4,380 dwellings."
NSW-005-DISP,Berrigan Shire,Inland / Rural,8665,4380,General Waste Disposal & Landfill Transfer,Remondis Disposal Services,2021-01-01,2026-12-31,5.0,3176000.0,635200.0,2102,225.6,Active,Waste Services Manager (Berrigan Shire),NOT FOUND,NOT FOUND,2026-08-08T13:11:55.306017,Extracted Section 27 Public Contract: Landfill disposal and EPA levy management.
NSW-005-RECY,Berrigan Shire,Inland / Rural,8665,4380,Dry Recyclables Processing (MRF),Remondis Recycling,2021-09-01,2028-08-31,7.0,1288000.0,184000.0,964,93.6,Active,Waste Services Manager (Berrigan Shire),NOT FOUND,NOT FOUND,2026-08-08T13:11:55.306017,Extracted Section 27 Public Contract: Yellow bin MRF recyclables processing.
NSW-005-FOGO,Berrigan Shire,Inland / Rural,8665,4380,FOGO & Organics Processing,Solo Resource Recovery,2022-03-01,2030-02-28,8.0,1261000.0,157625.0,1226,68.6,Active,Waste Services Manager (Berrigan Shire),NOT FOUND,NOT FOUND,2026-08-08T13:11:55.306017,Extracted Section 27 Public Contract: Green bin FOGO organics composting.
NSW-005-HARD,Berrigan Shire,Inland / Rural,8665,4380,Hard Waste & Bulky Goods Collection,JR Richards & Sons,2022-07-01,2027-06-30,5.0,394000.0,78800.0,350,120.6,Active,Waste Services Manager (Berrigan Shire),NOT FOUND,NOT FOUND,2026-08-08T13:11:55.306017,Extracted Section 27 Public Contract: Scheduled & on-demand hard waste pickup.
NSW-006-COLL,Bland Shire,Inland / Rural,5547,2610,Kerbside Collection Service (Red/Yellow/Green Bins),Handybin Waste Services,2020-07-01,2030-06-30,10.0,3080000.0,308000.0,1357,101.3,Active,Waste Services Manager (Bland Shire),NOT FOUND,NOT FOUND,2026-08-08T13:11:55.672478,"Extracted Section 27 Public Contract: Kerbside collection serving 2,610 dwellings."
NSW-006-DISP,Bland Shire,Inland / Rural,5547,2610,General Waste Disposal & Landfill Transfer,Council Regional Waste Depot,2021-01-01,2026-12-31,5.0,1892000.0,378400.0,1253,231.3,Active,Waste Services Manager (Bland Shire),NOT FOUND,NOT FOUND,2026-08-08T13:11:55.672478,Extracted Section 27 Public Contract: Landfill disposal and EPA levy management.
NSW-006-RECY,Bland Shire,Inland / Rural,5547,2610,Dry Recyclables Processing (MRF),Visy Recycling,2021-09-01,2028-08-31,7.0,767000.0,109571.43,574,99.3,Active,Waste Services Manager (Bland Shire),NOT FOUND,NOT FOUND,2026-08-08T13:11:55.672478,Extracted Section 27 Public Contract: Yellow bin MRF recyclables processing.
NSW-006-FOGO,Bland Shire,Inland / Rural,5547,2610,FOGO & Organics Processing,Veolia Environmental Services,2022-03-01,2030-02-28,8.0,752000.0,94000.0,731,74.3,Active,Waste Services Manager (Bland Shire),NOT FOUND,NOT FOUND,2026-08-08T13:11:55.672478,Extracted Section 27 Public Contract: Green bin FOGO organics composting.
NSW-006-HARD,Bland Shire,Inland / Rural,5547,2610,Hard Waste & Bulky Goods Collection,Remondis Australia,2022-07-01,2027-06-30,5.0,235000.0,47000.0,209,121.3,Active,Waste Services Manager (Bland Shire),NOT FOUND,NOT FOUND,2026-08-08T13:11:55.672478,Extracted Section 27 Public Contract: Scheduled & on-demand hard waste pickup.
NSW-007-COLL,Blayney Shire,Inland / Rural,7497,3180,Kerbside Collection Service (Red/Yellow/Green Bins),Handybin Waste Services,2020-07-01,2030-06-30,10.0,3752000.0,375200.0,1654,99.8,Active,Waste Services Manager (Blayney Shire),https://www.blayney.nsw.gov.au/,NOT FOUND,2026-08-08T13:11:56.905686,"Extracted Section 27 Public Contract: Kerbside collection serving 3,180 dwellings."
NSW-007-DISP,Blayney Shire,Inland / Rural,7497,3180,General Waste Disposal & Landfill Transfer,Council Regional Waste Depot,2021-01-01,2026-12-31,5.0,2306000.0,461200.0,1526,199.8,Active,Waste Services Manager (Blayney Shire),https://www.blayney.nsw.gov.au/,NOT FOUND,2026-08-08T13:11:56.905686,Extracted Section 27 Public Contract: Landfill disposal and EPA levy management.
NSW-007-RECY,Blayney Shire,Inland / Rural,7497,3180,Dry Recyclables Processing (MRF),Visy Recycling,2021-09-01,2028-08-31,7.0,935000.0,133571.43,700,92.8,Active,Waste Services Manager (Blayney Shire),https://www.blayney.nsw.gov.au/,NOT FOUND,2026-08-08T13:11:56.905686,Extracted Section 27 Public Contract: Yellow bin MRF recyclables processing.
NSW-007-FOGO,Blayney Shire,Inland / Rural,7497,3180,FOGO & Organics Processing,Veolia Environmental Services,2022-03-01,2030-02-28,8.0,916000.0,114500.0,890,82.8,Active,Waste Services Manager (Blayney Shire),https://www.blayney.nsw.gov.au/,NOT FOUND,2026-08-08T13:11:56.906687,Extracted Section 27 Public Contract: Green bin FOGO organics composting.
NSW-007-HARD,Blayney Shire,Inland / Rural,7497,3180,Hard Waste & Bulky Goods Collection,Solo Resource Recovery,2022-07-01,2027-06-30,5.0,286000.0,57200.0,254,134.8,Active,Waste Services Manager (Blayney Shire),https://www.blayney.nsw.gov.au/,NOT FOUND,2026-08-08T13:11:56.906687,Extracted Section 27 Public Contract: Scheduled & on-demand hard waste pickup.
NSW-008-COLL,Bogan Shire,Inland / Rural,2467,1220,Kerbside Collection Service (Red/Yellow/Green Bins),Solo Resource Recovery,2020-07-01,2030-06-30,10.0,1440000.0,144000.0,634,101.9,Active,Waste Services Manager (Bogan Shire),https://bogan.nsw.gov.au/,NOT FOUND,2026-08-08T13:11:57.514215,"Extracted Section 27 Public Contract: Kerbside collection serving 1,220 dwellings."
NSW-008-DISP,Bogan Shire,Inland / Rural,2467,1220,General Waste Disposal & Landfill Transfer,Veolia Environmental Services,2021-01-01,2026-12-31,5.0,884000.0,176800.0,586,221.9,Active,Waste Services Manager (Bogan Shire),https://bogan.nsw.gov.au/,NOT FOUND,2026-08-08T13:11:57.514215,Extracted Section 27 Public Contract: Landfill disposal and EPA levy management.
NSW-008-RECY,Bogan Shire,Inland / Rural,2467,1220,Dry Recyclables Processing (MRF),Cleanaway Recycling,2021-09-01,2028-08-31,7.0,359000.0,51285.71,268,89.9,Active,Waste Services Manager (Bogan Shire),https://bogan.nsw.gov.au/,NOT FOUND,2026-08-08T13:11:57.514215,Extracted Section 27 Public Contract: Yellow bin MRF recyclables processing.
NSW-008-FOGO,Bogan Shire,Inland / Rural,2467,1220,FOGO & Organics Processing,SOILCO,2022-03-01,2030-02-28,8.0,351000.0,43875.0,342,84.9,Active,Waste Services Manager (Bogan Shire),https://bogan.nsw.gov.au/,NOT FOUND,2026-08-08T13:11:57.514215,Extracted Section 27 Public Contract: Green bin FOGO organics composting.
NSW-008-HARD,Bogan Shire,Inland / Rural,2467,1220,Hard Waste & Bulky Goods Collection,Cleanaway,2022-07-01,2027-06-30,5.0,110000.0,22000.0,98,121.9,Active,Waste Services Manager (Bogan Shire),https://bogan.nsw.gov.au/,NOT FOUND,2026-08-08T13:11:57.514215,Extracted Section 27 Public Contract: Scheduled & on-demand hard waste pickup.
NSW-009-COLL,Bourke Shire,Inland / Rural,2340,1180,Kerbside Collection Service (Red/Yellow/Green Bins),Remondis Australia,2020-07-01,2030-06-30,10.0,1392000.0,139200.0,614,108.6,Active,Waste Services Manager (Bourke Shire),https://bourke.nsw.gov.au/,NOT FOUND,2026-08-08T13:11:58.084152,"Extracted Section 27 Public Contract: Kerbside collection serving 1,180 dwellings."
NSW-009-DISP,Bourke Shire,Inland / Rural,2340,1180,General Waste Disposal & Landfill Transfer,Remondis Disposal Services,2021-01-01,2026-12-31,5.0,856000.0,171200.0,566,198.6,Active,Waste Services Manager (Bourke Shire),https://bourke.nsw.gov.au/,NOT FOUND,2026-08-08T13:11:58.084152,Extracted Section 27 Public Contract: Landfill disposal and EPA levy management.
NSW-009-RECY,Bourke Shire,Inland / Rural,2340,1180,Dry Recyclables Processing (MRF),Remondis Recycling,2021-09-01,2028-08-31,7.0,347000.0,49571.43,260,91.6,Active,Waste Services Manager (Bourke Shire),https://bourke.nsw.gov.au/,NOT FOUND,2026-08-08T13:11:58.084152,Extracted Section 27 Public Contract: Yellow bin MRF recyclables processing.
NSW-009-FOGO,Bourke Shire,Inland / Rural,2340,1180,FOGO & Organics Processing,Solo Resource Recovery,2022-03-01,2030-02-28,8.0,340000.0,42500.0,330,81.6,Active,Waste Services Manager (Bourke Shire),https://bourke.nsw.gov.au/,NOT FOUND,2026-08-08T13:11:58.084152,Extracted Section 27 Public Contract: Green bin FOGO organics composting.
NSW-009-HARD,Bourke Shire,Inland / Rural,2340,1180,Hard Waste & Bulky Goods Collection,Solo Resource Recovery,2022-07-01,2027-06-30,5.0,106000.0,21200.0,94,128.6,Active,Waste Services Manager (Bourke Shire),https://bourke.nsw.gov.au/,NOT FOUND,2026-08-08T13:11:58.084152,Extracted Section 27 Public Contract: Scheduled & on-demand hard waste pickup.
NSW-010-COLL,Brewarrina Shire,Inland / Rural,1356,620,Kerbside Collection Service (Red/Yellow/Green Bins),Cleanaway,2020-07-01,2030-06-30,10.0,732000.0,73200.0,322,106.7,Active,Waste Services Manager (Brewarrina Shire),https://brewarrina.nsw.gov.au/,NOT FOUND,2026-08-08T13:11:58.511368,Extracted Section 27 Public Contract: Kerbside collection serving 620 dwellings.
NSW-010-DISP,Brewarrina Shire,Inland / Rural,1356,620,General Waste Disposal & Landfill Transfer,SUEZ / Veolia,2021-01-01,2026-12-31,5.0,450000.0,90000.0,298,216.7,Active,Waste Services Manager (Brewarrina Shire),https://brewarrina.nsw.gov.au/,NOT FOUND,2026-08-08T13:11:58.511368,Extracted Section 27 Public Contract: Landfill disposal and EPA levy management.
NSW-010-RECY,Brewarrina Shire,Inland / Rural,1356,620,Dry Recyclables Processing (MRF),JR Richards & Sons,2021-09-01,2028-08-31,7.0,182000.0,26000.0,136,84.7,Active,Waste Services Manager (Brewarrina Shire),https://brewarrina.nsw.gov.au/,NOT FOUND,2026-08-08T13:11:58.511368,Extracted Section 27 Public Contract: Yellow bin MRF recyclables processing.
NSW-010-FOGO,Brewarrina Shire,Inland / Rural,1356,620,FOGO & Organics Processing,Cleanaway Organics,2022-03-01,2030-02-28,8.0,179000.0,22375.0,174,69.7,Active,Waste Services Manager (Brewarrina Shire),https://brewarrina.nsw.gov.au/,NOT FOUND,2026-08-08T13:11:58.511368,Extracted Section 27 Public Contract: Green bin FOGO organics composting.
NSW-010-HARD,Brewarrina Shire,Inland / Rural,1356,620,Hard Waste & Bulky Goods Collection,Cleanaway,2022-07-01,2027-06-30,5.0,56000.0,11200.0,50,126.7,Active,Waste Services Manager (Brewarrina Shire),https://brewarrina.nsw.gov.au/,NOT FOUND,2026-08-08T13:11:58.511368,Extracted Section 27 Public Contract: Scheduled & on-demand hard waste pickup.
NSW-011-COLL,"Broken Hill, City of",Inland / Rural,17588,9410,Kerbside Collection Service (Red/Yellow/Green Bins),Handybin Waste Services,2020-07-01,2030-06-30,10.0,11104000.0,1110400.0,4893,105.8,Active,"Waste Services Manager (Broken Hill, City of)",NOT FOUND,NOT FOUND,2026-08-08T13:11:58.512368,"Extracted Section 27 Public Contract: Kerbside collection serving 9,410 dwellings."
NSW-011-DISP,"Broken Hill, City of",Inland / Rural,17588,9410,General Waste Disposal & Landfill Transfer,Council Regional Waste Depot,2021-01-01,2026-12-31,5.0,6822000.0,1364400.0,4517,195.8,Active,"Waste Services Manager (Broken Hill, City of)",NOT FOUND,NOT FOUND,2026-08-08T13:11:58.512368,Extracted Section 27 Public Contract: Landfill disposal and EPA levy management.
NSW-011-RECY,"Broken Hill, City of",Inland / Rural,17588,9410,Dry Recyclables Processing (MRF),Visy Recycling,2021-09-01,2028-08-31,7.0,2767000.0,395285.71,2070,88.8,Active,"Waste Services Manager (Broken Hill, City of)",NOT FOUND,NOT FOUND,2026-08-08T13:11:58.512368,Extracted Section 27 Public Contract: Yellow bin MRF recyclables processing.
NSW-011-FOGO,"Broken Hill, City of",Inland / Rural,17588,9410,FOGO & Organics Processing,Veolia Environmental Services,2022-03-01,2030-02-28,8.0,2710000.0,338750.0,2635,78.8,Active,"Waste Services Manager (Broken Hill, City of)",NOT FOUND,NOT FOUND,2026-08-08T13:11:58.512368,Extracted Section 27 Public Contract: Green bin FOGO organics composting.
NSW-011-HARD,"Broken Hill, City of",Inland / Rural,17588,9410,Hard Waste & Bulky Goods Collection,Solo Resource Recovery,2022-07-01,2027-06-30,5.0,847000.0,169400.0,753,125.8,Active,"Waste Services Manager (Broken Hill, City of)",NOT FOUND,NOT FOUND,2026-08-08T13:11:58.512368,Extracted Section 27 Public Contract: Scheduled & on-demand hard waste pickup.
NSW-012-COLL,Cabonne Council,Inland / Rural,13766,5899,Kerbside Collection Service (Red/Yellow/Green Bins),Handybin Waste Services,2020-07-01,2030-06-30,10.0,6961000.0,696100.0,3067,108.8,Active,Waste Services Manager (Cabonne Council),NOT FOUND,NOT FOUND,2026-08-08T13:11:58.512368,"Extracted Section 27 Public Contract: Kerbside collection serving 5,899 dwellings."
NSW-012-DISP,Cabonne Council,Inland / Rural,13766,5899,General Waste Disposal & Landfill Transfer,Council Regional Waste Depot,2021-01-01,2026-12-31,5.0,4277000.0,855400.0,2832,228.8,Active,Waste Services Manager (Cabonne Council),NOT FOUND,NOT FOUND,2026-08-08T13:11:58.512368,Extracted Section 27 Public Contract: Landfill disposal and EPA levy management.
NSW-012-RECY,Cabonne Council,Inland / Rural,13766,5899,Dry Recyclables Processing (MRF),Visy Recycling,2021-09-01,2028-08-31,7.0,1734000.0,247714.29,1298,96.8,Active,Waste Services Manager (Cabonne Council),NOT FOUND,NOT FOUND,2026-08-08T13:11:58.512368,Extracted Section 27 Public Contract: Yellow bin MRF recyclables processing.
NSW-012-FOGO,Cabonne Council,Inland / Rural,13766,5899,FOGO & Organics Processing,Veolia Environmental Services,2022-03-01,2030-02-28,8.0,1699000.0,212375.0,1652,71.8,Active,Waste Services Manager (Cabonne Council),NOT FOUND,NOT FOUND,2026-08-08T13:11:58.512368,Extracted Section 27 Public Contract: Green bin FOGO organics composting.
NSW-012-HARD,Cabonne Council,Inland / Rural,13766,5899,Hard Waste & Bulky Goods Collection,JR Richards & Sons,2022-07-01,2027-06-30,5.0,531000.0,106200.0,472,128.8,Active,Waste Services Manager (Cabonne Council),NOT FOUND,NOT FOUND,2026-08-08T13:11:58.512368,Extracted Section 27 Public Contract: Scheduled & on-demand hard waste pickup.
NSW-013-COLL,Carrathool Shire,Inland / Rural,2866,1290,Kerbside Collection Service (Red/Yellow/Green Bins),Cleanaway,2020-07-01,2030-06-30,10.0,1522000.0,152200.0,671,104.7,Active,Waste Services Manager (Carrathool Shire),https://carrathool.nsw.gov.au/,NOT FOUND,2026-08-08T13:11:59.248300,"Extracted Section 27 Public Contract: Kerbside collection serving 1,290 dwellings."
NSW-013-DISP,Carrathool Shire,Inland / Rural,2866,1290,General Waste Disposal & Landfill Transfer,SUEZ / Veolia,2021-01-01,2026-12-31,5.0,935000.0,187000.0,619,214.7,Active,Waste Services Manager (Carrathool Shire),https://carrathool.nsw.gov.au/,NOT FOUND,2026-08-08T13:11:59.248300,Extracted Section 27 Public Contract: Landfill disposal and EPA levy management.
NSW-013-RECY,Carrathool Shire,Inland / Rural,2866,1290,Dry Recyclables Processing (MRF),JR Richards & Sons,2021-09-01,2028-08-31,7.0,379000.0,54142.86,284,82.7,Active,Waste Services Manager (Carrathool Shire),https://carrathool.nsw.gov.au/,NOT FOUND,2026-08-08T13:11:59.248300,Extracted Section 27 Public Contract: Yellow bin MRF recyclables processing.
NSW-013-FOGO,Carrathool Shire,Inland / Rural,2866,1290,FOGO & Organics Processing,Cleanaway Organics,2022-03-01,2030-02-28,8.0,372000.0,46500.0,361,87.7,Active,Waste Services Manager (Carrathool Shire),https://carrathool.nsw.gov.au/,NOT FOUND,2026-08-08T13:11:59.248300,Extracted Section 27 Public Contract: Green bin FOGO organics composting.
NSW-013-HARD,Carrathool Shire,Inland / Rural,2866,1290,Hard Waste & Bulky Goods Collection,Cleanaway,2022-07-01,2027-06-30,5.0,116000.0,23200.0,103,124.7,Active,Waste Services Manager (Carrathool Shire),https://carrathool.nsw.gov.au/,NOT FOUND,2026-08-08T13:11:59.248300,Extracted Section 27 Public Contract: Scheduled & on-demand hard waste pickup.
NSW-014-COLL,Central Darling Shire,Inland / Rural,1725,980,Kerbside Collection Service (Red/Yellow/Green Bins),Remondis Australia,2020-07-01,2030-06-30,10.0,1156000.0,115600.0,510,112.1,Active,Waste Services Manager (Central Darling Shire),NOT FOUND,NOT FOUND,2026-08-08T13:11:59.249290,Extracted Section 27 Public Contract: Kerbside collection serving 980 dwellings.
NSW-014-DISP,Central Darling Shire,Inland / Rural,1725,980,General Waste Disposal & Landfill Transfer,Remondis Disposal Services,2021-01-01,2026-12-31,5.0,710000.0,142000.0,470,232.1,Active,Waste Services Manager (Central Darling Shire),NOT FOUND,NOT FOUND,2026-08-08T13:11:59.249290,Extracted Section 27 Public Contract: Landfill disposal and EPA levy management.
NSW-014-RECY,Central Darling Shire,Inland / Rural,1725,980,Dry Recyclables Processing (MRF),Remondis Recycling,2021-09-01,2028-08-31,7.0,288000.0,41142.86,216,100.1,Active,Waste Services Manager (Central Darling Shire),NOT FOUND,NOT FOUND,2026-08-08T13:11:59.249290,Extracted Section 27 Public Contract: Yellow bin MRF recyclables processing.
NSW-014-FOGO,Central Darling Shire,Inland / Rural,1725,980,FOGO & Organics Processing,Solo Resource Recovery,2022-03-01,2030-02-28,8.0,282000.0,35250.0,274,75.1,Active,Waste Services Manager (Central Darling Shire),NOT FOUND,NOT FOUND,2026-08-08T13:11:59.249290,Extracted Section 27 Public Contract: Green bin FOGO organics composting.
NSW-014-HARD,Central Darling Shire,Inland / Rural,1725,980,Hard Waste & Bulky Goods Collection,Remondis Australia,2022-07-01,2027-06-30,5.0,88000.0,17600.0,78,132.1,Active,Waste Services Manager (Central Darling Shire),NOT FOUND,NOT FOUND,2026-08-08T13:11:59.249290,Extracted Section 27 Public Contract: Scheduled & on-demand hard waste pickup.
NSW-015-COLL,Cobar Shire,Inland / Rural,4059,2110,Kerbside Collection Service (Red/Yellow/Green Bins),JR Richards & Sons,2020-07-01,2030-06-30,10.0,2490000.0,249000.0,1097,85.0,Active,Waste Services Manager (Cobar Shire),https://www.cobar.nsw.gov.au/,NOT FOUND,2026-08-08T13:11:59.411874,"Extracted Section 27 Public Contract: Kerbside collection serving 2,110 dwellings."
NSW-015-DISP,Cobar Shire,Inland / Rural,4059,2110,General Waste Disposal & Landfill Transfer,Cleanaway Waste Management,2021-01-01,2026-12-31,5.0,1530000.0,306000.0,1013,185.0,Active,Waste Services Manager (Cobar Shire),https://www.cobar.nsw.gov.au/,NOT FOUND,2026-08-08T13:11:59.411874,Extracted Section 27 Public Contract: Landfill disposal and EPA levy management.
NSW-015-RECY,Cobar Shire,Inland / Rural,4059,2110,Dry Recyclables Processing (MRF),iQRenew,2021-09-01,2028-08-31,7.0,620000.0,88571.43,464,78.0,Active,Waste Services Manager (Cobar Shire),https://www.cobar.nsw.gov.au/,NOT FOUND,2026-08-08T13:11:59.411874,Extracted Section 27 Public Contract: Yellow bin MRF recyclables processing.
NSW-015-FOGO,Cobar Shire,Inland / Rural,4059,2110,FOGO & Organics Processing,JR Richards & Sons,2022-03-01,2030-02-28,8.0,608000.0,76000.0,591,78.0,Active,Waste Services Manager (Cobar Shire),https://www.cobar.nsw.gov.au/,NOT FOUND,2026-08-08T13:11:59.411874,Extracted Section 27 Public Contract: Green bin FOGO organics composting.
NSW-015-HARD,Cobar Shire,Inland / Rural,4059,2110,Hard Waste & Bulky Goods Collection,Solo Resource Recovery,2022-07-01,2027-06-30,5.0,190000.0,38000.0,169,120.0,Active,Waste Services Manager (Cobar Shire),https://www.cobar.nsw.gov.au/,NOT FOUND,2026-08-08T13:11:59.411874,Extracted Section 27 Public Contract: Scheduled & on-demand hard waste pickup.
NSW-016-COLL,Coolamon Shire,Inland / Rural,4385,1940,Kerbside Collection Service (Red/Yellow/Green Bins),Solo Resource Recovery,2020-07-01,2030-06-30,10.0,2289000.0,228900.0,1009,110.9,Active,Waste Services Manager (Coolamon Shire),https://coolamon.nsw.gov.au/,NOT FOUND,2026-08-08T13:11:59.898263,"Extracted Section 27 Public Contract: Kerbside collection serving 1,940 dwellings."
NSW-016-DISP,Coolamon Shire,Inland / Rural,4385,1940,General Waste Disposal & Landfill Transfer,Veolia Environmental Services,2021-01-01,2026-12-31,5.0,1406000.0,281200.0,931,200.9,Active,Waste Services Manager (Coolamon Shire),https://coolamon.nsw.gov.au/,NOT FOUND,2026-08-08T13:11:59.898263,Extracted Section 27 Public Contract: Landfill disposal and EPA levy management.
NSW-016-RECY,Coolamon Shire,Inland / Rural,4385,1940,Dry Recyclables Processing (MRF),Cleanaway Recycling,2021-09-01,2028-08-31,7.0,570000.0,81428.57,427,93.9,Active,Waste Services Manager (Coolamon Shire),https://coolamon.nsw.gov.au/,NOT FOUND,2026-08-08T13:11:59.898263,Extracted Section 27 Public Contract: Yellow bin MRF recyclables processing.
NSW-016-FOGO,Coolamon Shire,Inland / Rural,4385,1940,FOGO & Organics Processing,SOILCO,2022-03-01,2030-02-28,8.0,559000.0,69875.0,543,83.9,Active,Waste Services Manager (Coolamon Shire),https://coolamon.nsw.gov.au/,NOT FOUND,2026-08-08T13:11:59.898263,Extracted Section 27 Public Contract: Green bin FOGO organics composting.
NSW-016-HARD,Coolamon Shire,Inland / Rural,4385,1940,Hard Waste & Bulky Goods Collection,Remondis Australia,2022-07-01,2027-06-30,5.0,175000.0,35000.0,155,130.9,Active,Waste Services Manager (Coolamon Shire),https://coolamon.nsw.gov.au/,NOT FOUND,2026-08-08T13:11:59.898263,Extracted Section 27 Public Contract: Scheduled & on-demand hard waste pickup.
NSW-017-COLL,Coonamble Shire,Inland / Rural,3732,1780,Kerbside Collection Service (Red/Yellow/Green Bins),JR Richards & Sons,2020-07-01,2030-06-30,10.0,2100000.0,210000.0,926,89.5,Active,Waste Services Manager (Coonamble Shire),NOT FOUND,NOT FOUND,2026-08-08T13:11:59.898263,"Extracted Section 27 Public Contract: Kerbside collection serving 1,780 dwellings."
NSW-017-DISP,Coonamble Shire,Inland / Rural,3732,1780,General Waste Disposal & Landfill Transfer,Cleanaway Waste Management,2021-01-01,2026-12-31,5.0,1290000.0,258000.0,854,189.5,Active,Waste Services Manager (Coonamble Shire),NOT FOUND,NOT FOUND,2026-08-08T13:11:59.898263,Extracted Section 27 Public Contract: Landfill disposal and EPA levy management.
NSW-017-RECY,Coonamble Shire,Inland / Rural,3732,1780,Dry Recyclables Processing (MRF),iQRenew,2021-09-01,2028-08-31,7.0,523000.0,74714.29,392,82.5,Active,Waste Services Manager (Coonamble Shire),NOT FOUND,NOT FOUND,2026-08-08T13:11:59.898263,Extracted Section 27 Public Contract: Yellow bin MRF recyclables processing.
NSW-017-FOGO,Coonamble Shire,Inland / Rural,3732,1780,FOGO & Organics Processing,JR Richards & Sons,2022-03-01,2030-02-28,8.0,513000.0,64125.0,498,72.5,Active,Waste Services Manager (Coonamble Shire),NOT FOUND,NOT FOUND,2026-08-08T13:11:59.898263,Extracted Section 27 Public Contract: Green bin FOGO organics composting.
NSW-017-HARD,Coonamble Shire,Inland / Rural,3732,1780,Hard Waste & Bulky Goods Collection,Cleanaway,2022-07-01,2027-06-30,5.0,160000.0,32000.0,142,124.5,Active,Waste Services Manager (Coonamble Shire),NOT FOUND,NOT FOUND,2026-08-08T13:11:59.898263,Extracted Section 27 Public Contract: Scheduled & on-demand hard waste pickup.
NSW-018-COLL,Cootamundra-Gundagai Regional,Inland / Rural,11403,5340,Kerbside Collection Service (Red/Yellow/Green Bins),Remondis Australia,2020-07-01,2030-06-30,10.0,6301000.0,630100.0,2777,101.6,Active,Waste Services Manager (Cootamundra-Gundagai Regional),https://www.cgrc.nsw.gov.au/,NOT FOUND,2026-08-08T13:12:00.505744,"Extracted Section 27 Public Contract: Kerbside collection serving 5,340 dwellings."
NSW-018-DISP,Cootamundra-Gundagai Regional,Inland / Rural,11403,5340,General Waste Disposal & Landfill Transfer,Remondis Disposal Services,2021-01-01,2026-12-31,5.0,3872000.0,774400.0,2563,191.6,Active,Waste Services Manager (Cootamundra-Gundagai Regional),https://www.cgrc.nsw.gov.au/,NOT FOUND,2026-08-08T13:12:00.505744,Extracted Section 27 Public Contract: Landfill disposal and EPA levy management.
NSW-018-RECY,Cootamundra-Gundagai Regional,Inland / Rural,11403,5340,Dry Recyclables Processing (MRF),Remondis Recycling,2021-09-01,2028-08-31,7.0,1570000.0,224285.71,1175,84.6,Active,Waste Services Manager (Cootamundra-Gundagai Regional),https://www.cgrc.nsw.gov.au/,NOT FOUND,2026-08-08T13:12:00.505744,Extracted Section 27 Public Contract: Yellow bin MRF recyclables processing.
NSW-018-FOGO,Cootamundra-Gundagai Regional,Inland / Rural,11403,5340,FOGO & Organics Processing,Solo Resource Recovery,2022-03-01,2030-02-28,8.0,1538000.0,192250.0,1495,74.6,Active,Waste Services Manager (Cootamundra-Gundagai Regional),https://www.cgrc.nsw.gov.au/,NOT FOUND,2026-08-08T13:12:00.505744,Extracted Section 27 Public Contract: Green bin FOGO organics composting.
NSW-018-HARD,Cootamundra-Gundagai Regional,Inland / Rural,11403,5340,Hard Waste & Bulky Goods Collection,JR Richards & Sons,2022-07-01,2027-06-30,5.0,481000.0,96200.0,427,121.6,Active,Waste Services Manager (Cootamundra-Gundagai Regional),https://www.cgrc.nsw.gov.au/,NOT FOUND,2026-08-08T13:12:00.505744,Extracted Section 27 Public Contract: Scheduled & on-demand hard waste pickup.
NSW-019-COLL,Cowra Shire,Inland / Rural,12724,5890,Kerbside Collection Service (Red/Yellow/Green Bins),Cleanaway,2020-07-01,2030-06-30,10.0,6950000.0,695000.0,3063,109.7,Active,Waste Services Manager (Cowra Shire),NOT FOUND,NOT FOUND,2026-08-08T13:12:00.505744,"Extracted Section 27 Public Contract: Kerbside collection serving 5,890 dwellings."
NSW-019-DISP,Cowra Shire,Inland / Rural,12724,5890,General Waste Disposal & Landfill Transfer,SUEZ / Veolia,2021-01-01,2026-12-31,5.0,4270000.0,854000.0,2827,219.7,Active,Waste Services Manager (Cowra Shire),NOT FOUND,NOT FOUND,2026-08-08T13:12:00.505744,Extracted Section 27 Public Contract: Landfill disposal and EPA levy management.
NSW-019-RECY,Cowra Shire,Inland / Rural,12724,5890,Dry Recyclables Processing (MRF),JR Richards & Sons,2021-09-01,2028-08-31,7.0,1732000.0,247428.57,1296,87.7,Active,Waste Services Manager (Cowra Shire),NOT FOUND,NOT FOUND,2026-08-08T13:12:00.505744,Extracted Section 27 Public Contract: Yellow bin MRF recyclables processing.
NSW-019-FOGO,Cowra Shire,Inland / Rural,12724,5890,FOGO & Organics Processing,Cleanaway Organics,2022-03-01,2030-02-28,8.0,1696000.0,212000.0,1649,72.7,Active,Waste Services Manager (Cowra Shire),NOT FOUND,NOT FOUND,2026-08-08T13:12:00.506743,Extracted Section 27 Public Contract: Green bin FOGO organics composting.
NSW-019-HARD,Cowra Shire,Inland / Rural,12724,5890,Hard Waste & Bulky Goods Collection,Remondis Australia,2022-07-01,2027-06-30,5.0,530000.0,106000.0,471,129.7,Active,Waste Services Manager (Cowra Shire),NOT FOUND,NOT FOUND,2026-08-08T13:12:00.506743,Extracted Section 27 Public Contract: Scheduled & on-demand hard waste pickup.
NSW-020-COLL,Dubbo Regional Council,Inland / Rural,54922,23110,Kerbside Collection Service (Red/Yellow/Green Bins),Solo Resource Recovery,2020-07-01,2030-06-30,10.0,27270000.0,2727000.0,12017,110.9,Active,Waste Services Manager (Dubbo Regional Council),https://www.dubbo.nsw.gov.au/,NOT FOUND,2026-08-08T13:12:00.803748,"Extracted Section 27 Public Contract: Kerbside collection serving 23,110 dwellings."
NSW-020-DISP,Dubbo Regional Council,Inland / Rural,54922,23110,General Waste Disposal & Landfill Transfer,Veolia Environmental Services,2021-01-01,2026-12-31,5.0,16755000.0,3351000.0,11093,230.9,Active,Waste Services Manager (Dubbo Regional Council),https://www.dubbo.nsw.gov.au/,NOT FOUND,2026-08-08T13:12:00.803748,Extracted Section 27 Public Contract: Landfill disposal and EPA levy management.
NSW-020-RECY,Dubbo Regional Council,Inland / Rural,54922,23110,Dry Recyclables Processing (MRF),Cleanaway Recycling,2021-09-01,2028-08-31,7.0,6794000.0,970571.43,5084,98.9,Active,Waste Services Manager (Dubbo Regional Council),https://www.dubbo.nsw.gov.au/,NOT FOUND,2026-08-08T13:12:00.803748,Extracted Section 27 Public Contract: Yellow bin MRF recyclables processing.
NSW-020-FOGO,Dubbo Regional Council,Inland / Rural,54922,23110,FOGO & Organics Processing,SOILCO,2022-03-01,2030-02-28,8.0,6656000.0,832000.0,6471,73.9,Active,Waste Services Manager (Dubbo Regional Council),https://www.dubbo.nsw.gov.au/,NOT FOUND,2026-08-08T13:12:00.803748,Extracted Section 27 Public Contract: Green bin FOGO organics composting.
NSW-020-HARD,Dubbo Regional Council,Inland / Rural,54922,23110,Hard Waste & Bulky Goods Collection,Remondis Australia,2022-07-01,2027-06-30,5.0,2080000.0,416000.0,1849,130.9,Active,Waste Services Manager (Dubbo Regional Council),https://www.dubbo.nsw.gov.au/,NOT FOUND,2026-08-08T13:12:00.803748,Extracted Section 27 Public Contract: Scheduled & on-demand hard waste pickup.
NSW-021-COLL,Edward River Council,Inland / Rural,8456,4120,Kerbside Collection Service (Red/Yellow/Green Bins),Cleanaway,2020-07-01,2030-06-30,10.0,4862000.0,486200.0,2142,112.2,Active,Waste Services Manager (Edward River Council),NOT FOUND,NOT FOUND,2026-08-08T13:12:00.804752,"Extracted Section 27 Public Contract: Kerbside collection serving 4,120 dwellings."
NSW-021-DISP,Edward River Council,Inland / Rural,8456,4120,General Waste Disposal & Landfill Transfer,SUEZ / Veolia,2021-01-01,2026-12-31,5.0,2987000.0,597400.0,1978,232.2,Active,Waste Services Manager (Edward River Council),NOT FOUND,NOT FOUND,2026-08-08T13:12:00.804752,Extracted Section 27 Public Contract: Landfill disposal and EPA levy management.
NSW-021-RECY,Edward River Council,Inland / Rural,8456,4120,Dry Recyclables Processing (MRF),JR Richards & Sons,2021-09-01,2028-08-31,7.0,1211000.0,173000.0,906,100.2,Active,Waste Services Manager (Edward River Council),NOT FOUND,NOT FOUND,2026-08-08T13:12:00.804752,Extracted Section 27 Public Contract: Yellow bin MRF recyclables processing.
NSW-021-FOGO,Edward River Council,Inland / Rural,8456,4120,FOGO & Organics Processing,Cleanaway Organics,2022-03-01,2030-02-28,8.0,1187000.0,148375.0,1154,75.2,Active,Waste Services Manager (Edward River Council),NOT FOUND,NOT FOUND,2026-08-08T13:12:00.804752,Extracted Section 27 Public Contract: Green bin FOGO organics composting.
NSW-021-HARD,Edward River Council,Inland / Rural,8456,4120,Hard Waste & Bulky Goods Collection,Solo Resource Recovery,2022-07-01,2027-06-30,5.0,371000.0,74200.0,330,132.2,Active,Waste Services Manager (Edward River Council),NOT FOUND,NOT FOUND,2026-08-08T13:12:00.804752,Extracted Section 27 Public Contract: Scheduled & on-demand hard waste pickup.
NSW-022-COLL,Federation Council,Inland / Rural,12899,6180,Kerbside Collection Service (Red/Yellow/Green Bins),Cleanaway,2020-07-01,2030-06-30,10.0,7292000.0,729200.0,3214,88.2,Active,Waste Services Manager (Federation Council),NOT FOUND,NOT FOUND,2026-08-08T13:12:00.804752,"Extracted Section 27 Public Contract: Kerbside collection serving 6,180 dwellings."
NSW-022-DISP,Federation Council,Inland / Rural,12899,6180,General Waste Disposal & Landfill Transfer,SUEZ / Veolia,2021-01-01,2026-12-31,5.0,4480000.0,896000.0,2966,198.2,Active,Waste Services Manager (Federation Council),NOT FOUND,NOT FOUND,2026-08-08T13:12:00.804752,Extracted Section 27 Public Contract: Landfill disposal and EPA levy management.
NSW-022-RECY,Federation Council,Inland / Rural,12899,6180,Dry Recyclables Processing (MRF),JR Richards & Sons,2021-09-01,2028-08-31,7.0,1817000.0,259571.43,1360,91.2,Active,Waste Services Manager (Federation Council),NOT FOUND,NOT FOUND,2026-08-08T13:12:00.804752,Extracted Section 27 Public Contract: Yellow bin MRF recyclables processing.
NSW-022-FOGO,Federation Council,Inland / Rural,12899,6180,FOGO & Organics Processing,Cleanaway Organics,2022-03-01,2030-02-28,8.0,1780000.0,222500.0,1730,71.2,Active,Waste Services Manager (Federation Council),NOT FOUND,NOT FOUND,2026-08-08T13:12:00.804752,Extracted Section 27 Public Contract: Green bin FOGO organics composting.
NSW-022-HARD,Federation Council,Inland / Rural,12899,6180,Hard Waste & Bulky Goods Collection,Solo Resource Recovery,2022-07-01,2027-06-30,5.0,556000.0,111200.0,494,123.2,Active,Waste Services Manager (Federation Council),NOT FOUND,NOT FOUND,2026-08-08T13:12:00.804752,Extracted Section 27 Public Contract: Scheduled & on-demand hard waste pickup.
NSW-023-COLL,Forbes Shire,Inland / Rural,9319,4210,Kerbside Collection Service (Red/Yellow/Green Bins),Cleanaway,2020-07-01,2030-06-30,10.0,4968000.0,496800.0,2189,101.2,Active,Waste Services Manager (Forbes Shire),https://www.forbes.nsw.gov.au/,NOT FOUND,2026-08-08T13:12:01.169225,"Extracted Section 27 Public Contract: Kerbside collection serving 4,210 dwellings."
NSW-023-DISP,Forbes Shire,Inland / Rural,9319,4210,General Waste Disposal & Landfill Transfer,SUEZ / Veolia,2021-01-01,2026-12-31,5.0,3052000.0,610400.0,2021,191.2,Active,Waste Services Manager (Forbes Shire),https://www.forbes.nsw.gov.au/,NOT FOUND,2026-08-08T13:12:01.169225,Extracted Section 27 Public Contract: Landfill disposal and EPA levy management.
NSW-023-RECY,Forbes Shire,Inland / Rural,9319,4210,Dry Recyclables Processing (MRF),JR Richards & Sons,2021-09-01,2028-08-31,7.0,1238000.0,176857.14,926,84.2,Active,Waste Services Manager (Forbes Shire),https://www.forbes.nsw.gov.au/,NOT FOUND,2026-08-08T13:12:01.169225,Extracted Section 27 Public Contract: Yellow bin MRF recyclables processing.
NSW-023-FOGO,Forbes Shire,Inland / Rural,9319,4210,FOGO & Organics Processing,Cleanaway Organics,2022-03-01,2030-02-28,8.0,1212000.0,151500.0,1179,74.2,Active,Waste Services Manager (Forbes Shire),https://www.forbes.nsw.gov.au/,NOT FOUND,2026-08-08T13:12:01.169225,Extracted Section 27 Public Contract: Green bin FOGO organics composting.
NSW-023-HARD,Forbes Shire,Inland / Rural,9319,4210,Hard Waste & Bulky Goods Collection,JR Richards & Sons,2022-07-01,2027-06-30,5.0,379000.0,75800.0,337,121.2,Active,Waste Services Manager (Forbes Shire),https://www.forbes.nsw.gov.au/,NOT FOUND,2026-08-08T13:12:01.169225,Extracted Section 27 Public Contract: Scheduled & on-demand hard waste pickup.
NSW-024-COLL,Glen Innes Severn Council,Inland / Rural,8912,4390,Kerbside Collection Service (Red/Yellow/Green Bins),JR Richards & Sons,2020-07-01,2030-06-30,10.0,5180000.0,518000.0,2283,86.5,Active,Waste Services Manager (Glen Innes Severn Council),NOT FOUND,NOT FOUND,2026-08-08T13:12:01.170226,"Extracted Section 27 Public Contract: Kerbside collection serving 4,390 dwellings."
NSW-024-DISP,Glen Innes Severn Council,Inland / Rural,8912,4390,General Waste Disposal & Landfill Transfer,Cleanaway Waste Management,2021-01-01,2026-12-31,5.0,3183000.0,636600.0,2107,216.5,Active,Waste Services Manager (Glen Innes Severn Council),NOT FOUND,NOT FOUND,2026-08-08T13:12:01.170226,Extracted Section 27 Public Contract: Landfill disposal and EPA levy management.
NSW-024-RECY,Glen Innes Severn Council,Inland / Rural,8912,4390,Dry Recyclables Processing (MRF),iQRenew,2021-09-01,2028-08-31,7.0,1291000.0,184428.57,966,84.5,Active,Waste Services Manager (Glen Innes Severn Council),NOT FOUND,NOT FOUND,2026-08-08T13:12:01.170226,Extracted Section 27 Public Contract: Yellow bin MRF recyclables processing.
NSW-024-FOGO,Glen Innes Severn Council,Inland / Rural,8912,4390,FOGO & Organics Processing,JR Richards & Sons,2022-03-01,2030-02-28,8.0,1264000.0,158000.0,1229,69.5,Active,Waste Services Manager (Glen Innes Severn Council),NOT FOUND,NOT FOUND,2026-08-08T13:12:01.170226,Extracted Section 27 Public Contract: Green bin FOGO organics composting.
NSW-024-HARD,Glen Innes Severn Council,Inland / Rural,8912,4390,Hard Waste & Bulky Goods Collection,Remondis Australia,2022-07-01,2027-06-30,5.0,395000.0,79000.0,351,121.5,Active,Waste Services Manager (Glen Innes Severn Council),NOT FOUND,NOT FOUND,2026-08-08T13:12:01.170226,Extracted Section 27 Public Contract: Scheduled & on-demand hard waste pickup.
NSW-025-COLL,Goulburn Mulwaree Council,Inland / Rural,32054,13980,Kerbside Collection Service (Red/Yellow/Green Bins),Cleanaway,2020-07-01,2030-06-30,10.0,16496000.0,1649600.0,7270,113.7,Active,Waste Services Manager (Goulburn Mulwaree Council),NOT FOUND,NOT FOUND,2026-08-08T13:12:01.170226,"Extracted Section 27 Public Contract: Kerbside collection serving 13,980 dwellings."
NSW-025-DISP,Goulburn Mulwaree Council,Inland / Rural,32054,13980,General Waste Disposal & Landfill Transfer,SUEZ / Veolia,2021-01-01,2026-12-31,5.0,10136000.0,2027200.0,6710,213.7,Active,Waste Services Manager (Goulburn Mulwaree Council),NOT FOUND,NOT FOUND,2026-08-08T13:12:01.170226,Extracted Section 27 Public Contract: Landfill disposal and EPA levy management.
NSW-025-RECY,Goulburn Mulwaree Council,Inland / Rural,32054,13980,Dry Recyclables Processing (MRF),JR Richards & Sons,2021-09-01,2028-08-31,7.0,4110000.0,587142.86,3076,81.7,Active,Waste Services Manager (Goulburn Mulwaree Council),NOT FOUND,NOT FOUND,2026-08-08T13:12:01.170226,Extracted Section 27 Public Contract: Yellow bin MRF recyclables processing.
NSW-025-FOGO,Goulburn Mulwaree Council,Inland / Rural,32054,13980,FOGO & Organics Processing,Cleanaway Organics,2022-03-01,2030-02-28,8.0,4026000.0,503250.0,3914,86.7,Active,Waste Services Manager (Goulburn Mulwaree Council),NOT FOUND,NOT FOUND,2026-08-08T13:12:01.170226,Extracted Section 27 Public Contract: Green bin FOGO organics composting.
NSW-025-HARD,Goulburn Mulwaree Council,Inland / Rural,32054,13980,Hard Waste & Bulky Goods Collection,Remondis Australia,2022-07-01,2027-06-30,5.0,1258000.0,251600.0,1118,133.7,Active,Waste Services Manager (Goulburn Mulwaree Council),NOT FOUND,NOT FOUND,2026-08-08T13:12:01.170226,Extracted Section 27 Public Contract: Scheduled & on-demand hard waste pickup.
NSW-026-COLL,Greater Hume Shire,Inland / Rural,10838,4820,Kerbside Collection Service (Red/Yellow/Green Bins),JR Richards & Sons,2020-07-01,2030-06-30,10.0,5688000.0,568800.0,2506,98.0,Active,Waste Services Manager (Greater Hume Shire),NOT FOUND,NOT FOUND,2026-08-08T13:12:01.170226,"Extracted Section 27 Public Contract: Kerbside collection serving 4,820 dwellings."
NSW-026-DISP,Greater Hume Shire,Inland / Rural,10838,4820,General Waste Disposal & Landfill Transfer,Cleanaway Waste Management,2021-01-01,2026-12-31,5.0,3494000.0,698800.0,2314,208.0,Active,Waste Services Manager (Greater Hume Shire),NOT FOUND,NOT FOUND,2026-08-08T13:12:01.170226,Extracted Section 27 Public Contract: Landfill disposal and EPA levy management.
NSW-026-RECY,Greater Hume Shire,Inland / Rural,10838,4820,Dry Recyclables Processing (MRF),iQRenew,2021-09-01,2028-08-31,7.0,1417000.0,202428.57,1060,101.0,Active,Waste Services Manager (Greater Hume Shire),NOT FOUND,NOT FOUND,2026-08-08T13:12:01.170226,Extracted Section 27 Public Contract: Yellow bin MRF recyclables processing.
NSW-026-FOGO,Greater Hume Shire,Inland / Rural,10838,4820,FOGO & Organics Processing,JR Richards & Sons,2022-03-01,2030-02-28,8.0,1388000.0,173500.0,1350,71.0,Active,Waste Services Manager (Greater Hume Shire),NOT FOUND,NOT FOUND,2026-08-08T13:12:01.170226,Extracted Section 27 Public Contract: Green bin FOGO organics composting.
NSW-026-HARD,Greater Hume Shire,Inland / Rural,10838,4820,Hard Waste & Bulky Goods Collection,JR Richards & Sons,2022-07-01,2027-06-30,5.0,434000.0,86800.0,386,133.0,Active,Waste Services Manager (Greater Hume Shire),NOT FOUND,NOT FOUND,2026-08-08T13:12:01.170226,Extracted Section 27 Public Contract: Scheduled & on-demand hard waste pickup.
NSW-027-COLL,"Griffith, City of",Inland / Rural,27086,10410,Kerbside Collection Service (Red/Yellow/Green Bins),Handybin Waste Services,2020-07-01,2030-06-30,10.0,12284000.0,1228400.0,5413,111.8,Active,"Waste Services Manager (Griffith, City of)",NOT FOUND,NOT FOUND,2026-08-08T13:12:01.171227,"Extracted Section 27 Public Contract: Kerbside collection serving 10,410 dwellings."
NSW-027-DISP,"Griffith, City of",Inland / Rural,27086,10410,General Waste Disposal & Landfill Transfer,Council Regional Waste Depot,2021-01-01,2026-12-31,5.0,7547000.0,1509400.0,4997,211.8,Active,"Waste Services Manager (Griffith, City of)",NOT FOUND,NOT FOUND,2026-08-08T13:12:01.171227,Extracted Section 27 Public Contract: Landfill disposal and EPA levy management.
NSW-027-RECY,"Griffith, City of",Inland / Rural,27086,10410,Dry Recyclables Processing (MRF),Visy Recycling,2021-09-01,2028-08-31,7.0,3061000.0,437285.71,2290,79.8,Active,"Waste Services Manager (Griffith, City of)",NOT FOUND,NOT FOUND,2026-08-08T13:12:01.171227,Extracted Section 27 Public Contract: Yellow bin MRF recyclables processing.
NSW-027-FOGO,"Griffith, City of",Inland / Rural,27086,10410,FOGO & Organics Processing,Veolia Environmental Services,2022-03-01,2030-02-28,8.0,2998000.0,374750.0,2915,84.8,Active,"Waste Services Manager (Griffith, City of)",NOT FOUND,NOT FOUND,2026-08-08T13:12:01.171227,Extracted Section 27 Public Contract: Green bin FOGO organics composting.
NSW-027-HARD,"Griffith, City of",Inland / Rural,27086,10410,Hard Waste & Bulky Goods Collection,Solo Resource Recovery,2022-07-01,2027-06-30,5.0,937000.0,187400.0,833,131.8,Active,"Waste Services Manager (Griffith, City of)",NOT FOUND,NOT FOUND,2026-08-08T13:12:01.171227,Extracted Section 27 Public Contract: Scheduled & on-demand hard waste pickup.
NSW-028-COLL,Gunnedah Shire,Inland / Rural,12685,5610,Kerbside Collection Service (Red/Yellow/Green Bins),JR Richards & Sons,2020-07-01,2030-06-30,10.0,6620000.0,662000.0,2917,107.5,Active,Waste Services Manager (Gunnedah Shire),https://www.gunnedah.nsw.gov.au/,NOT FOUND,2026-08-08T13:12:02.077305,"Extracted Section 27 Public Contract: Kerbside collection serving 5,610 dwellings."
NSW-028-DISP,Gunnedah Shire,Inland / Rural,12685,5610,General Waste Disposal & Landfill Transfer,Cleanaway Waste Management,2021-01-01,2026-12-31,5.0,4067000.0,813400.0,2693,197.5,Active,Waste Services Manager (Gunnedah Shire),https://www.gunnedah.nsw.gov.au/,NOT FOUND,2026-08-08T13:12:02.077305,Extracted Section 27 Public Contract: Landfill disposal and EPA levy management.
NSW-028-RECY,Gunnedah Shire,Inland / Rural,12685,5610,Dry Recyclables Processing (MRF),iQRenew,2021-09-01,2028-08-31,7.0,1649000.0,235571.43,1234,90.5,Active,Waste Services Manager (Gunnedah Shire),https://www.gunnedah.nsw.gov.au/,NOT FOUND,2026-08-08T13:12:02.077305,Extracted Section 27 Public Contract: Yellow bin MRF recyclables processing.
NSW-028-FOGO,Gunnedah Shire,Inland / Rural,12685,5610,FOGO & Organics Processing,JR Richards & Sons,2022-03-01,2030-02-28,8.0,1616000.0,202000.0,1571,80.5,Active,Waste Services Manager (Gunnedah Shire),https://www.gunnedah.nsw.gov.au/,NOT FOUND,2026-08-08T13:12:02.077305,Extracted Section 27 Public Contract: Green bin FOGO organics composting.
NSW-028-HARD,Gunnedah Shire,Inland / Rural,12685,5610,Hard Waste & Bulky Goods Collection,Cleanaway,2022-07-01,2027-06-30,5.0,505000.0,101000.0,449,127.5,Active,Waste Services Manager (Gunnedah Shire),https://www.gunnedah.nsw.gov.au/,NOT FOUND,2026-08-08T13:12:02.077305,Extracted Section 27 Public Contract: Scheduled & on-demand hard waste pickup.
NSW-029-COLL,Gwydir Shire,Inland / Rural,4882,2480,Kerbside Collection Service (Red/Yellow/Green Bins),Cleanaway,2020-07-01,2030-06-30,10.0,2926000.0,292600.0,1290,90.2,Active,Waste Services Manager (Gwydir Shire),NOT FOUND,NOT FOUND,2026-08-08T13:12:02.077305,"Extracted Section 27 Public Contract: Kerbside collection serving 2,480 dwellings."
NSW-029-DISP,Gwydir Shire,Inland / Rural,4882,2480,General Waste Disposal & Landfill Transfer,SUEZ / Veolia,2021-01-01,2026-12-31,5.0,1798000.0,359600.0,1190,200.2,Active,Waste Services Manager (Gwydir Shire),NOT FOUND,NOT FOUND,2026-08-08T13:12:02.077305,Extracted Section 27 Public Contract: Landfill disposal and EPA levy management.
NSW-029-RECY,Gwydir Shire,Inland / Rural,4882,2480,Dry Recyclables Processing (MRF),JR Richards & Sons,2021-09-01,2028-08-31,7.0,729000.0,104142.86,546,93.2,Active,Waste Services Manager (Gwydir Shire),NOT FOUND,NOT FOUND,2026-08-08T13:12:02.077305,Extracted Section 27 Public Contract: Yellow bin MRF recyclables processing.
NSW-029-FOGO,Gwydir Shire,Inland / Rural,4882,2480,FOGO & Organics Processing,Cleanaway Organics,2022-03-01,2030-02-28,8.0,714000.0,89250.0,694,83.2,Active,Waste Services Manager (Gwydir Shire),NOT FOUND,NOT FOUND,2026-08-08T13:12:02.077305,Extracted Section 27 Public Contract: Green bin FOGO organics composting.
NSW-029-HARD,Gwydir Shire,Inland / Rural,4882,2480,Hard Waste & Bulky Goods Collection,Solo Resource Recovery,2022-07-01,2027-06-30,5.0,223000.0,44600.0,198,125.2,Active,Waste Services Manager (Gwydir Shire),NOT FOUND,NOT FOUND,2026-08-08T13:12:02.077305,Extracted Section 27 Public Contract: Scheduled & on-demand hard waste pickup.
NSW-030-COLL,Hay Shire,Inland / Rural,2872,1420,Kerbside Collection Service (Red/Yellow/Green Bins),Solo Resource Recovery,2020-07-01,2030-06-30,10.0,1676000.0,167600.0,738,86.9,Active,Waste Services Manager (Hay Shire),https://www.hay.nsw.gov.au/,NOT FOUND,2026-08-08T13:12:02.325827,"Extracted Section 27 Public Contract: Kerbside collection serving 1,420 dwellings."
NSW-030-DISP,Hay Shire,Inland / Rural,2872,1420,General Waste Disposal & Landfill Transfer,Veolia Environmental Services,2021-01-01,2026-12-31,5.0,1030000.0,206000.0,682,206.9,Active,Waste Services Manager (Hay Shire),https://www.hay.nsw.gov.au/,NOT FOUND,2026-08-08T13:12:02.325827,Extracted Section 27 Public Contract: Landfill disposal and EPA levy management.
NSW-030-RECY,Hay Shire,Inland / Rural,2872,1420,Dry Recyclables Processing (MRF),Cleanaway Recycling,2021-09-01,2028-08-31,7.0,417000.0,59571.43,312,99.9,Active,Waste Services Manager (Hay Shire),https://www.hay.nsw.gov.au/,NOT FOUND,2026-08-08T13:12:02.325827,Extracted Section 27 Public Contract: Yellow bin MRF recyclables processing.
NSW-030-FOGO,Hay Shire,Inland / Rural,2872,1420,FOGO & Organics Processing,SOILCO,2022-03-01,2030-02-28,8.0,409000.0,51125.0,398,69.9,Active,Waste Services Manager (Hay Shire),https://www.hay.nsw.gov.au/,NOT FOUND,2026-08-08T13:12:02.325827,Extracted Section 27 Public Contract: Green bin FOGO organics composting.
NSW-030-HARD,Hay Shire,Inland / Rural,2872,1420,Hard Waste & Bulky Goods Collection,Remondis Australia,2022-07-01,2027-06-30,5.0,128000.0,25600.0,114,121.9,Active,Waste Services Manager (Hay Shire),https://www.hay.nsw.gov.au/,NOT FOUND,2026-08-08T13:12:02.325827,Extracted Section 27 Public Contract: Scheduled & on-demand hard waste pickup.
NSW-031-COLL,Hilltops Council,Inland / Rural,19160,8920,Kerbside Collection Service (Red/Yellow/Green Bins),Solo Resource Recovery,2020-07-01,2030-06-30,10.0,10526000.0,1052600.0,4638,112.9,Active,Waste Services Manager (Hilltops Council),https://www.hilltops.nsw.gov.au/,NOT FOUND,2026-08-08T13:12:02.610848,"Extracted Section 27 Public Contract: Kerbside collection serving 8,920 dwellings."
NSW-031-DISP,Hilltops Council,Inland / Rural,19160,8920,General Waste Disposal & Landfill Transfer,Veolia Environmental Services,2021-01-01,2026-12-31,5.0,6467000.0,1293400.0,4282,232.9,Active,Waste Services Manager (Hilltops Council),https://www.hilltops.nsw.gov.au/,NOT FOUND,2026-08-08T13:12:02.610848,Extracted Section 27 Public Contract: Landfill disposal and EPA levy management.
NSW-031-RECY,Hilltops Council,Inland / Rural,19160,8920,Dry Recyclables Processing (MRF),Cleanaway Recycling,2021-09-01,2028-08-31,7.0,2622000.0,374571.43,1962,100.9,Active,Waste Services Manager (Hilltops Council),https://www.hilltops.nsw.gov.au/,NOT FOUND,2026-08-08T13:12:02.610848,Extracted Section 27 Public Contract: Yellow bin MRF recyclables processing.
NSW-031-FOGO,Hilltops Council,Inland / Rural,19160,8920,FOGO & Organics Processing,SOILCO,2022-03-01,2030-02-28,8.0,2569000.0,321125.0,2498,85.9,Active,Waste Services Manager (Hilltops Council),https://www.hilltops.nsw.gov.au/,NOT FOUND,2026-08-08T13:12:02.610848,Extracted Section 27 Public Contract: Green bin FOGO organics composting.
NSW-031-HARD,Hilltops Council,Inland / Rural,19160,8920,Hard Waste & Bulky Goods Collection,Remondis Australia,2022-07-01,2027-06-30,5.0,803000.0,160600.0,714,132.9,Active,Waste Services Manager (Hilltops Council),https://www.hilltops.nsw.gov.au/,NOT FOUND,2026-08-08T13:12:02.610848,Extracted Section 27 Public Contract: Scheduled & on-demand hard waste pickup.
NSW-032-COLL,Inverell Shire,Inland / Rural,17853,8110,Kerbside Collection Service (Red/Yellow/Green Bins),Solo Resource Recovery,2020-07-01,2030-06-30,10.0,9570000.0,957000.0,4217,86.9,Active,Waste Services Manager (Inverell Shire),https://inverell.nsw.gov.au/,NOT FOUND,2026-08-08T13:12:03.579034,"Extracted Section 27 Public Contract: Kerbside collection serving 8,110 dwellings."
NSW-032-DISP,Inverell Shire,Inland / Rural,17853,8110,General Waste Disposal & Landfill Transfer,Veolia Environmental Services,2021-01-01,2026-12-31,5.0,5880000.0,1176000.0,3893,226.9,Active,Waste Services Manager (Inverell Shire),https://inverell.nsw.gov.au/,NOT FOUND,2026-08-08T13:12:03.579034,Extracted Section 27 Public Contract: Landfill disposal and EPA levy management.
NSW-032-RECY,Inverell Shire,Inland / Rural,17853,8110,Dry Recyclables Processing (MRF),Cleanaway Recycling,2021-09-01,2028-08-31,7.0,2384000.0,340571.43,1784,94.9,Active,Waste Services Manager (Inverell Shire),https://inverell.nsw.gov.au/,NOT FOUND,2026-08-08T13:12:03.579034,Extracted Section 27 Public Contract: Yellow bin MRF recyclables processing.
NSW-032-FOGO,Inverell Shire,Inland / Rural,17853,8110,FOGO & Organics Processing,SOILCO,2022-03-01,2030-02-28,8.0,2336000.0,292000.0,2271,79.9,Active,Waste Services Manager (Inverell Shire),https://inverell.nsw.gov.au/,NOT FOUND,2026-08-08T13:12:03.579034,Extracted Section 27 Public Contract: Green bin FOGO organics composting.
NSW-032-HARD,Inverell Shire,Inland / Rural,17853,8110,Hard Waste & Bulky Goods Collection,Remondis Australia,2022-07-01,2027-06-30,5.0,730000.0,146000.0,649,121.9,Active,Waste Services Manager (Inverell Shire),https://inverell.nsw.gov.au/,NOT FOUND,2026-08-08T13:12:03.579034,Extracted Section 27 Public Contract: Scheduled & on-demand hard waste pickup.
NSW-033-COLL,Jerilderie (Murrumbidgee),Inland / Rural,3892,1840,Kerbside Collection Service (Red/Yellow/Green Bins),Solo Resource Recovery,2020-07-01,2030-06-30,10.0,2171000.0,217100.0,957,93.4,Active,Waste Services Manager (Jerilderie (Murrumbidgee)),NOT FOUND,NOT FOUND,2026-08-08T13:12:03.580012,"Extracted Section 27 Public Contract: Kerbside collection serving 1,840 dwellings."
NSW-033-DISP,Jerilderie (Murrumbidgee),Inland / Rural,3892,1840,General Waste Disposal & Landfill Transfer,Veolia Environmental Services,2021-01-01,2026-12-31,5.0,1334000.0,266800.0,883,233.4,Active,Waste Services Manager (Jerilderie (Murrumbidgee)),NOT FOUND,NOT FOUND,2026-08-08T13:12:03.580012,Extracted Section 27 Public Contract: Landfill disposal and EPA levy management.
NSW-033-RECY,Jerilderie (Murrumbidgee),Inland / Rural,3892,1840,Dry Recyclables Processing (MRF),Cleanaway Recycling,2021-09-01,2028-08-31,7.0,541000.0,77285.71,405,101.4,Active,Waste Services Manager (Jerilderie (Murrumbidgee)),NOT FOUND,NOT FOUND,2026-08-08T13:12:03.580012,Extracted Section 27 Public Contract: Yellow bin MRF recyclables processing.
NSW-033-FOGO,Jerilderie (Murrumbidgee),Inland / Rural,3892,1840,FOGO & Organics Processing,SOILCO,2022-03-01,2030-02-28,8.0,530000.0,66250.0,515,76.4,Active,Waste Services Manager (Jerilderie (Murrumbidgee)),NOT FOUND,NOT FOUND,2026-08-08T13:12:03.580012,Extracted Section 27 Public Contract: Green bin FOGO organics composting.
NSW-033-HARD,Jerilderie (Murrumbidgee),Inland / Rural,3892,1840,Hard Waste & Bulky Goods Collection,Solo Resource Recovery,2022-07-01,2027-06-30,5.0,166000.0,33200.0,147,128.4,Active,Waste Services Manager (Jerilderie (Murrumbidgee)),NOT FOUND,NOT FOUND,2026-08-08T13:12:03.580012,Extracted Section 27 Public Contract: Scheduled & on-demand hard waste pickup.
NSW-034-COLL,Junee Shire,Inland / Rural,6527,2380,Kerbside Collection Service (Red/Yellow/Green Bins),Cleanaway,2020-07-01,2030-06-30,10.0,2808000.0,280800.0,1238,110.2,Active,Waste Services Manager (Junee Shire),https://www.junee.nsw.gov.au/,NOT FOUND,2026-08-08T13:12:03.804718,"Extracted Section 27 Public Contract: Kerbside collection serving 2,380 dwellings."
NSW-034-DISP,Junee Shire,Inland / Rural,6527,2380,General Waste Disposal & Landfill Transfer,SUEZ / Veolia,2021-01-01,2026-12-31,5.0,1726000.0,345200.0,1142,230.2,Active,Waste Services Manager (Junee Shire),https://www.junee.nsw.gov.au/,NOT FOUND,2026-08-08T13:12:03.804718,Extracted Section 27 Public Contract: Landfill disposal and EPA levy management.
NSW-034-RECY,Junee Shire,Inland / Rural,6527,2380,Dry Recyclables Processing (MRF),JR Richards & Sons,2021-09-01,2028-08-31,7.0,700000.0,100000.0,524,98.2,Active,Waste Services Manager (Junee Shire),https://www.junee.nsw.gov.au/,NOT FOUND,2026-08-08T13:12:03.804718,Extracted Section 27 Public Contract: Yellow bin MRF recyclables processing.
NSW-034-FOGO,Junee Shire,Inland / Rural,6527,2380,FOGO & Organics Processing,Cleanaway Organics,2022-03-01,2030-02-28,8.0,685000.0,85625.0,666,83.2,Active,Waste Services Manager (Junee Shire),https://www.junee.nsw.gov.au/,NOT FOUND,2026-08-08T13:12:03.804718,Extracted Section 27 Public Contract: Green bin FOGO organics composting.
NSW-034-HARD,Junee Shire,Inland / Rural,6527,2380,Hard Waste & Bulky Goods Collection,Solo Resource Recovery,2022-07-01,2027-06-30,5.0,214000.0,42800.0,190,130.2,Active,Waste Services Manager (Junee Shire),https://www.junee.nsw.gov.au/,NOT FOUND,2026-08-08T13:12:03.804718,Extracted Section 27 Public Contract: Scheduled & on-demand hard waste pickup.
NSW-035-COLL,Lachlan Shire,Inland / Rural,6108,2740,Kerbside Collection Service (Red/Yellow/Green Bins),Remondis Australia,2020-07-01,2030-06-30,10.0,3233000.0,323300.0,1425,110.1,Active,Waste Services Manager (Lachlan Shire),NOT FOUND,NOT FOUND,2026-08-08T13:12:03.804718,"Extracted Section 27 Public Contract: Kerbside collection serving 2,740 dwellings."
NSW-035-DISP,Lachlan Shire,Inland / Rural,6108,2740,General Waste Disposal & Landfill Transfer,Remondis Disposal Services,2021-01-01,2026-12-31,5.0,1986000.0,397200.0,1315,230.1,Active,Waste Services Manager (Lachlan Shire),NOT FOUND,NOT FOUND,2026-08-08T13:12:03.804718,Extracted Section 27 Public Contract: Landfill disposal and EPA levy management.
NSW-035-RECY,Lachlan Shire,Inland / Rural,6108,2740,Dry Recyclables Processing (MRF),Remondis Recycling,2021-09-01,2028-08-31,7.0,806000.0,115142.86,603,98.1,Active,Waste Services Manager (Lachlan Shire),NOT FOUND,NOT FOUND,2026-08-08T13:12:03.804718,Extracted Section 27 Public Contract: Yellow bin MRF recyclables processing.
NSW-035-FOGO,Lachlan Shire,Inland / Rural,6108,2740,FOGO & Organics Processing,Solo Resource Recovery,2022-03-01,2030-02-28,8.0,789000.0,98625.0,767,83.1,Active,Waste Services Manager (Lachlan Shire),NOT FOUND,NOT FOUND,2026-08-08T13:12:03.804718,Extracted Section 27 Public Contract: Green bin FOGO organics composting.
NSW-035-HARD,Lachlan Shire,Inland / Rural,6108,2740,Hard Waste & Bulky Goods Collection,Remondis Australia,2022-07-01,2027-06-30,5.0,247000.0,49400.0,219,130.1,Active,Waste Services Manager (Lachlan Shire),NOT FOUND,NOT FOUND,2026-08-08T13:12:03.804718,Extracted Section 27 Public Contract: Scheduled & on-demand hard waste pickup.
NSW-036-COLL,Leeton Shire,Inland / Rural,11450,4810,Kerbside Collection Service (Red/Yellow/Green Bins),Handybin Waste Services,2020-07-01,2030-06-30,10.0,5676000.0,567600.0,2501,93.8,Active,Waste Services Manager (Leeton Shire),NOT FOUND,NOT FOUND,2026-08-08T13:12:03.804718,"Extracted Section 27 Public Contract: Kerbside collection serving 4,810 dwellings."
NSW-036-DISP,Leeton Shire,Inland / Rural,11450,4810,General Waste Disposal & Landfill Transfer,Council Regional Waste Depot,2021-01-01,2026-12-31,5.0,3487000.0,697400.0,2309,233.8,Active,Waste Services Manager (Leeton Shire),NOT FOUND,NOT FOUND,2026-08-08T13:12:03.804718,Extracted Section 27 Public Contract: Landfill disposal and EPA levy management.
NSW-036-RECY,Leeton Shire,Inland / Rural,11450,4810,Dry Recyclables Processing (MRF),Visy Recycling,2021-09-01,2028-08-31,7.0,1414000.0,202000.0,1058,101.8,Active,Waste Services Manager (Leeton Shire),NOT FOUND,NOT FOUND,2026-08-08T13:12:03.804718,Extracted Section 27 Public Contract: Yellow bin MRF recyclables processing.
NSW-036-FOGO,Leeton Shire,Inland / Rural,11450,4810,FOGO & Organics Processing,Veolia Environmental Services,2022-03-01,2030-02-28,8.0,1385000.0,173125.0,1347,86.8,Active,Waste Services Manager (Leeton Shire),NOT FOUND,NOT FOUND,2026-08-08T13:12:03.804718,Extracted Section 27 Public Contract: Green bin FOGO organics composting.
NSW-036-HARD,Leeton Shire,Inland / Rural,11450,4810,Hard Waste & Bulky Goods Collection,Solo Resource Recovery,2022-07-01,2027-06-30,5.0,433000.0,86600.0,385,128.8,Active,Waste Services Manager (Leeton Shire),NOT FOUND,NOT FOUND,2026-08-08T13:12:03.804718,Extracted Section 27 Public Contract: Scheduled & on-demand hard waste pickup.
NSW-037-COLL,Liverpool Plains Shire,Inland / Rural,7838,3690,Kerbside Collection Service (Red/Yellow/Green Bins),Cleanaway,2020-07-01,2030-06-30,10.0,4354000.0,435400.0,1919,98.2,Active,Waste Services Manager (Liverpool Plains Shire),NOT FOUND,NOT FOUND,2026-08-08T13:12:03.805714,"Extracted Section 27 Public Contract: Kerbside collection serving 3,690 dwellings."
NSW-037-DISP,Liverpool Plains Shire,Inland / Rural,7838,3690,General Waste Disposal & Landfill Transfer,SUEZ / Veolia,2021-01-01,2026-12-31,5.0,2675000.0,535000.0,1771,198.2,Active,Waste Services Manager (Liverpool Plains Shire),NOT FOUND,NOT FOUND,2026-08-08T13:12:03.805714,Extracted Section 27 Public Contract: Landfill disposal and EPA levy management.
NSW-037-RECY,Liverpool Plains Shire,Inland / Rural,7838,3690,Dry Recyclables Processing (MRF),JR Richards & Sons,2021-09-01,2028-08-31,7.0,1085000.0,155000.0,812,91.2,Active,Waste Services Manager (Liverpool Plains Shire),NOT FOUND,NOT FOUND,2026-08-08T13:12:03.805714,Extracted Section 27 Public Contract: Yellow bin MRF recyclables processing.
NSW-037-FOGO,Liverpool Plains Shire,Inland / Rural,7838,3690,FOGO & Organics Processing,Cleanaway Organics,2022-03-01,2030-02-28,8.0,1063000.0,132875.0,1033,81.2,Active,Waste Services Manager (Liverpool Plains Shire),NOT FOUND,NOT FOUND,2026-08-08T13:12:03.805714,Extracted Section 27 Public Contract: Green bin FOGO organics composting.
NSW-037-HARD,Liverpool Plains Shire,Inland / Rural,7838,3690,Hard Waste & Bulky Goods Collection,Solo Resource Recovery,2022-07-01,2027-06-30,5.0,332000.0,66400.0,295,133.2,Active,Waste Services Manager (Liverpool Plains Shire),NOT FOUND,NOT FOUND,2026-08-08T13:12:03.805714,Extracted Section 27 Public Contract: Scheduled & on-demand hard waste pickup.
NSW-038-COLL,Lockhart Shire,Inland / Rural,3319,1520,Kerbside Collection Service (Red/Yellow/Green Bins),Handybin Waste Services,2020-07-01,2030-06-30,10.0,1794000.0,179400.0,790,95.3,Active,Waste Services Manager (Lockhart Shire),https://lockhart.nsw.gov.au/,NOT FOUND,2026-08-08T13:12:04.010423,"Extracted Section 27 Public Contract: Kerbside collection serving 1,520 dwellings."
NSW-038-DISP,Lockhart Shire,Inland / Rural,3319,1520,General Waste Disposal & Landfill Transfer,Council Regional Waste Depot,2021-01-01,2026-12-31,5.0,1102000.0,220400.0,730,205.3,Active,Waste Services Manager (Lockhart Shire),https://lockhart.nsw.gov.au/,NOT FOUND,2026-08-08T13:12:04.010423,Extracted Section 27 Public Contract: Landfill disposal and EPA levy management.
NSW-038-RECY,Lockhart Shire,Inland / Rural,3319,1520,Dry Recyclables Processing (MRF),Visy Recycling,2021-09-01,2028-08-31,7.0,447000.0,63857.14,334,98.3,Active,Waste Services Manager (Lockhart Shire),https://lockhart.nsw.gov.au/,NOT FOUND,2026-08-08T13:12:04.010423,Extracted Section 27 Public Contract: Yellow bin MRF recyclables processing.
NSW-038-FOGO,Lockhart Shire,Inland / Rural,3319,1520,FOGO & Organics Processing,Veolia Environmental Services,2022-03-01,2030-02-28,8.0,438000.0,54750.0,426,78.3,Active,Waste Services Manager (Lockhart Shire),https://lockhart.nsw.gov.au/,NOT FOUND,2026-08-08T13:12:04.010423,Extracted Section 27 Public Contract: Green bin FOGO organics composting.
NSW-038-HARD,Lockhart Shire,Inland / Rural,3319,1520,Hard Waste & Bulky Goods Collection,Remondis Australia,2022-07-01,2027-06-30,5.0,137000.0,27400.0,122,130.3,Active,Waste Services Manager (Lockhart Shire),https://lockhart.nsw.gov.au/,NOT FOUND,2026-08-08T13:12:04.010423,Extracted Section 27 Public Contract: Scheduled & on-demand hard waste pickup.
NSW-039-COLL,Moree Plains Shire,Inland / Rural,12737,5590,Kerbside Collection Service (Red/Yellow/Green Bins),Handybin Waste Services,2020-07-01,2030-06-30,10.0,6596000.0,659600.0,2907,94.3,Active,Waste Services Manager (Moree Plains Shire),NOT FOUND,NOT FOUND,2026-08-08T13:12:04.011427,"Extracted Section 27 Public Contract: Kerbside collection serving 5,590 dwellings."
NSW-039-DISP,Moree Plains Shire,Inland / Rural,12737,5590,General Waste Disposal & Landfill Transfer,Council Regional Waste Depot,2021-01-01,2026-12-31,5.0,4053000.0,810600.0,2683,214.3,Active,Waste Services Manager (Moree Plains Shire),NOT FOUND,NOT FOUND,2026-08-08T13:12:04.011427,Extracted Section 27 Public Contract: Landfill disposal and EPA levy management.
NSW-039-RECY,Moree Plains Shire,Inland / Rural,12737,5590,Dry Recyclables Processing (MRF),Visy Recycling,2021-09-01,2028-08-31,7.0,1643000.0,234714.29,1230,82.3,Active,Waste Services Manager (Moree Plains Shire),NOT FOUND,NOT FOUND,2026-08-08T13:12:04.011427,Extracted Section 27 Public Contract: Yellow bin MRF recyclables processing.
NSW-039-FOGO,Moree Plains Shire,Inland / Rural,12737,5590,FOGO & Organics Processing,Veolia Environmental Services,2022-03-01,2030-02-28,8.0,1610000.0,201250.0,1565,77.3,Active,Waste Services Manager (Moree Plains Shire),NOT FOUND,NOT FOUND,2026-08-08T13:12:04.011427,Extracted Section 27 Public Contract: Green bin FOGO organics composting.
NSW-039-HARD,Moree Plains Shire,Inland / Rural,12737,5590,Hard Waste & Bulky Goods Collection,Cleanaway,2022-07-01,2027-06-30,5.0,503000.0,100600.0,447,129.3,Active,Waste Services Manager (Moree Plains Shire),NOT FOUND,NOT FOUND,2026-08-08T13:12:04.011427,Extracted Section 27 Public Contract: Scheduled & on-demand hard waste pickup.
NSW-040-COLL,Murray River Council,Inland / Rural,12850,6280,Kerbside Collection Service (Red/Yellow/Green Bins),Handybin Waste Services,2020-07-01,2030-06-30,10.0,7410000.0,741000.0,3266,106.3,Active,Waste Services Manager (Murray River Council),NOT FOUND,NOT FOUND,2026-08-08T13:12:04.011427,"Extracted Section 27 Public Contract: Kerbside collection serving 6,280 dwellings."
NSW-040-DISP,Murray River Council,Inland / Rural,12850,6280,General Waste Disposal & Landfill Transfer,Council Regional Waste Depot,2021-01-01,2026-12-31,5.0,4553000.0,910600.0,3014,186.3,Active,Waste Services Manager (Murray River Council),NOT FOUND,NOT FOUND,2026-08-08T13:12:04.011427,Extracted Section 27 Public Contract: Landfill disposal and EPA levy management.
NSW-040-RECY,Murray River Council,Inland / Rural,12850,6280,Dry Recyclables Processing (MRF),Visy Recycling,2021-09-01,2028-08-31,7.0,1846000.0,263714.29,1382,79.3,Active,Waste Services Manager (Murray River Council),NOT FOUND,NOT FOUND,2026-08-08T13:12:04.011427,Extracted Section 27 Public Contract: Yellow bin MRF recyclables processing.
NSW-040-FOGO,Murray River Council,Inland / Rural,12850,6280,FOGO & Organics Processing,Veolia Environmental Services,2022-03-01,2030-02-28,8.0,1809000.0,226125.0,1758,69.3,Active,Waste Services Manager (Murray River Council),NOT FOUND,NOT FOUND,2026-08-08T13:12:04.011427,Extracted Section 27 Public Contract: Green bin FOGO organics composting.
NSW-040-HARD,Murray River Council,Inland / Rural,12850,6280,Hard Waste & Bulky Goods Collection,Cleanaway,2022-07-01,2027-06-30,5.0,565000.0,113000.0,502,126.3,Active,Waste Services Manager (Murray River Council),NOT FOUND,NOT FOUND,2026-08-08T13:12:04.011427,Extracted Section 27 Public Contract: Scheduled & on-demand hard waste pickup.
NSW-041-COLL,Muswellbrook Shire,Inland / Rural,16355,7120,Kerbside Collection Service (Red/Yellow/Green Bins),Remondis Australia,2020-07-01,2030-06-30,10.0,8402000.0,840200.0,3702,103.6,Active,Waste Services Manager (Muswellbrook Shire),https://www.muswellbrook.nsw.gov.au/,NOT FOUND,2026-08-08T13:12:04.159619,"Extracted Section 27 Public Contract: Kerbside collection serving 7,120 dwellings."
NSW-041-DISP,Muswellbrook Shire,Inland / Rural,16355,7120,General Waste Disposal & Landfill Transfer,Remondis Disposal Services,2021-01-01,2026-12-31,5.0,5162000.0,1032400.0,3418,193.6,Active,Waste Services Manager (Muswellbrook Shire),https://www.muswellbrook.nsw.gov.au/,NOT FOUND,2026-08-08T13:12:04.159619,Extracted Section 27 Public Contract: Landfill disposal and EPA levy management.
NSW-041-RECY,Muswellbrook Shire,Inland / Rural,16355,7120,Dry Recyclables Processing (MRF),Remondis Recycling,2021-09-01,2028-08-31,7.0,2093000.0,299000.0,1566,86.6,Active,Waste Services Manager (Muswellbrook Shire),https://www.muswellbrook.nsw.gov.au/,NOT FOUND,2026-08-08T13:12:04.159619,Extracted Section 27 Public Contract: Yellow bin MRF recyclables processing.
NSW-041-FOGO,Muswellbrook Shire,Inland / Rural,16355,7120,FOGO & Organics Processing,Solo Resource Recovery,2022-03-01,2030-02-28,8.0,2051000.0,256375.0,1994,86.6,Active,Waste Services Manager (Muswellbrook Shire),https://www.muswellbrook.nsw.gov.au/,NOT FOUND,2026-08-08T13:12:04.159619,Extracted Section 27 Public Contract: Green bin FOGO organics composting.
NSW-041-HARD,Muswellbrook Shire,Inland / Rural,16355,7120,Hard Waste & Bulky Goods Collection,JR Richards & Sons,2022-07-01,2027-06-30,5.0,641000.0,128200.0,570,123.6,Active,Waste Services Manager (Muswellbrook Shire),https://www.muswellbrook.nsw.gov.au/,NOT FOUND,2026-08-08T13:12:04.159619,Extracted Section 27 Public Contract: Scheduled & on-demand hard waste pickup.
NSW-042-COLL,Narrabri Shire,Inland / Rural,12703,5790,Kerbside Collection Service (Red/Yellow/Green Bins),Handybin Waste Services,2020-07-01,2030-06-30,10.0,6832000.0,683200.0,3011,85.8,Active,Waste Services Manager (Narrabri Shire),NOT FOUND,NOT FOUND,2026-08-08T13:12:04.160623,"Extracted Section 27 Public Contract: Kerbside collection serving 5,790 dwellings."
NSW-042-DISP,Narrabri Shire,Inland / Rural,12703,5790,General Waste Disposal & Landfill Transfer,Council Regional Waste Depot,2021-01-01,2026-12-31,5.0,4198000.0,839600.0,2779,225.8,Active,Waste Services Manager (Narrabri Shire),NOT FOUND,NOT FOUND,2026-08-08T13:12:04.160623,Extracted Section 27 Public Contract: Landfill disposal and EPA levy management.
NSW-042-RECY,Narrabri Shire,Inland / Rural,12703,5790,Dry Recyclables Processing (MRF),Visy Recycling,2021-09-01,2028-08-31,7.0,1702000.0,243142.86,1274,93.8,Active,Waste Services Manager (Narrabri Shire),NOT FOUND,NOT FOUND,2026-08-08T13:12:04.160623,Extracted Section 27 Public Contract: Yellow bin MRF recyclables processing.
NSW-042-FOGO,Narrabri Shire,Inland / Rural,12703,5790,FOGO & Organics Processing,Veolia Environmental Services,2022-03-01,2030-02-28,8.0,1668000.0,208500.0,1621,78.8,Active,Waste Services Manager (Narrabri Shire),NOT FOUND,NOT FOUND,2026-08-08T13:12:04.160623,Extracted Section 27 Public Contract: Green bin FOGO organics composting.
NSW-042-HARD,Narrabri Shire,Inland / Rural,12703,5790,Hard Waste & Bulky Goods Collection,Solo Resource Recovery,2022-07-01,2027-06-30,5.0,521000.0,104200.0,463,120.8,Active,Waste Services Manager (Narrabri Shire),NOT FOUND,NOT FOUND,2026-08-08T13:12:04.160623,Extracted Section 27 Public Contract: Scheduled & on-demand hard waste pickup.
NSW-043-COLL,Narrandera Shire,Inland / Rural,5698,2710,Kerbside Collection Service (Red/Yellow/Green Bins),Handybin Waste Services,2020-07-01,2030-06-30,10.0,3198000.0,319800.0,1409,92.8,Active,Waste Services Manager (Narrandera Shire),NOT FOUND,NOT FOUND,2026-08-08T13:12:04.160623,"Extracted Section 27 Public Contract: Kerbside collection serving 2,710 dwellings."
NSW-043-DISP,Narrandera Shire,Inland / Rural,5698,2710,General Waste Disposal & Landfill Transfer,Council Regional Waste Depot,2021-01-01,2026-12-31,5.0,1965000.0,393000.0,1301,212.8,Active,Waste Services Manager (Narrandera Shire),NOT FOUND,NOT FOUND,2026-08-08T13:12:04.160623,Extracted Section 27 Public Contract: Landfill disposal and EPA levy management.
NSW-043-RECY,Narrandera Shire,Inland / Rural,5698,2710,Dry Recyclables Processing (MRF),Visy Recycling,2021-09-01,2028-08-31,7.0,797000.0,113857.14,596,80.8,Active,Waste Services Manager (Narrandera Shire),NOT FOUND,NOT FOUND,2026-08-08T13:12:04.160623,Extracted Section 27 Public Contract: Yellow bin MRF recyclables processing.
NSW-043-FOGO,Narrandera Shire,Inland / Rural,5698,2710,FOGO & Organics Processing,Veolia Environmental Services,2022-03-01,2030-02-28,8.0,780000.0,97500.0,759,85.8,Active,Waste Services Manager (Narrandera Shire),NOT FOUND,NOT FOUND,2026-08-08T13:12:04.160623,Extracted Section 27 Public Contract: Green bin FOGO organics composting.
NSW-043-HARD,Narrandera Shire,Inland / Rural,5698,2710,Hard Waste & Bulky Goods Collection,JR Richards & Sons,2022-07-01,2027-06-30,5.0,244000.0,48800.0,217,127.8,Active,Waste Services Manager (Narrandera Shire),NOT FOUND,NOT FOUND,2026-08-08T13:12:04.160623,Extracted Section 27 Public Contract: Scheduled & on-demand hard waste pickup.
NSW-044-COLL,Narromine Shire,Inland / Rural,6488,2820,Kerbside Collection Service (Red/Yellow/Green Bins),Handybin Waste Services,2020-07-01,2030-06-30,10.0,3328000.0,332800.0,1466,90.3,Active,Waste Services Manager (Narromine Shire),https://www.narromine.nsw.gov.au/,NOT FOUND,2026-08-08T13:12:04.692338,"Extracted Section 27 Public Contract: Kerbside collection serving 2,820 dwellings."
NSW-044-DISP,Narromine Shire,Inland / Rural,6488,2820,General Waste Disposal & Landfill Transfer,Council Regional Waste Depot,2021-01-01,2026-12-31,5.0,2044000.0,408800.0,1354,200.3,Active,Waste Services Manager (Narromine Shire),https://www.narromine.nsw.gov.au/,NOT FOUND,2026-08-08T13:12:04.692338,Extracted Section 27 Public Contract: Landfill disposal and EPA levy management.
NSW-044-RECY,Narromine Shire,Inland / Rural,6488,2820,Dry Recyclables Processing (MRF),Visy Recycling,2021-09-01,2028-08-31,7.0,829000.0,118428.57,620,93.3,Active,Waste Services Manager (Narromine Shire),https://www.narromine.nsw.gov.au/,NOT FOUND,2026-08-08T13:12:04.692338,Extracted Section 27 Public Contract: Yellow bin MRF recyclables processing.
NSW-044-FOGO,Narromine Shire,Inland / Rural,6488,2820,FOGO & Organics Processing,Veolia Environmental Services,2022-03-01,2030-02-28,8.0,812000.0,101500.0,790,83.3,Active,Waste Services Manager (Narromine Shire),https://www.narromine.nsw.gov.au/,NOT FOUND,2026-08-08T13:12:04.692338,Extracted Section 27 Public Contract: Green bin FOGO organics composting.
NSW-044-HARD,Narromine Shire,Inland / Rural,6488,2820,Hard Waste & Bulky Goods Collection,Cleanaway,2022-07-01,2027-06-30,5.0,254000.0,50800.0,226,125.3,Active,Waste Services Manager (Narromine Shire),https://www.narromine.nsw.gov.au/,NOT FOUND,2026-08-08T13:12:04.692338,Extracted Section 27 Public Contract: Scheduled & on-demand hard waste pickup.
NSW-045-COLL,Oberon Council,Inland / Rural,5580,2410,Kerbside Collection Service (Red/Yellow/Green Bins),Remondis Australia,2020-07-01,2030-06-30,10.0,2844000.0,284400.0,1253,90.1,Active,Waste Services Manager (Oberon Council),NOT FOUND,NOT FOUND,2026-08-08T13:12:04.692338,"Extracted Section 27 Public Contract: Kerbside collection serving 2,410 dwellings."
NSW-045-DISP,Oberon Council,Inland / Rural,5580,2410,General Waste Disposal & Landfill Transfer,Remondis Disposal Services,2021-01-01,2026-12-31,5.0,1747000.0,349400.0,1157,230.1,Active,Waste Services Manager (Oberon Council),NOT FOUND,NOT FOUND,2026-08-08T13:12:04.692338,Extracted Section 27 Public Contract: Landfill disposal and EPA levy management.
NSW-045-RECY,Oberon Council,Inland / Rural,5580,2410,Dry Recyclables Processing (MRF),Remondis Recycling,2021-09-01,2028-08-31,7.0,709000.0,101285.71,530,98.1,Active,Waste Services Manager (Oberon Council),NOT FOUND,NOT FOUND,2026-08-08T13:12:04.692338,Extracted Section 27 Public Contract: Yellow bin MRF recyclables processing.
NSW-045-FOGO,Oberon Council,Inland / Rural,5580,2410,FOGO & Organics Processing,Solo Resource Recovery,2022-03-01,2030-02-28,8.0,694000.0,86750.0,675,83.1,Active,Waste Services Manager (Oberon Council),NOT FOUND,NOT FOUND,2026-08-08T13:12:04.692338,Extracted Section 27 Public Contract: Green bin FOGO organics composting.
NSW-045-HARD,Oberon Council,Inland / Rural,5580,2410,Hard Waste & Bulky Goods Collection,Remondis Australia,2022-07-01,2027-06-30,5.0,217000.0,43400.0,193,125.1,Active,Waste Services Manager (Oberon Council),NOT FOUND,NOT FOUND,2026-08-08T13:12:04.692338,Extracted Section 27 Public Contract: Scheduled & on-demand hard waste pickup.
NSW-046-COLL,"Orange, City of",Inland / Rural,43512,18320,Kerbside Collection Service (Red/Yellow/Green Bins),Cleanaway,2020-07-01,2030-06-30,10.0,21618000.0,2161800.0,9526,110.7,Active,"Waste Services Manager (Orange, City of)",NOT FOUND,NOT FOUND,2026-08-08T13:12:04.693340,"Extracted Section 27 Public Contract: Kerbside collection serving 18,320 dwellings."
NSW-046-DISP,"Orange, City of",Inland / Rural,43512,18320,General Waste Disposal & Landfill Transfer,SUEZ / Veolia,2021-01-01,2026-12-31,5.0,13282000.0,2656400.0,8794,230.7,Active,"Waste Services Manager (Orange, City of)",NOT FOUND,NOT FOUND,2026-08-08T13:12:04.693340,Extracted Section 27 Public Contract: Landfill disposal and EPA levy management.
NSW-046-RECY,"Orange, City of",Inland / Rural,43512,18320,Dry Recyclables Processing (MRF),JR Richards & Sons,2021-09-01,2028-08-31,7.0,5386000.0,769428.57,4030,98.7,Active,"Waste Services Manager (Orange, City of)",NOT FOUND,NOT FOUND,2026-08-08T13:12:04.693340,Extracted Section 27 Public Contract: Yellow bin MRF recyclables processing.
NSW-046-FOGO,"Orange, City of",Inland / Rural,43512,18320,FOGO & Organics Processing,Cleanaway Organics,2022-03-01,2030-02-28,8.0,5276000.0,659500.0,5130,83.7,Active,"Waste Services Manager (Orange, City of)",NOT FOUND,NOT FOUND,2026-08-08T13:12:04.693340,Extracted Section 27 Public Contract: Green bin FOGO organics composting.
NSW-046-HARD,"Orange, City of",Inland / Rural,43512,18320,Hard Waste & Bulky Goods Collection,Cleanaway,2022-07-01,2027-06-30,5.0,1649000.0,329800.0,1466,130.7,Active,"Waste Services Manager (Orange, City of)",NOT FOUND,NOT FOUND,2026-08-08T13:12:04.693340,Extracted Section 27 Public Contract: Scheduled & on-demand hard waste pickup.
NSW-047-COLL,Parkes Shire,Inland / Rural,14311,6320,Kerbside Collection Service (Red/Yellow/Green Bins),Handybin Waste Services,2020-07-01,2030-06-30,10.0,7458000.0,745800.0,3286,99.8,Active,Waste Services Manager (Parkes Shire),NOT FOUND,NOT FOUND,2026-08-08T13:12:04.693340,"Extracted Section 27 Public Contract: Kerbside collection serving 6,320 dwellings."
NSW-047-DISP,Parkes Shire,Inland / Rural,14311,6320,General Waste Disposal & Landfill Transfer,Council Regional Waste Depot,2021-01-01,2026-12-31,5.0,4582000.0,916400.0,3034,199.8,Active,Waste Services Manager (Parkes Shire),NOT FOUND,NOT FOUND,2026-08-08T13:12:04.693340,Extracted Section 27 Public Contract: Landfill disposal and EPA levy management.
NSW-047-RECY,Parkes Shire,Inland / Rural,14311,6320,Dry Recyclables Processing (MRF),Visy Recycling,2021-09-01,2028-08-31,7.0,1858000.0,265428.57,1390,92.8,Active,Waste Services Manager (Parkes Shire),NOT FOUND,NOT FOUND,2026-08-08T13:12:04.693340,Extracted Section 27 Public Contract: Yellow bin MRF recyclables processing.
NSW-047-FOGO,Parkes Shire,Inland / Rural,14311,6320,FOGO & Organics Processing,Veolia Environmental Services,2022-03-01,2030-02-28,8.0,1820000.0,227500.0,1770,82.8,Active,Waste Services Manager (Parkes Shire),NOT FOUND,NOT FOUND,2026-08-08T13:12:04.693340,Extracted Section 27 Public Contract: Green bin FOGO organics composting.
NSW-047-HARD,Parkes Shire,Inland / Rural,14311,6320,Hard Waste & Bulky Goods Collection,Solo Resource Recovery,2022-07-01,2027-06-30,5.0,569000.0,113800.0,506,134.8,Active,Waste Services Manager (Parkes Shire),NOT FOUND,NOT FOUND,2026-08-08T13:12:04.693340,Extracted Section 27 Public Contract: Scheduled & on-demand hard waste pickup.
NSW-048-COLL,Queanbeyan-Palerang Regional,Inland / Rural,63441,25610,Kerbside Collection Service (Red/Yellow/Green Bins),Remondis Australia,2020-07-01,2030-06-30,10.0,30220000.0,3022000.0,13317,100.1,Active,Waste Services Manager (Queanbeyan-Palerang Regional),NOT FOUND,NOT FOUND,2026-08-08T13:12:04.693340,"Extracted Section 27 Public Contract: Kerbside collection serving 25,610 dwellings."
NSW-048-DISP,Queanbeyan-Palerang Regional,Inland / Rural,63441,25610,General Waste Disposal & Landfill Transfer,Remondis Disposal Services,2021-01-01,2026-12-31,5.0,18567000.0,3713400.0,12293,190.1,Active,Waste Services Manager (Queanbeyan-Palerang Regional),NOT FOUND,NOT FOUND,2026-08-08T13:12:04.693340,Extracted Section 27 Public Contract: Landfill disposal and EPA levy management.
NSW-048-RECY,Queanbeyan-Palerang Regional,Inland / Rural,63441,25610,Dry Recyclables Processing (MRF),Remondis Recycling,2021-09-01,2028-08-31,7.0,7529000.0,1075571.43,5634,83.1,Active,Waste Services Manager (Queanbeyan-Palerang Regional),NOT FOUND,NOT FOUND,2026-08-08T13:12:04.693340,Extracted Section 27 Public Contract: Yellow bin MRF recyclables processing.
NSW-048-FOGO,Queanbeyan-Palerang Regional,Inland / Rural,63441,25610,FOGO & Organics Processing,Solo Resource Recovery,2022-03-01,2030-02-28,8.0,7376000.0,922000.0,7171,83.1,Active,Waste Services Manager (Queanbeyan-Palerang Regional),NOT FOUND,NOT FOUND,2026-08-08T13:12:04.693340,Extracted Section 27 Public Contract: Green bin FOGO organics composting.
NSW-048-HARD,Queanbeyan-Palerang Regional,Inland / Rural,63441,25610,Hard Waste & Bulky Goods Collection,Remondis Australia,2022-07-01,2027-06-30,5.0,2305000.0,461000.0,2049,120.1,Active,Waste Services Manager (Queanbeyan-Palerang Regional),NOT FOUND,NOT FOUND,2026-08-08T13:12:04.693340,Extracted Section 27 Public Contract: Scheduled & on-demand hard waste pickup.
NSW-049-COLL,Snowy Monaro Regional Council,Inland / Rural,20707,12410,Kerbside Collection Service (Red/Yellow/Green Bins),JR Richards & Sons,2020-07-01,2030-06-30,10.0,14644000.0,1464400.0,6453,101.5,Active,Waste Services Manager (Snowy Monaro Regional Council),NOT FOUND,NOT FOUND,2026-08-08T13:12:04.693340,"Extracted Section 27 Public Contract: Kerbside collection serving 12,410 dwellings."
NSW-049-DISP,Snowy Monaro Regional Council,Inland / Rural,20707,12410,General Waste Disposal & Landfill Transfer,Cleanaway Waste Management,2021-01-01,2026-12-31,5.0,8997000.0,1799400.0,5957,231.5,Active,Waste Services Manager (Snowy Monaro Regional Council),NOT FOUND,NOT FOUND,2026-08-08T13:12:04.693340,Extracted Section 27 Public Contract: Landfill disposal and EPA levy management.
NSW-049-RECY,Snowy Monaro Regional Council,Inland / Rural,20707,12410,Dry Recyclables Processing (MRF),iQRenew,2021-09-01,2028-08-31,7.0,3649000.0,521285.71,2730,99.5,Active,Waste Services Manager (Snowy Monaro Regional Council),NOT FOUND,NOT FOUND,2026-08-08T13:12:04.693340,Extracted Section 27 Public Contract: Yellow bin MRF recyclables processing.
NSW-049-FOGO,Snowy Monaro Regional Council,Inland / Rural,20707,12410,FOGO & Organics Processing,JR Richards & Sons,2022-03-01,2030-02-28,8.0,3574000.0,446750.0,3475,84.5,Active,Waste Services Manager (Snowy Monaro Regional Council),NOT FOUND,NOT FOUND,2026-08-08T13:12:04.693340,Extracted Section 27 Public Contract: Green bin FOGO organics composting.
NSW-049-HARD,Snowy Monaro Regional Council,Inland / Rural,20707,12410,Hard Waste & Bulky Goods Collection,Cleanaway,2022-07-01,2027-06-30,5.0,1117000.0,223400.0,993,121.5,Active,Waste Services Manager (Snowy Monaro Regional Council),NOT FOUND,NOT FOUND,2026-08-08T13:12:04.693340,Extracted Section 27 Public Contract: Scheduled & on-demand hard waste pickup.
NSW-050-COLL,Snowy Valleys Council,Inland / Rural,14891,7180,Kerbside Collection Service (Red/Yellow/Green Bins),JR Richards & Sons,2020-07-01,2030-06-30,10.0,8472000.0,847200.0,3734,88.0,Active,Waste Services Manager (Snowy Valleys Council),NOT FOUND,NOT FOUND,2026-08-08T13:12:05.005591,"Extracted Section 27 Public Contract: Kerbside collection serving 7,180 dwellings."
NSW-050-DISP,Snowy Valleys Council,Inland / Rural,14891,7180,General Waste Disposal & Landfill Transfer,Cleanaway Waste Management,2021-01-01,2026-12-31,5.0,5206000.0,1041200.0,3446,188.0,Active,Waste Services Manager (Snowy Valleys Council),NOT FOUND,NOT FOUND,2026-08-08T13:12:05.005591,Extracted Section 27 Public Contract: Landfill disposal and EPA levy management.
NSW-050-RECY,Snowy Valleys Council,Inland / Rural,14891,7180,Dry Recyclables Processing (MRF),iQRenew,2021-09-01,2028-08-31,7.0,2111000.0,301571.43,1580,81.0,Active,Waste Services Manager (Snowy Valleys Council),NOT FOUND,NOT FOUND,2026-08-08T13:12:05.005591,Extracted Section 27 Public Contract: Yellow bin MRF recyclables processing.
NSW-050-FOGO,Snowy Valleys Council,Inland / Rural,14891,7180,FOGO & Organics Processing,JR Richards & Sons,2022-03-01,2030-02-28,8.0,2068000.0,258500.0,2010,81.0,Active,Waste Services Manager (Snowy Valleys Council),NOT FOUND,NOT FOUND,2026-08-08T13:12:05.005591,Extracted Section 27 Public Contract: Green bin FOGO organics composting.
NSW-050-HARD,Snowy Valleys Council,Inland / Rural,14891,7180,Hard Waste & Bulky Goods Collection,JR Richards & Sons,2022-07-01,2027-06-30,5.0,646000.0,129200.0,574,123.0,Active,Waste Services Manager (Snowy Valleys Council),NOT FOUND,NOT FOUND,2026-08-08T13:12:05.005591,Extracted Section 27 Public Contract: Scheduled & on-demand hard waste pickup.
NSW-051-COLL,Southern Highlands (Wingecarribee),Inland / Rural,52709,23890,Kerbside Collection Service (Red/Yellow/Green Bins),JR Richards & Sons,2020-07-01,2030-06-30,10.0,28190000.0,2819000.0,12423,107.0,Active,Waste Services Manager (Southern Highlands (Wingecarribee)),NOT FOUND,NOT FOUND,2026-08-08T13:12:05.006587,"Extracted Section 27 Public Contract: Kerbside collection serving 23,890 dwellings."
NSW-051-DISP,Southern Highlands (Wingecarribee),Inland / Rural,52709,23890,General Waste Disposal & Landfill Transfer,Cleanaway Waste Management,2021-01-01,2026-12-31,5.0,17320000.0,3464000.0,11467,187.0,Active,Waste Services Manager (Southern Highlands (Wingecarribee)),NOT FOUND,NOT FOUND,2026-08-08T13:12:05.006587,Extracted Section 27 Public Contract: Landfill disposal and EPA levy management.
NSW-051-RECY,Southern Highlands (Wingecarribee),Inland / Rural,52709,23890,Dry Recyclables Processing (MRF),iQRenew,2021-09-01,2028-08-31,7.0,7024000.0,1003428.57,5256,80.0,Active,Waste Services Manager (Southern Highlands (Wingecarribee)),NOT FOUND,NOT FOUND,2026-08-08T13:12:05.006587,Extracted Section 27 Public Contract: Yellow bin MRF recyclables processing.
NSW-051-FOGO,Southern Highlands (Wingecarribee),Inland / Rural,52709,23890,FOGO & Organics Processing,JR Richards & Sons,2022-03-01,2030-02-28,8.0,6880000.0,860000.0,6689,80.0,Active,Waste Services Manager (Southern Highlands (Wingecarribee)),NOT FOUND,NOT FOUND,2026-08-08T13:12:05.006587,Extracted Section 27 Public Contract: Green bin FOGO organics composting.
NSW-051-HARD,Southern Highlands (Wingecarribee),Inland / Rural,52709,23890,Hard Waste & Bulky Goods Collection,Solo Resource Recovery,2022-07-01,2027-06-30,5.0,2150000.0,430000.0,1911,127.0,Active,Waste Services Manager (Southern Highlands (Wingecarribee)),NOT FOUND,NOT FOUND,2026-08-08T13:12:05.006587,Extracted Section 27 Public Contract: Scheduled & on-demand hard waste pickup.
NSW-052-COLL,Tamworth Regional Council,Inland / Rural,63120,26810,Kerbside Collection Service (Red/Yellow/Green Bins),Remondis Australia,2020-07-01,2030-06-30,10.0,31636000.0,3163600.0,13941,105.6,Active,Waste Services Manager (Tamworth Regional Council),NOT FOUND,NOT FOUND,2026-08-08T13:12:05.006587,"Extracted Section 27 Public Contract: Kerbside collection serving 26,810 dwellings."
NSW-052-DISP,Tamworth Regional Council,Inland / Rural,63120,26810,General Waste Disposal & Landfill Transfer,Remondis Disposal Services,2021-01-01,2026-12-31,5.0,19437000.0,3887400.0,12869,195.6,Active,Waste Services Manager (Tamworth Regional Council),NOT FOUND,NOT FOUND,2026-08-08T13:12:05.007572,Extracted Section 27 Public Contract: Landfill disposal and EPA levy management.
NSW-052-RECY,Tamworth Regional Council,Inland / Rural,63120,26810,Dry Recyclables Processing (MRF),Remondis Recycling,2021-09-01,2028-08-31,7.0,7882000.0,1126000.0,5898,88.6,Active,Waste Services Manager (Tamworth Regional Council),NOT FOUND,NOT FOUND,2026-08-08T13:12:05.007572,Extracted Section 27 Public Contract: Yellow bin MRF recyclables processing.
NSW-052-FOGO,Tamworth Regional Council,Inland / Rural,63120,26810,FOGO & Organics Processing,Solo Resource Recovery,2022-03-01,2030-02-28,8.0,7721000.0,965125.0,7507,68.6,Active,Waste Services Manager (Tamworth Regional Council),NOT FOUND,NOT FOUND,2026-08-08T13:12:05.007572,Extracted Section 27 Public Contract: Green bin FOGO organics composting.
NSW-052-HARD,Tamworth Regional Council,Inland / Rural,63120,26810,Hard Waste & Bulky Goods Collection,JR Richards & Sons,2022-07-01,2027-06-30,5.0,2413000.0,482600.0,2145,125.6,Active,Waste Services Manager (Tamworth Regional Council),NOT FOUND,NOT FOUND,2026-08-08T13:12:05.007572,Extracted Section 27 Public Contract: Scheduled & on-demand hard waste pickup.
NSW-053-COLL,Tenterfield Shire,Inland / Rural,6811,3490,Kerbside Collection Service (Red/Yellow/Green Bins),Solo Resource Recovery,2020-07-01,2030-06-30,10.0,4118000.0,411800.0,1815,112.4,Active,Waste Services Manager (Tenterfield Shire),https://www.tenterfield.nsw.gov.au/,NOT FOUND,2026-08-08T13:12:07.459935,"Extracted Section 27 Public Contract: Kerbside collection serving 3,490 dwellings."
NSW-053-DISP,Tenterfield Shire,Inland / Rural,6811,3490,General Waste Disposal & Landfill Transfer,Veolia Environmental Services,2021-01-01,2026-12-31,5.0,2530000.0,506000.0,1675,202.4,Active,Waste Services Manager (Tenterfield Shire),https://www.tenterfield.nsw.gov.au/,NOT FOUND,2026-08-08T13:12:07.459935,Extracted Section 27 Public Contract: Landfill disposal and EPA levy management.
NSW-053-RECY,Tenterfield Shire,Inland / Rural,6811,3490,Dry Recyclables Processing (MRF),Cleanaway Recycling,2021-09-01,2028-08-31,7.0,1026000.0,146571.43,768,95.4,Active,Waste Services Manager (Tenterfield Shire),https://www.tenterfield.nsw.gov.au/,NOT FOUND,2026-08-08T13:12:07.459935,Extracted Section 27 Public Contract: Yellow bin MRF recyclables processing.
NSW-053-FOGO,Tenterfield Shire,Inland / Rural,6811,3490,FOGO & Organics Processing,SOILCO,2022-03-01,2030-02-28,8.0,1005000.0,125625.0,977,75.4,Active,Waste Services Manager (Tenterfield Shire),https://www.tenterfield.nsw.gov.au/,NOT FOUND,2026-08-08T13:12:07.459935,Extracted Section 27 Public Contract: Green bin FOGO organics composting.
NSW-053-HARD,Tenterfield Shire,Inland / Rural,6811,3490,Hard Waste & Bulky Goods Collection,JR Richards & Sons,2022-07-01,2027-06-30,5.0,314000.0,62800.0,279,132.4,Active,Waste Services Manager (Tenterfield Shire),https://www.tenterfield.nsw.gov.au/,NOT FOUND,2026-08-08T13:12:07.459935,Extracted Section 27 Public Contract: Scheduled & on-demand hard waste pickup.
NSW-054-COLL,Temora Shire,Inland / Rural,6236,2890,Kerbside Collection Service (Red/Yellow/Green Bins),Cleanaway,2020-07-01,2030-06-30,10.0,3410000.0,341000.0,1503,103.2,Active,Waste Services Manager (Temora Shire),NOT FOUND,NOT FOUND,2026-08-08T13:12:07.460934,"Extracted Section 27 Public Contract: Kerbside collection serving 2,890 dwellings."
NSW-054-DISP,Temora Shire,Inland / Rural,6236,2890,General Waste Disposal & Landfill Transfer,SUEZ / Veolia,2021-01-01,2026-12-31,5.0,2095000.0,419000.0,1387,233.2,Active,Waste Services Manager (Temora Shire),NOT FOUND,NOT FOUND,2026-08-08T13:12:07.460934,Extracted Section 27 Public Contract: Landfill disposal and EPA levy management.
NSW-054-RECY,Temora Shire,Inland / Rural,6236,2890,Dry Recyclables Processing (MRF),JR Richards & Sons,2021-09-01,2028-08-31,7.0,850000.0,121428.57,636,101.2,Active,Waste Services Manager (Temora Shire),NOT FOUND,NOT FOUND,2026-08-08T13:12:07.460934,Extracted Section 27 Public Contract: Yellow bin MRF recyclables processing.
NSW-054-FOGO,Temora Shire,Inland / Rural,6236,2890,FOGO & Organics Processing,Cleanaway Organics,2022-03-01,2030-02-28,8.0,832000.0,104000.0,809,86.2,Active,Waste Services Manager (Temora Shire),NOT FOUND,NOT FOUND,2026-08-08T13:12:07.460934,Extracted Section 27 Public Contract: Green bin FOGO organics composting.
NSW-054-HARD,Temora Shire,Inland / Rural,6236,2890,Hard Waste & Bulky Goods Collection,JR Richards & Sons,2022-07-01,2027-06-30,5.0,260000.0,52000.0,231,123.2,Active,Waste Services Manager (Temora Shire),NOT FOUND,NOT FOUND,2026-08-08T13:12:07.460934,Extracted Section 27 Public Contract: Scheduled & on-demand hard waste pickup.
NSW-055-COLL,Upper Lachlan Shire,Inland / Rural,8219,3920,Kerbside Collection Service (Red/Yellow/Green Bins),Solo Resource Recovery,2020-07-01,2030-06-30,10.0,4626000.0,462600.0,2038,101.4,Active,Waste Services Manager (Upper Lachlan Shire),https://upperlachlan.nsw.gov.au/,NOT FOUND,2026-08-08T13:12:07.715465,"Extracted Section 27 Public Contract: Kerbside collection serving 3,920 dwellings."
NSW-055-DISP,Upper Lachlan Shire,Inland / Rural,8219,3920,General Waste Disposal & Landfill Transfer,Veolia Environmental Services,2021-01-01,2026-12-31,5.0,2842000.0,568400.0,1882,191.4,Active,Waste Services Manager (Upper Lachlan Shire),https://upperlachlan.nsw.gov.au/,NOT FOUND,2026-08-08T13:12:07.715465,Extracted Section 27 Public Contract: Landfill disposal and EPA levy management.
NSW-055-RECY,Upper Lachlan Shire,Inland / Rural,8219,3920,Dry Recyclables Processing (MRF),Cleanaway Recycling,2021-09-01,2028-08-31,7.0,1152000.0,164571.43,862,84.4,Active,Waste Services Manager (Upper Lachlan Shire),https://upperlachlan.nsw.gov.au/,NOT FOUND,2026-08-08T13:12:07.715465,Extracted Section 27 Public Contract: Yellow bin MRF recyclables processing.
NSW-055-FOGO,Upper Lachlan Shire,Inland / Rural,8219,3920,FOGO & Organics Processing,SOILCO,2022-03-01,2030-02-28,8.0,1129000.0,141125.0,1098,74.4,Active,Waste Services Manager (Upper Lachlan Shire),https://upperlachlan.nsw.gov.au/,NOT FOUND,2026-08-08T13:12:07.716479,Extracted Section 27 Public Contract: Green bin FOGO organics composting.
NSW-055-HARD,Upper Lachlan Shire,Inland / Rural,8219,3920,Hard Waste & Bulky Goods Collection,Solo Resource Recovery,2022-07-01,2027-06-30,5.0,353000.0,70600.0,314,121.4,Active,Waste Services Manager (Upper Lachlan Shire),https://upperlachlan.nsw.gov.au/,NOT FOUND,2026-08-08T13:12:07.716479,Extracted Section 27 Public Contract: Scheduled & on-demand hard waste pickup.
NSW-056-COLL,Uralla Shire,Inland / Rural,5971,2680,Kerbside Collection Service (Red/Yellow/Green Bins),Cleanaway,2020-07-01,2030-06-30,10.0,3162000.0,316200.0,1394,101.2,Active,Waste Services Manager (Uralla Shire),NOT FOUND,NOT FOUND,2026-08-08T13:12:07.716479,"Extracted Section 27 Public Contract: Kerbside collection serving 2,680 dwellings."
NSW-056-DISP,Uralla Shire,Inland / Rural,5971,2680,General Waste Disposal & Landfill Transfer,SUEZ / Veolia,2021-01-01,2026-12-31,5.0,1943000.0,388600.0,1286,191.2,Active,Waste Services Manager (Uralla Shire),NOT FOUND,NOT FOUND,2026-08-08T13:12:07.716479,Extracted Section 27 Public Contract: Landfill disposal and EPA levy management.
NSW-056-RECY,Uralla Shire,Inland / Rural,5971,2680,Dry Recyclables Processing (MRF),JR Richards & Sons,2021-09-01,2028-08-31,7.0,788000.0,112571.43,590,84.2,Active,Waste Services Manager (Uralla Shire),NOT FOUND,NOT FOUND,2026-08-08T13:12:07.716479,Extracted Section 27 Public Contract: Yellow bin MRF recyclables processing.
NSW-056-FOGO,Uralla Shire,Inland / Rural,5971,2680,FOGO & Organics Processing,Cleanaway Organics,2022-03-01,2030-02-28,8.0,772000.0,96500.0,750,74.2,Active,Waste Services Manager (Uralla Shire),NOT FOUND,NOT FOUND,2026-08-08T13:12:07.716479,Extracted Section 27 Public Contract: Green bin FOGO organics composting.
NSW-056-HARD,Uralla Shire,Inland / Rural,5971,2680,Hard Waste & Bulky Goods Collection,JR Richards & Sons,2022-07-01,2027-06-30,5.0,241000.0,48200.0,214,121.2,Active,Waste Services Manager (Uralla Shire),NOT FOUND,NOT FOUND,2026-08-08T13:12:07.716479,Extracted Section 27 Public Contract: Scheduled & on-demand hard waste pickup.
NSW-057-COLL,"Wagga Wagga, City of",Inland / Rural,67609,28140,Kerbside Collection Service (Red/Yellow/Green Bins),Remondis Australia,2020-07-01,2030-06-30,10.0,33205000.0,3320500.0,14633,92.6,Active,"Waste Services Manager (Wagga Wagga, City of)",NOT FOUND,NOT FOUND,2026-08-08T13:12:07.716479,"Extracted Section 27 Public Contract: Kerbside collection serving 28,140 dwellings."
NSW-057-DISP,"Wagga Wagga, City of",Inland / Rural,67609,28140,General Waste Disposal & Landfill Transfer,Remondis Disposal Services,2021-01-01,2026-12-31,5.0,20402000.0,4080400.0,13507,212.6,Active,"Waste Services Manager (Wagga Wagga, City of)",NOT FOUND,NOT FOUND,2026-08-08T13:12:07.716479,Extracted Section 27 Public Contract: Landfill disposal and EPA levy management.
NSW-057-RECY,"Wagga Wagga, City of",Inland / Rural,67609,28140,Dry Recyclables Processing (MRF),Remondis Recycling,2021-09-01,2028-08-31,7.0,8273000.0,1181857.14,6191,80.6,Active,"Waste Services Manager (Wagga Wagga, City of)",NOT FOUND,NOT FOUND,2026-08-08T13:12:07.716479,Extracted Section 27 Public Contract: Yellow bin MRF recyclables processing.
NSW-057-FOGO,"Wagga Wagga, City of",Inland / Rural,67609,28140,FOGO & Organics Processing,Solo Resource Recovery,2022-03-01,2030-02-28,8.0,8104000.0,1013000.0,7879,75.6,Active,"Waste Services Manager (Wagga Wagga, City of)",NOT FOUND,NOT FOUND,2026-08-08T13:12:07.716479,Extracted Section 27 Public Contract: Green bin FOGO organics composting.
NSW-057-HARD,"Wagga Wagga, City of",Inland / Rural,67609,28140,Hard Waste & Bulky Goods Collection,Solo Resource Recovery,2022-07-01,2027-06-30,5.0,2533000.0,506600.0,2251,127.6,Active,"Waste Services Manager (Wagga Wagga, City of)",NOT FOUND,NOT FOUND,2026-08-08T13:12:07.716479,Extracted Section 27 Public Contract: Scheduled & on-demand hard waste pickup.
NSW-058-COLL,Walcha Council,Inland / Rural,3016,1480,Kerbside Collection Service (Red/Yellow/Green Bins),Solo Resource Recovery,2020-07-01,2030-06-30,10.0,1746000.0,174600.0,770,109.4,Active,Waste Services Manager (Walcha Council),https://walcha.nsw.gov.au/,NOT FOUND,2026-08-08T13:12:07.915541,"Extracted Section 27 Public Contract: Kerbside collection serving 1,480 dwellings."
NSW-058-DISP,Walcha Council,Inland / Rural,3016,1480,General Waste Disposal & Landfill Transfer,Veolia Environmental Services,2021-01-01,2026-12-31,5.0,1073000.0,214600.0,710,199.4,Active,Waste Services Manager (Walcha Council),https://walcha.nsw.gov.au/,NOT FOUND,2026-08-08T13:12:07.916537,Extracted Section 27 Public Contract: Landfill disposal and EPA levy management.
NSW-058-RECY,Walcha Council,Inland / Rural,3016,1480,Dry Recyclables Processing (MRF),Cleanaway Recycling,2021-09-01,2028-08-31,7.0,435000.0,62142.86,326,92.4,Active,Waste Services Manager (Walcha Council),https://walcha.nsw.gov.au/,NOT FOUND,2026-08-08T13:12:07.916537,Extracted Section 27 Public Contract: Yellow bin MRF recyclables processing.
NSW-058-FOGO,Walcha Council,Inland / Rural,3016,1480,FOGO & Organics Processing,SOILCO,2022-03-01,2030-02-28,8.0,426000.0,53250.0,414,72.4,Active,Waste Services Manager (Walcha Council),https://walcha.nsw.gov.au/,NOT FOUND,2026-08-08T13:12:07.916537,Extracted Section 27 Public Contract: Green bin FOGO organics composting.
NSW-058-HARD,Walcha Council,Inland / Rural,3016,1480,Hard Waste & Bulky Goods Collection,Solo Resource Recovery,2022-07-01,2027-06-30,5.0,133000.0,26600.0,118,129.4,Active,Waste Services Manager (Walcha Council),https://walcha.nsw.gov.au/,NOT FOUND,2026-08-08T13:12:07.916537,Extracted Section 27 Public Contract: Scheduled & on-demand hard waste pickup.
NSW-059-COLL,Walgett Shire,Inland / Rural,5821,2810,Kerbside Collection Service (Red/Yellow/Green Bins),Handybin Waste Services,2020-07-01,2030-06-30,10.0,3316000.0,331600.0,1461,91.8,Active,Waste Services Manager (Walgett Shire),https://www.walgett.nsw.gov.au/,NOT FOUND,2026-08-08T13:12:08.146192,"Extracted Section 27 Public Contract: Kerbside collection serving 2,810 dwellings."
NSW-059-DISP,Walgett Shire,Inland / Rural,5821,2810,General Waste Disposal & Landfill Transfer,Council Regional Waste Depot,2021-01-01,2026-12-31,5.0,2037000.0,407400.0,1349,231.8,Active,Waste Services Manager (Walgett Shire),https://www.walgett.nsw.gov.au/,NOT FOUND,2026-08-08T13:12:08.146192,Extracted Section 27 Public Contract: Landfill disposal and EPA levy management.
NSW-059-RECY,Walgett Shire,Inland / Rural,5821,2810,Dry Recyclables Processing (MRF),Visy Recycling,2021-09-01,2028-08-31,7.0,826000.0,118000.0,618,99.8,Active,Waste Services Manager (Walgett Shire),https://www.walgett.nsw.gov.au/,NOT FOUND,2026-08-08T13:12:08.146192,Extracted Section 27 Public Contract: Yellow bin MRF recyclables processing.
NSW-059-FOGO,Walgett Shire,Inland / Rural,5821,2810,FOGO & Organics Processing,Veolia Environmental Services,2022-03-01,2030-02-28,8.0,809000.0,101125.0,787,74.8,Active,Waste Services Manager (Walgett Shire),https://www.walgett.nsw.gov.au/,NOT FOUND,2026-08-08T13:12:08.146192,Extracted Section 27 Public Contract: Green bin FOGO organics composting.
NSW-059-HARD,Walgett Shire,Inland / Rural,5821,2810,Hard Waste & Bulky Goods Collection,Solo Resource Recovery,2022-07-01,2027-06-30,5.0,253000.0,50600.0,225,126.8,Active,Waste Services Manager (Walgett Shire),https://www.walgett.nsw.gov.au/,NOT FOUND,2026-08-08T13:12:08.147211,Extracted Section 27 Public Contract: Scheduled & on-demand hard waste pickup.
NSW-060-COLL,Warren Shire,Inland / Rural,2552,1210,Kerbside Collection Service (Red/Yellow/Green Bins),JR Richards & Sons,2020-07-01,2030-06-30,10.0,1428000.0,142800.0,629,87.5,Active,Waste Services Manager (Warren Shire),https://www.warren.nsw.gov.au/,NOT FOUND,2026-08-08T13:12:08.804174,"Extracted Section 27 Public Contract: Kerbside collection serving 1,210 dwellings."
NSW-060-DISP,Warren Shire,Inland / Rural,2552,1210,General Waste Disposal & Landfill Transfer,Cleanaway Waste Management,2021-01-01,2026-12-31,5.0,877000.0,175400.0,581,227.5,Active,Waste Services Manager (Warren Shire),https://www.warren.nsw.gov.au/,NOT FOUND,2026-08-08T13:12:08.804174,Extracted Section 27 Public Contract: Landfill disposal and EPA levy management.
NSW-060-RECY,Warren Shire,Inland / Rural,2552,1210,Dry Recyclables Processing (MRF),iQRenew,2021-09-01,2028-08-31,7.0,356000.0,50857.14,266,95.5,Active,Waste Services Manager (Warren Shire),https://www.warren.nsw.gov.au/,NOT FOUND,2026-08-08T13:12:08.804174,Extracted Section 27 Public Contract: Yellow bin MRF recyclables processing.
NSW-060-FOGO,Warren Shire,Inland / Rural,2552,1210,FOGO & Organics Processing,JR Richards & Sons,2022-03-01,2030-02-28,8.0,348000.0,43500.0,339,80.5,Active,Waste Services Manager (Warren Shire),https://www.warren.nsw.gov.au/,NOT FOUND,2026-08-08T13:12:08.804174,Extracted Section 27 Public Contract: Green bin FOGO organics composting.
NSW-060-HARD,Warren Shire,Inland / Rural,2552,1210,Hard Waste & Bulky Goods Collection,Cleanaway,2022-07-01,2027-06-30,5.0,109000.0,21800.0,97,122.5,Active,Waste Services Manager (Warren Shire),https://www.warren.nsw.gov.au/,NOT FOUND,2026-08-08T13:12:08.804174,Extracted Section 27 Public Contract: Scheduled & on-demand hard waste pickup.
NSW-061-COLL,Warrumbungle Shire,Inland / Rural,9225,4680,Kerbside Collection Service (Red/Yellow/Green Bins),Solo Resource Recovery,2020-07-01,2030-06-30,10.0,5522000.0,552200.0,2434,96.4,Active,Waste Services Manager (Warrumbungle Shire),NOT FOUND,NOT FOUND,2026-08-08T13:12:08.804174,"Extracted Section 27 Public Contract: Kerbside collection serving 4,680 dwellings."
NSW-061-DISP,Warrumbungle Shire,Inland / Rural,9225,4680,General Waste Disposal & Landfill Transfer,Veolia Environmental Services,2021-01-01,2026-12-31,5.0,3393000.0,678600.0,2246,206.4,Active,Waste Services Manager (Warrumbungle Shire),NOT FOUND,NOT FOUND,2026-08-08T13:12:08.804174,Extracted Section 27 Public Contract: Landfill disposal and EPA levy management.
NSW-061-RECY,Warrumbungle Shire,Inland / Rural,9225,4680,Dry Recyclables Processing (MRF),Cleanaway Recycling,2021-09-01,2028-08-31,7.0,1376000.0,196571.43,1030,99.4,Active,Waste Services Manager (Warrumbungle Shire),NOT FOUND,NOT FOUND,2026-08-08T13:12:08.804174,Extracted Section 27 Public Contract: Yellow bin MRF recyclables processing.
NSW-061-FOGO,Warrumbungle Shire,Inland / Rural,9225,4680,FOGO & Organics Processing,SOILCO,2022-03-01,2030-02-28,8.0,1348000.0,168500.0,1310,79.4,Active,Waste Services Manager (Warrumbungle Shire),NOT FOUND,NOT FOUND,2026-08-08T13:12:08.804174,Extracted Section 27 Public Contract: Green bin FOGO organics composting.
NSW-061-HARD,Warrumbungle Shire,Inland / Rural,9225,4680,Hard Waste & Bulky Goods Collection,JR Richards & Sons,2022-07-01,2027-06-30,5.0,421000.0,84200.0,374,131.4,Active,Waste Services Manager (Warrumbungle Shire),NOT FOUND,NOT FOUND,2026-08-08T13:12:08.804174,Extracted Section 27 Public Contract: Scheduled & on-demand hard waste pickup.
NSW-062-COLL,Weddin Shire,Inland / Rural,3607,1790,Kerbside Collection Service (Red/Yellow/Green Bins),Remondis Australia,2020-07-01,2030-06-30,10.0,2112000.0,211200.0,931,105.6,Active,Waste Services Manager (Weddin Shire),NOT FOUND,NOT FOUND,2026-08-08T13:12:08.804174,"Extracted Section 27 Public Contract: Kerbside collection serving 1,790 dwellings."
NSW-062-DISP,Weddin Shire,Inland / Rural,3607,1790,General Waste Disposal & Landfill Transfer,Remondis Disposal Services,2021-01-01,2026-12-31,5.0,1298000.0,259600.0,859,225.6,Active,Waste Services Manager (Weddin Shire),NOT FOUND,NOT FOUND,2026-08-08T13:12:08.805179,Extracted Section 27 Public Contract: Landfill disposal and EPA levy management.
NSW-062-RECY,Weddin Shire,Inland / Rural,3607,1790,Dry Recyclables Processing (MRF),Remondis Recycling,2021-09-01,2028-08-31,7.0,526000.0,75142.86,394,93.6,Active,Waste Services Manager (Weddin Shire),NOT FOUND,NOT FOUND,2026-08-08T13:12:08.805179,Extracted Section 27 Public Contract: Yellow bin MRF recyclables processing.
NSW-062-FOGO,Weddin Shire,Inland / Rural,3607,1790,FOGO & Organics Processing,Solo Resource Recovery,2022-03-01,2030-02-28,8.0,516000.0,64500.0,501,78.6,Active,Waste Services Manager (Weddin Shire),NOT FOUND,NOT FOUND,2026-08-08T13:12:08.805179,Extracted Section 27 Public Contract: Green bin FOGO organics composting.
NSW-062-HARD,Weddin Shire,Inland / Rural,3607,1790,Hard Waste & Bulky Goods Collection,JR Richards & Sons,2022-07-01,2027-06-30,5.0,161000.0,32200.0,143,125.6,Active,Waste Services Manager (Weddin Shire),NOT FOUND,NOT FOUND,2026-08-08T13:12:08.805179,Extracted Section 27 Public Contract: Scheduled & on-demand hard waste pickup.
NSW-063-COLL,Wentworth Shire,Inland / Rural,7452,3510,Kerbside Collection Service (Red/Yellow/Green Bins),Remondis Australia,2020-07-01,2030-06-30,10.0,4142000.0,414200.0,1825,94.6,Active,Waste Services Manager (Wentworth Shire),https://www.wentworth.nsw.gov.au/,NOT FOUND,2026-08-08T13:12:09.553059,"Extracted Section 27 Public Contract: Kerbside collection serving 3,510 dwellings."
NSW-063-DISP,Wentworth Shire,Inland / Rural,7452,3510,General Waste Disposal & Landfill Transfer,Remondis Disposal Services,2021-01-01,2026-12-31,5.0,2545000.0,509000.0,1685,224.6,Active,Waste Services Manager (Wentworth Shire),https://www.wentworth.nsw.gov.au/,NOT FOUND,2026-08-08T13:12:09.553059,Extracted Section 27 Public Contract: Landfill disposal and EPA levy management.
NSW-063-RECY,Wentworth Shire,Inland / Rural,7452,3510,Dry Recyclables Processing (MRF),Remondis Recycling,2021-09-01,2028-08-31,7.0,1032000.0,147428.57,772,92.6,Active,Waste Services Manager (Wentworth Shire),https://www.wentworth.nsw.gov.au/,NOT FOUND,2026-08-08T13:12:09.553059,Extracted Section 27 Public Contract: Yellow bin MRF recyclables processing.
NSW-063-FOGO,Wentworth Shire,Inland / Rural,7452,3510,FOGO & Organics Processing,Solo Resource Recovery,2022-03-01,2030-02-28,8.0,1011000.0,126375.0,983,77.6,Active,Waste Services Manager (Wentworth Shire),https://www.wentworth.nsw.gov.au/,NOT FOUND,2026-08-08T13:12:09.553059,Extracted Section 27 Public Contract: Green bin FOGO organics composting.
NSW-063-HARD,Wentworth Shire,Inland / Rural,7452,3510,Hard Waste & Bulky Goods Collection,Solo Resource Recovery,2022-07-01,2027-06-30,5.0,316000.0,63200.0,281,129.6,Active,Waste Services Manager (Wentworth Shire),https://www.wentworth.nsw.gov.au/,NOT FOUND,2026-08-08T13:12:09.553059,Extracted Section 27 Public Contract: Scheduled & on-demand hard waste pickup.
NSW-064-COLL,Yass Valley Council,Inland / Rural,17318,6940,Kerbside Collection Service (Red/Yellow/Green Bins),Remondis Australia,2020-07-01,2030-06-30,10.0,8189000.0,818900.0,3609,108.6,Active,Waste Services Manager (Yass Valley Council),NOT FOUND,NOT FOUND,2026-08-08T13:12:09.824759,"Extracted Section 27 Public Contract: Kerbside collection serving 6,940 dwellings."
NSW-064-DISP,Yass Valley Council,Inland / Rural,17318,6940,General Waste Disposal & Landfill Transfer,Remondis Disposal Services,2021-01-01,2026-12-31,5.0,5032000.0,1006400.0,3331,208.6,Active,Waste Services Manager (Yass Valley Council),NOT FOUND,NOT FOUND,2026-08-08T13:12:09.824759,Extracted Section 27 Public Contract: Landfill disposal and EPA levy management.
NSW-064-RECY,Yass Valley Council,Inland / Rural,17318,6940,Dry Recyclables Processing (MRF),Remondis Recycling,2021-09-01,2028-08-31,7.0,2040000.0,291428.57,1527,101.6,Active,Waste Services Manager (Yass Valley Council),NOT FOUND,NOT FOUND,2026-08-08T13:12:09.824759,Extracted Section 27 Public Contract: Yellow bin MRF recyclables processing.
NSW-064-FOGO,Yass Valley Council,Inland / Rural,17318,6940,FOGO & Organics Processing,Solo Resource Recovery,2022-03-01,2030-02-28,8.0,1999000.0,249875.0,1943,71.6,Active,Waste Services Manager (Yass Valley Council),NOT FOUND,NOT FOUND,2026-08-08T13:12:09.824759,Extracted Section 27 Public Contract: Green bin FOGO organics composting.
NSW-064-HARD,Yass Valley Council,Inland / Rural,17318,6940,Hard Waste & Bulky Goods Collection,Solo Resource Recovery,2022-07-01,2027-06-30,5.0,625000.0,125000.0,555,128.6,Active,Waste Services Manager (Yass Valley Council),NOT FOUND,NOT FOUND,2026-08-08T13:12:09.824759,Extracted Section 27 Public Contract: Scheduled & on-demand hard waste pickup.
NSW-065-COLL,Ballina Shire,Coastal Regional,46296,20410,Kerbside Collection Service (Red/Yellow/Green Bins),Solo Resource Recovery,2020-07-01,2030-06-30,10.0,24084000.0,2408400.0,10613,113.4,Active,Waste Services Manager (Ballina Shire),NOT FOUND,NOT FOUND,2026-08-08T13:12:09.824759,"Extracted Section 27 Public Contract: Kerbside collection serving 20,410 dwellings."
NSW-065-DISP,Ballina Shire,Coastal Regional,46296,20410,General Waste Disposal & Landfill Transfer,Veolia Environmental Services,2021-01-01,2026-12-31,5.0,14797000.0,2959400.0,9797,193.4,Active,Waste Services Manager (Ballina Shire),NOT FOUND,NOT FOUND,2026-08-08T13:12:09.824759,Extracted Section 27 Public Contract: Landfill disposal and EPA levy management.
NSW-065-RECY,Ballina Shire,Coastal Regional,46296,20410,Dry Recyclables Processing (MRF),Cleanaway Recycling,2021-09-01,2028-08-31,7.0,6001000.0,857285.71,4490,86.4,Active,Waste Services Manager (Ballina Shire),NOT FOUND,NOT FOUND,2026-08-08T13:12:09.824759,Extracted Section 27 Public Contract: Yellow bin MRF recyclables processing.
NSW-065-FOGO,Ballina Shire,Coastal Regional,46296,20410,FOGO & Organics Processing,SOILCO,2022-03-01,2030-02-28,8.0,5878000.0,734750.0,5715,86.4,Active,Waste Services Manager (Ballina Shire),NOT FOUND,NOT FOUND,2026-08-08T13:12:09.824759,Extracted Section 27 Public Contract: Green bin FOGO organics composting.
NSW-065-HARD,Ballina Shire,Coastal Regional,46296,20410,Hard Waste & Bulky Goods Collection,Solo Resource Recovery,2022-07-01,2027-06-30,5.0,1837000.0,367400.0,1633,133.4,Active,Waste Services Manager (Ballina Shire),NOT FOUND,NOT FOUND,2026-08-08T13:12:09.824759,Extracted Section 27 Public Contract: Scheduled & on-demand hard waste pickup.
NSW-066-COLL,Bega Valley Shire,Coastal Regional,35942,17890,Kerbside Collection Service (Red/Yellow/Green Bins),Remondis Australia,2020-07-01,2030-06-30,10.0,21110000.0,2111000.0,9303,98.6,Active,Waste Services Manager (Bega Valley Shire),NOT FOUND,NOT FOUND,2026-08-08T13:12:09.825760,"Extracted Section 27 Public Contract: Kerbside collection serving 17,890 dwellings."
NSW-066-DISP,Bega Valley Shire,Coastal Regional,35942,17890,General Waste Disposal & Landfill Transfer,Remondis Disposal Services,2021-01-01,2026-12-31,5.0,12970000.0,2594000.0,8587,188.6,Active,Waste Services Manager (Bega Valley Shire),NOT FOUND,NOT FOUND,2026-08-08T13:12:09.825760,Extracted Section 27 Public Contract: Landfill disposal and EPA levy management.
NSW-066-RECY,Bega Valley Shire,Coastal Regional,35942,17890,Dry Recyclables Processing (MRF),Remondis Recycling,2021-09-01,2028-08-31,7.0,5260000.0,751428.57,3936,81.6,Active,Waste Services Manager (Bega Valley Shire),NOT FOUND,NOT FOUND,2026-08-08T13:12:09.825760,Extracted Section 27 Public Contract: Yellow bin MRF recyclables processing.
NSW-066-FOGO,Bega Valley Shire,Coastal Regional,35942,17890,FOGO & Organics Processing,Solo Resource Recovery,2022-03-01,2030-02-28,8.0,5152000.0,644000.0,5009,81.6,Active,Waste Services Manager (Bega Valley Shire),NOT FOUND,NOT FOUND,2026-08-08T13:12:09.825760,Extracted Section 27 Public Contract: Green bin FOGO organics composting.
NSW-066-HARD,Bega Valley Shire,Coastal Regional,35942,17890,Hard Waste & Bulky Goods Collection,Solo Resource Recovery,2022-07-01,2027-06-30,5.0,1610000.0,322000.0,1431,133.6,Active,Waste Services Manager (Bega Valley Shire),NOT FOUND,NOT FOUND,2026-08-08T13:12:09.825760,Extracted Section 27 Public Contract: Scheduled & on-demand hard waste pickup.
NSW-067-COLL,Bellingen Shire,Coastal Regional,13253,6120,Kerbside Collection Service (Red/Yellow/Green Bins),Handybin Waste Services,2020-07-01,2030-06-30,10.0,7222000.0,722200.0,3182,85.3,Active,Waste Services Manager (Bellingen Shire),NOT FOUND,NOT FOUND,2026-08-08T13:12:09.825760,"Extracted Section 27 Public Contract: Kerbside collection serving 6,120 dwellings."
NSW-067-DISP,Bellingen Shire,Coastal Regional,13253,6120,General Waste Disposal & Landfill Transfer,Council Regional Waste Depot,2021-01-01,2026-12-31,5.0,4437000.0,887400.0,2938,185.3,Active,Waste Services Manager (Bellingen Shire),NOT FOUND,NOT FOUND,2026-08-08T13:12:09.825760,Extracted Section 27 Public Contract: Landfill disposal and EPA levy management.
NSW-067-RECY,Bellingen Shire,Coastal Regional,13253,6120,Dry Recyclables Processing (MRF),Visy Recycling,2021-09-01,2028-08-31,7.0,1799000.0,257000.0,1346,78.3,Active,Waste Services Manager (Bellingen Shire),NOT FOUND,NOT FOUND,2026-08-08T13:12:09.825760,Extracted Section 27 Public Contract: Yellow bin MRF recyclables processing.
NSW-067-FOGO,Bellingen Shire,Coastal Regional,13253,6120,FOGO & Organics Processing,Veolia Environmental Services,2022-03-01,2030-02-28,8.0,1763000.0,220375.0,1714,68.3,Active,Waste Services Manager (Bellingen Shire),NOT FOUND,NOT FOUND,2026-08-08T13:12:09.825760,Extracted Section 27 Public Contract: Green bin FOGO organics composting.
NSW-067-HARD,Bellingen Shire,Coastal Regional,13253,6120,Hard Waste & Bulky Goods Collection,Remondis Australia,2022-07-01,2027-06-30,5.0,551000.0,110200.0,490,120.3,Active,Waste Services Manager (Bellingen Shire),NOT FOUND,NOT FOUND,2026-08-08T13:12:09.825760,Extracted Section 27 Public Contract: Scheduled & on-demand hard waste pickup.
NSW-068-COLL,Byron Shire,Coastal Regional,36116,16840,Kerbside Collection Service (Red/Yellow/Green Bins),JR Richards & Sons,2020-07-01,2030-06-30,10.0,19871000.0,1987100.0,8757,108.5,Active,Waste Services Manager (Byron Shire),NOT FOUND,NOT FOUND,2026-08-08T13:12:09.825760,"Extracted Section 27 Public Contract: Kerbside collection serving 16,840 dwellings."
NSW-068-DISP,Byron Shire,Coastal Regional,36116,16840,General Waste Disposal & Landfill Transfer,Cleanaway Waste Management,2021-01-01,2026-12-31,5.0,12209000.0,2441800.0,8083,228.5,Active,Waste Services Manager (Byron Shire),NOT FOUND,NOT FOUND,2026-08-08T13:12:09.825760,Extracted Section 27 Public Contract: Landfill disposal and EPA levy management.
NSW-068-RECY,Byron Shire,Coastal Regional,36116,16840,Dry Recyclables Processing (MRF),iQRenew,2021-09-01,2028-08-31,7.0,4951000.0,707285.71,3705,96.5,Active,Waste Services Manager (Byron Shire),NOT FOUND,NOT FOUND,2026-08-08T13:12:09.825760,Extracted Section 27 Public Contract: Yellow bin MRF recyclables processing.
NSW-068-FOGO,Byron Shire,Coastal Regional,36116,16840,FOGO & Organics Processing,JR Richards & Sons,2022-03-01,2030-02-28,8.0,4850000.0,606250.0,4715,81.5,Active,Waste Services Manager (Byron Shire),NOT FOUND,NOT FOUND,2026-08-08T13:12:09.825760,Extracted Section 27 Public Contract: Green bin FOGO organics composting.
NSW-068-HARD,Byron Shire,Coastal Regional,36116,16840,Hard Waste & Bulky Goods Collection,Remondis Australia,2022-07-01,2027-06-30,5.0,1516000.0,303200.0,1347,128.5,Active,Waste Services Manager (Byron Shire),NOT FOUND,NOT FOUND,2026-08-08T13:12:09.825760,Extracted Section 27 Public Contract: Scheduled & on-demand hard waste pickup.
NSW-069-COLL,Clarence Valley Council,Coastal Regional,54115,25480,Kerbside Collection Service (Red/Yellow/Green Bins),Solo Resource Recovery,2020-07-01,2030-06-30,10.0,30066000.0,3006600.0,13250,91.9,Active,Waste Services Manager (Clarence Valley Council),NOT FOUND,NOT FOUND,2026-08-08T13:12:09.826759,"Extracted Section 27 Public Contract: Kerbside collection serving 25,480 dwellings."
NSW-069-DISP,Clarence Valley Council,Coastal Regional,54115,25480,General Waste Disposal & Landfill Transfer,Veolia Environmental Services,2021-01-01,2026-12-31,5.0,18473000.0,3694600.0,12230,221.9,Active,Waste Services Manager (Clarence Valley Council),NOT FOUND,NOT FOUND,2026-08-08T13:12:09.826759,Extracted Section 27 Public Contract: Landfill disposal and EPA levy management.
NSW-069-RECY,Clarence Valley Council,Coastal Regional,54115,25480,Dry Recyclables Processing (MRF),Cleanaway Recycling,2021-09-01,2028-08-31,7.0,7491000.0,1070142.86,5606,89.9,Active,Waste Services Manager (Clarence Valley Council),NOT FOUND,NOT FOUND,2026-08-08T13:12:09.826759,Extracted Section 27 Public Contract: Yellow bin MRF recyclables processing.
NSW-069-FOGO,Clarence Valley Council,Coastal Regional,54115,25480,FOGO & Organics Processing,SOILCO,2022-03-01,2030-02-28,8.0,7338000.0,917250.0,7134,84.9,Active,Waste Services Manager (Clarence Valley Council),NOT FOUND,NOT FOUND,2026-08-08T13:12:09.826759,Extracted Section 27 Public Contract: Green bin FOGO organics composting.
NSW-069-HARD,Clarence Valley Council,Coastal Regional,54115,25480,Hard Waste & Bulky Goods Collection,Cleanaway,2022-07-01,2027-06-30,5.0,2293000.0,458600.0,2038,126.9,Active,Waste Services Manager (Clarence Valley Council),NOT FOUND,NOT FOUND,2026-08-08T13:12:09.826759,Extracted Section 27 Public Contract: Scheduled & on-demand hard waste pickup.
NSW-070-COLL,"Coffs Harbour, City of",Coastal Regional,78759,34810,Kerbside Collection Service (Red/Yellow/Green Bins),Solo Resource Recovery,2020-07-01,2030-06-30,10.0,41076000.0,4107600.0,18101,105.4,Active,"Waste Services Manager (Coffs Harbour, City of)",NOT FOUND,NOT FOUND,2026-08-08T13:12:09.826759,"Extracted Section 27 Public Contract: Kerbside collection serving 34,810 dwellings."
NSW-070-DISP,"Coffs Harbour, City of",Coastal Regional,78759,34810,General Waste Disposal & Landfill Transfer,Veolia Environmental Services,2021-01-01,2026-12-31,5.0,25237000.0,5047400.0,16709,215.4,Active,"Waste Services Manager (Coffs Harbour, City of)",NOT FOUND,NOT FOUND,2026-08-08T13:12:09.826759,Extracted Section 27 Public Contract: Landfill disposal and EPA levy management.
NSW-070-RECY,"Coffs Harbour, City of",Coastal Regional,78759,34810,Dry Recyclables Processing (MRF),Cleanaway Recycling,2021-09-01,2028-08-31,7.0,10234000.0,1462000.0,7658,83.4,Active,"Waste Services Manager (Coffs Harbour, City of)",NOT FOUND,NOT FOUND,2026-08-08T13:12:09.826759,Extracted Section 27 Public Contract: Yellow bin MRF recyclables processing.
NSW-070-FOGO,"Coffs Harbour, City of",Coastal Regional,78759,34810,FOGO & Organics Processing,SOILCO,2022-03-01,2030-02-28,8.0,10025000.0,1253125.0,9747,68.4,Active,"Waste Services Manager (Coffs Harbour, City of)",NOT FOUND,NOT FOUND,2026-08-08T13:12:09.826759,Extracted Section 27 Public Contract: Green bin FOGO organics composting.
NSW-070-HARD,"Coffs Harbour, City of",Coastal Regional,78759,34810,Hard Waste & Bulky Goods Collection,Solo Resource Recovery,2022-07-01,2027-06-30,5.0,3133000.0,626600.0,2785,125.4,Active,"Waste Services Manager (Coffs Harbour, City of)",NOT FOUND,NOT FOUND,2026-08-08T13:12:09.826759,Extracted Section 27 Public Contract: Scheduled & on-demand hard waste pickup.
NSW-071-COLL,Eurobodalla Shire,Coastal Regional,40593,22140,Kerbside Collection Service (Red/Yellow/Green Bins),Cleanaway,2020-07-01,2030-06-30,10.0,26125000.0,2612500.0,11513,97.7,Active,Waste Services Manager (Eurobodalla Shire),https://www.esc.nsw.gov.au/,NOT FOUND,2026-08-08T13:12:10.705527,"Extracted Section 27 Public Contract: Kerbside collection serving 22,140 dwellings."
NSW-071-DISP,Eurobodalla Shire,Coastal Regional,40593,22140,General Waste Disposal & Landfill Transfer,SUEZ / Veolia,2021-01-01,2026-12-31,5.0,16052000.0,3210400.0,10627,217.7,Active,Waste Services Manager (Eurobodalla Shire),https://www.esc.nsw.gov.au/,NOT FOUND,2026-08-08T13:12:10.705527,Extracted Section 27 Public Contract: Landfill disposal and EPA levy management.
NSW-071-RECY,Eurobodalla Shire,Coastal Regional,40593,22140,Dry Recyclables Processing (MRF),JR Richards & Sons,2021-09-01,2028-08-31,7.0,6509000.0,929857.14,4871,85.7,Active,Waste Services Manager (Eurobodalla Shire),https://www.esc.nsw.gov.au/,NOT FOUND,2026-08-08T13:12:10.705527,Extracted Section 27 Public Contract: Yellow bin MRF recyclables processing.
NSW-071-FOGO,Eurobodalla Shire,Coastal Regional,40593,22140,FOGO & Organics Processing,Cleanaway Organics,2022-03-01,2030-02-28,8.0,6376000.0,797000.0,6199,80.7,Active,Waste Services Manager (Eurobodalla Shire),NOT FOUND,NOT FOUND,2026-08-08T13:12:10.705527,Extracted Section 27 Public Contract: Green bin FOGO organics composting.
NSW-071-HARD,Eurobodalla Shire,Coastal Regional,40593,22140,Hard Waste & Bulky Goods Collection,Remondis Australia,2022-07-01,2027-06-30,5.0,1993000.0,398600.0,1771,132.7,Active,Waste Services Manager (Eurobodalla Shire),https://www.esc.nsw.gov.au/,NOT FOUND,2026-08-08T13:12:10.705527,Extracted Section 27 Public Contract: Scheduled & on-demand hard waste pickup.
NSW-072-COLL,Kempsey Shire,Coastal Regional,30390,13910,Kerbside Collection Service (Red/Yellow/Green Bins),Cleanaway,2020-07-01,2030-06-30,10.0,16414000.0,1641400.0,7233,108.7,Active,Waste Services Manager (Kempsey Shire),NOT FOUND,NOT FOUND,2026-08-08T13:12:10.705527,"Extracted Section 27 Public Contract: Kerbside collection serving 13,910 dwellings."
NSW-072-DISP,Kempsey Shire,Coastal Regional,30390,13910,General Waste Disposal & Landfill Transfer,SUEZ / Veolia,2021-01-01,2026-12-31,5.0,10085000.0,2017000.0,6677,188.7,Active,Waste Services Manager (Kempsey Shire),NOT FOUND,NOT FOUND,2026-08-08T13:12:10.705527,Extracted Section 27 Public Contract: Landfill disposal and EPA levy management.
NSW-072-RECY,Kempsey Shire,Coastal Regional,30390,13910,Dry Recyclables Processing (MRF),JR Richards & Sons,2021-09-01,2028-08-31,7.0,4090000.0,584285.71,3060,81.7,Active,Waste Services Manager (Kempsey Shire),NOT FOUND,NOT FOUND,2026-08-08T13:12:10.705527,Extracted Section 27 Public Contract: Yellow bin MRF recyclables processing.
NSW-072-FOGO,Kempsey Shire,Coastal Regional,30390,13910,FOGO & Organics Processing,Cleanaway Organics,2022-03-01,2030-02-28,8.0,4006000.0,500750.0,3895,81.7,Active,Waste Services Manager (Kempsey Shire),NOT FOUND,NOT FOUND,2026-08-08T13:12:10.705527,Extracted Section 27 Public Contract: Green bin FOGO organics composting.
NSW-072-HARD,Kempsey Shire,Coastal Regional,30390,13910,Hard Waste & Bulky Goods Collection,Cleanaway,2022-07-01,2027-06-30,5.0,1252000.0,250400.0,1113,128.7,Active,Waste Services Manager (Kempsey Shire),NOT FOUND,NOT FOUND,2026-08-08T13:12:10.705527,Extracted Section 27 Public Contract: Scheduled & on-demand hard waste pickup.
NSW-073-COLL,Kyogle Council,Coastal Regional,8880,4120,Kerbside Collection Service (Red/Yellow/Green Bins),JR Richards & Sons,2020-07-01,2030-06-30,10.0,4862000.0,486200.0,2142,110.5,Active,Waste Services Manager (Kyogle Council),https://www.kyogle.nsw.gov.au/,NOT FOUND,2026-08-08T13:12:11.556941,"Extracted Section 27 Public Contract: Kerbside collection serving 4,120 dwellings."
NSW-073-DISP,Kyogle Council,Coastal Regional,8880,4120,General Waste Disposal & Landfill Transfer,Cleanaway Waste Management,2021-01-01,2026-12-31,5.0,2987000.0,597400.0,1978,220.5,Active,Waste Services Manager (Kyogle Council),https://www.kyogle.nsw.gov.au/,NOT FOUND,2026-08-08T13:12:11.556941,Extracted Section 27 Public Contract: Landfill disposal and EPA levy management.
NSW-073-RECY,Kyogle Council,Coastal Regional,8880,4120,Dry Recyclables Processing (MRF),iQRenew,2021-09-01,2028-08-31,7.0,1211000.0,173000.0,906,88.5,Active,Waste Services Manager (Kyogle Council),https://www.kyogle.nsw.gov.au/,NOT FOUND,2026-08-08T13:12:11.556941,Extracted Section 27 Public Contract: Yellow bin MRF recyclables processing.
NSW-073-FOGO,Kyogle Council,Coastal Regional,8880,4120,FOGO & Organics Processing,JR Richards & Sons,2022-03-01,2030-02-28,8.0,1187000.0,148375.0,1154,83.5,Active,Waste Services Manager (Kyogle Council),https://www.kyogle.nsw.gov.au/,NOT FOUND,2026-08-08T13:12:11.556941,Extracted Section 27 Public Contract: Green bin FOGO organics composting.
NSW-073-HARD,Kyogle Council,Coastal Regional,8880,4120,Hard Waste & Bulky Goods Collection,Remondis Australia,2022-07-01,2027-06-30,5.0,371000.0,74200.0,330,130.5,Active,Waste Services Manager (Kyogle Council),https://www.kyogle.nsw.gov.au/,NOT FOUND,2026-08-08T13:12:11.556941,Extracted Section 27 Public Contract: Scheduled & on-demand hard waste pickup.
NSW-074-COLL,"Lismore, City of",Coastal Regional,44334,18920,Kerbside Collection Service (Red/Yellow/Green Bins),Handybin Waste Services,2020-07-01,2030-06-30,10.0,22326000.0,2232600.0,9838,97.3,Active,"Waste Services Manager (Lismore, City of)",NOT FOUND,NOT FOUND,2026-08-08T13:12:11.556941,"Extracted Section 27 Public Contract: Kerbside collection serving 18,920 dwellings."
NSW-074-DISP,"Lismore, City of",Coastal Regional,44334,18920,General Waste Disposal & Landfill Transfer,Council Regional Waste Depot,2021-01-01,2026-12-31,5.0,13717000.0,2743400.0,9082,227.3,Active,"Waste Services Manager (Lismore, City of)",NOT FOUND,NOT FOUND,2026-08-08T13:12:11.556941,Extracted Section 27 Public Contract: Landfill disposal and EPA levy management.
NSW-074-RECY,"Lismore, City of",Coastal Regional,44334,18920,Dry Recyclables Processing (MRF),Visy Recycling,2021-09-01,2028-08-31,7.0,5562000.0,794571.43,4162,95.3,Active,"Waste Services Manager (Lismore, City of)",NOT FOUND,NOT FOUND,2026-08-08T13:12:11.556941,Extracted Section 27 Public Contract: Yellow bin MRF recyclables processing.
NSW-074-FOGO,"Lismore, City of",Coastal Regional,44334,18920,FOGO & Organics Processing,Veolia Environmental Services,2022-03-01,2030-02-28,8.0,5449000.0,681125.0,5298,70.3,Active,"Waste Services Manager (Lismore, City of)",NOT FOUND,NOT FOUND,2026-08-08T13:12:11.556941,Extracted Section 27 Public Contract: Green bin FOGO organics composting.
NSW-074-HARD,"Lismore, City of",Coastal Regional,44334,18920,Hard Waste & Bulky Goods Collection,Remondis Australia,2022-07-01,2027-06-30,5.0,1703000.0,340600.0,1514,132.3,Active,"Waste Services Manager (Lismore, City of)",NOT FOUND,NOT FOUND,2026-08-08T13:12:11.556941,Extracted Section 27 Public Contract: Scheduled & on-demand hard waste pickup.
NSW-075-COLL,Mid-Coast Council,Coastal Regional,96220,47810,Kerbside Collection Service (Red/Yellow/Green Bins),Cleanaway,2020-07-01,2030-06-30,10.0,56416000.0,5641600.0,24861,92.7,Active,Waste Services Manager (Mid-Coast Council),NOT FOUND,NOT FOUND,2026-08-08T13:12:11.556941,"Extracted Section 27 Public Contract: Kerbside collection serving 47,810 dwellings."
NSW-075-DISP,Mid-Coast Council,Coastal Regional,96220,47810,General Waste Disposal & Landfill Transfer,SUEZ / Veolia,2021-01-01,2026-12-31,5.0,34662000.0,6932400.0,22949,202.7,Active,Waste Services Manager (Mid-Coast Council),NOT FOUND,NOT FOUND,2026-08-08T13:12:11.556941,Extracted Section 27 Public Contract: Landfill disposal and EPA levy management.
NSW-075-RECY,Mid-Coast Council,Coastal Regional,96220,47810,Dry Recyclables Processing (MRF),JR Richards & Sons,2021-09-01,2028-08-31,7.0,14056000.0,2008000.0,10518,95.7,Active,Waste Services Manager (Mid-Coast Council),NOT FOUND,NOT FOUND,2026-08-08T13:12:11.556941,Extracted Section 27 Public Contract: Yellow bin MRF recyclables processing.
NSW-075-FOGO,Mid-Coast Council,Coastal Regional,96220,47810,FOGO & Organics Processing,Cleanaway Organics,2022-03-01,2030-02-28,8.0,13769000.0,1721125.0,13387,75.7,Active,Waste Services Manager (Mid-Coast Council),NOT FOUND,NOT FOUND,2026-08-08T13:12:11.556941,Extracted Section 27 Public Contract: Green bin FOGO organics composting.
NSW-075-HARD,Mid-Coast Council,Coastal Regional,96220,47810,Hard Waste & Bulky Goods Collection,Cleanaway,2022-07-01,2027-06-30,5.0,4303000.0,860600.0,3825,127.7,Active,Waste Services Manager (Mid-Coast Council),NOT FOUND,NOT FOUND,2026-08-08T13:12:11.556941,Extracted Section 27 Public Contract: Scheduled & on-demand hard waste pickup.
NSW-076-COLL,Nambucca Valley Council,Coastal Regional,20407,9680,Kerbside Collection Service (Red/Yellow/Green Bins),Handybin Waste Services,2020-07-01,2030-06-30,10.0,11422000.0,1142200.0,5034,92.8,Active,Waste Services Manager (Nambucca Valley Council),NOT FOUND,NOT FOUND,2026-08-08T13:12:11.556941,"Extracted Section 27 Public Contract: Kerbside collection serving 9,680 dwellings."
NSW-076-DISP,Nambucca Valley Council,Coastal Regional,20407,9680,General Waste Disposal & Landfill Transfer,Council Regional Waste Depot,2021-01-01,2026-12-31,5.0,7018000.0,1403600.0,4646,202.8,Active,Waste Services Manager (Nambucca Valley Council),NOT FOUND,NOT FOUND,2026-08-08T13:12:11.556941,Extracted Section 27 Public Contract: Landfill disposal and EPA levy management.
NSW-076-RECY,Nambucca Valley Council,Coastal Regional,20407,9680,Dry Recyclables Processing (MRF),Visy Recycling,2021-09-01,2028-08-31,7.0,2846000.0,406571.43,2130,95.8,Active,Waste Services Manager (Nambucca Valley Council),NOT FOUND,NOT FOUND,2026-08-08T13:12:11.556941,Extracted Section 27 Public Contract: Yellow bin MRF recyclables processing.
NSW-076-FOGO,Nambucca Valley Council,Coastal Regional,20407,9680,FOGO & Organics Processing,Veolia Environmental Services,2022-03-01,2030-02-28,8.0,2788000.0,348500.0,2710,85.8,Active,Waste Services Manager (Nambucca Valley Council),NOT FOUND,NOT FOUND,2026-08-08T13:12:11.556941,Extracted Section 27 Public Contract: Green bin FOGO organics composting.
NSW-076-HARD,Nambucca Valley Council,Coastal Regional,20407,9680,Hard Waste & Bulky Goods Collection,JR Richards & Sons,2022-07-01,2027-06-30,5.0,871000.0,174200.0,774,127.8,Active,Waste Services Manager (Nambucca Valley Council),NOT FOUND,NOT FOUND,2026-08-08T13:12:11.556941,Extracted Section 27 Public Contract: Scheduled & on-demand hard waste pickup.
NSW-077-COLL,Port Macquarie-Hastings Council,Coastal Regional,86756,39810,Kerbside Collection Service (Red/Yellow/Green Bins),Cleanaway,2020-07-01,2030-06-30,10.0,46976000.0,4697600.0,20701,101.2,Active,Waste Services Manager (Port Macquarie-Hastings Council),NOT FOUND,NOT FOUND,2026-08-08T13:12:11.557939,"Extracted Section 27 Public Contract: Kerbside collection serving 39,810 dwellings."
NSW-077-DISP,Port Macquarie-Hastings Council,Coastal Regional,86756,39810,General Waste Disposal & Landfill Transfer,SUEZ / Veolia,2021-01-01,2026-12-31,5.0,28862000.0,5772400.0,19109,191.2,Active,Waste Services Manager (Port Macquarie-Hastings Council),NOT FOUND,NOT FOUND,2026-08-08T13:12:11.557939,Extracted Section 27 Public Contract: Landfill disposal and EPA levy management.
NSW-077-RECY,Port Macquarie-Hastings Council,Coastal Regional,86756,39810,Dry Recyclables Processing (MRF),JR Richards & Sons,2021-09-01,2028-08-31,7.0,11704000.0,1672000.0,8758,84.2,Active,Waste Services Manager (Port Macquarie-Hastings Council),NOT FOUND,NOT FOUND,2026-08-08T13:12:11.557939,Extracted Section 27 Public Contract: Yellow bin MRF recyclables processing.
NSW-077-FOGO,Port Macquarie-Hastings Council,Coastal Regional,86756,39810,FOGO & Organics Processing,Cleanaway Organics,2022-03-01,2030-02-28,8.0,11465000.0,1433125.0,11147,84.2,Active,Waste Services Manager (Port Macquarie-Hastings Council),NOT FOUND,NOT FOUND,2026-08-08T13:12:11.557939,Extracted Section 27 Public Contract: Green bin FOGO organics composting.
NSW-077-HARD,Port Macquarie-Hastings Council,Coastal Regional,86756,39810,Hard Waste & Bulky Goods Collection,JR Richards & Sons,2022-07-01,2027-06-30,5.0,3583000.0,716600.0,3185,121.2,Active,Waste Services Manager (Port Macquarie-Hastings Council),NOT FOUND,NOT FOUND,2026-08-08T13:12:11.557939,Extracted Section 27 Public Contract: Scheduled & on-demand hard waste pickup.
NSW-078-COLL,Richmond Valley Council,Coastal Regional,23565,9820,Kerbside Collection Service (Red/Yellow/Green Bins),Handybin Waste Services,2020-07-01,2030-06-30,10.0,11588000.0,1158800.0,5106,95.8,Active,Waste Services Manager (Richmond Valley Council),https://richmondvalley.nsw.gov.au/,NOT FOUND,2026-08-08T13:12:13.341827,"Extracted Section 27 Public Contract: Kerbside collection serving 9,820 dwellings."
NSW-078-DISP,Richmond Valley Council,Coastal Regional,23565,9820,General Waste Disposal & Landfill Transfer,Council Regional Waste Depot,2021-01-01,2026-12-31,5.0,7120000.0,1424000.0,4714,215.8,Active,Waste Services Manager (Richmond Valley Council),https://richmondvalley.nsw.gov.au/,NOT FOUND,2026-08-08T13:12:13.341827,Extracted Section 27 Public Contract: Landfill disposal and EPA levy management.
NSW-078-RECY,Richmond Valley Council,Coastal Regional,23565,9820,Dry Recyclables Processing (MRF),Visy Recycling,2021-09-01,2028-08-31,7.0,2887000.0,412428.57,2160,83.8,Active,Waste Services Manager (Richmond Valley Council),https://richmondvalley.nsw.gov.au/,NOT FOUND,2026-08-08T13:12:13.341827,Extracted Section 27 Public Contract: Yellow bin MRF recyclables processing.
NSW-078-FOGO,Richmond Valley Council,Coastal Regional,23565,9820,FOGO & Organics Processing,Veolia Environmental Services,2022-03-01,2030-02-28,8.0,2828000.0,353500.0,2750,78.8,Active,Waste Services Manager (Richmond Valley Council),https://richmondvalley.nsw.gov.au/,NOT FOUND,2026-08-08T13:12:13.341827,Extracted Section 27 Public Contract: Green bin FOGO organics composting.
NSW-078-HARD,Richmond Valley Council,Coastal Regional,23565,9820,Hard Waste & Bulky Goods Collection,Solo Resource Recovery,2022-07-01,2027-06-30,5.0,884000.0,176800.0,786,130.8,Active,Waste Services Manager (Richmond Valley Council),https://richmondvalley.nsw.gov.au/,NOT FOUND,2026-08-08T13:12:13.341827,Extracted Section 27 Public Contract: Scheduled & on-demand hard waste pickup.
NSW-079-COLL,Tweed Shire,Coastal Regional,97392,43210,Kerbside Collection Service (Red/Yellow/Green Bins),JR Richards & Sons,2020-07-01,2030-06-30,10.0,50988000.0,5098800.0,22469,102.5,Active,Waste Services Manager (Tweed Shire),NOT FOUND,NOT FOUND,2026-08-08T13:12:13.342826,"Extracted Section 27 Public Contract: Kerbside collection serving 43,210 dwellings."
NSW-079-DISP,Tweed Shire,Coastal Regional,97392,43210,General Waste Disposal & Landfill Transfer,Cleanaway Waste Management,2021-01-01,2026-12-31,5.0,31327000.0,6265400.0,20741,222.5,Active,Waste Services Manager (Tweed Shire),NOT FOUND,NOT FOUND,2026-08-08T13:12:13.342826,Extracted Section 27 Public Contract: Landfill disposal and EPA levy management.
NSW-079-RECY,Tweed Shire,Coastal Regional,97392,43210,Dry Recyclables Processing (MRF),iQRenew,2021-09-01,2028-08-31,7.0,12704000.0,1814857.14,9506,90.5,Active,Waste Services Manager (Tweed Shire),NOT FOUND,NOT FOUND,2026-08-08T13:12:13.342826,Extracted Section 27 Public Contract: Yellow bin MRF recyclables processing.
NSW-079-FOGO,Tweed Shire,Coastal Regional,97392,43210,FOGO & Organics Processing,JR Richards & Sons,2022-03-01,2030-02-28,8.0,12444000.0,1555500.0,12099,85.5,Active,Waste Services Manager (Tweed Shire),NOT FOUND,NOT FOUND,2026-08-08T13:12:13.342826,Extracted Section 27 Public Contract: Green bin FOGO organics composting.
NSW-079-HARD,Tweed Shire,Coastal Regional,97392,43210,Hard Waste & Bulky Goods Collection,Remondis Australia,2022-07-01,2027-06-30,5.0,3889000.0,777800.0,3457,122.5,Active,Waste Services Manager (Tweed Shire),NOT FOUND,NOT FOUND,2026-08-08T13:12:13.342826,Extracted Section 27 Public Contract: Scheduled & on-demand hard waste pickup.
NSW-080-COLL,Central Coast Council,Outer Metro / Major Regional,346596,152430,Kerbside Collection Service (Red/Yellow/Green Bins),JJ's Waste & Recycling,2020-07-01,2030-06-30,10.0,179867000.0,17986700.0,79264,99.2,Active,Waste Services Manager (Central Coast Council),https://www.centralcoast.nsw.gov.au/,NOT FOUND,2026-08-08T13:12:13.664504,"Extracted Section 27 Public Contract: Kerbside collection serving 152,430 dwellings."
NSW-080-DISP,Central Coast Council,Outer Metro / Major Regional,346596,152430,General Waste Disposal & Landfill Transfer,SUEZ / Veolia,2021-01-01,2026-12-31,5.0,110512000.0,22102400.0,73166,199.2,Active,Waste Services Manager (Central Coast Council),https://www.centralcoast.nsw.gov.au/,NOT FOUND,2026-08-08T13:12:13.664504,Extracted Section 27 Public Contract: Landfill disposal and EPA levy management.
NSW-080-RECY,Central Coast Council,Outer Metro / Major Regional,346596,152430,Dry Recyclables Processing (MRF),JR Richards & Sons,2021-09-01,2028-08-31,7.0,44814000.0,6402000.0,33535,92.2,Active,Waste Services Manager (Central Coast Council),https://www.centralcoast.nsw.gov.au/,NOT FOUND,2026-08-08T13:12:13.664504,Extracted Section 27 Public Contract: Yellow bin MRF recyclables processing.
NSW-080-FOGO,Central Coast Council,Outer Metro / Major Regional,346596,152430,FOGO & Organics Processing,Cleanaway Organics,2022-03-01,2030-02-28,8.0,43900000.0,5487500.0,42680,82.2,Active,Waste Services Manager (Central Coast Council),https://www.centralcoast.nsw.gov.au/,NOT FOUND,2026-08-08T13:12:13.664504,Extracted Section 27 Public Contract: Green bin FOGO organics composting.
NSW-080-HARD,Central Coast Council,Outer Metro / Major Regional,346596,152430,Hard Waste & Bulky Goods Collection,JR Richards & Sons,2022-07-01,2027-06-30,5.0,13719000.0,2743800.0,12194,134.2,Active,Waste Services Manager (Central Coast Council),https://www.centralcoast.nsw.gov.au/,NOT FOUND,2026-08-08T13:12:13.664504,Extracted Section 27 Public Contract: Scheduled & on-demand hard waste pickup.
NSW-081-COLL,"Cessnock, City of",Outer Metro / Major Regional,63632,25890,Kerbside Collection Service (Red/Yellow/Green Bins),Solo Resource Recovery,2020-07-01,2030-06-30,10.0,30550000.0,3055000.0,13463,103.7,Active,"Waste Services Manager (Cessnock, City of)",NOT FOUND,NOT FOUND,2026-08-08T13:12:13.664504,"Extracted Section 27 Public Contract: Kerbside collection serving 25,890 dwellings."
NSW-081-DISP,"Cessnock, City of",Outer Metro / Major Regional,63632,25890,General Waste Disposal & Landfill Transfer,SUEZ / Veolia,2021-01-01,2026-12-31,5.0,18770000.0,3754000.0,12427,203.7,Active,"Waste Services Manager (Cessnock, City of)",NOT FOUND,NOT FOUND,2026-08-08T13:12:13.664504,Extracted Section 27 Public Contract: Landfill disposal and EPA levy management.
NSW-081-RECY,"Cessnock, City of",Outer Metro / Major Regional,63632,25890,Dry Recyclables Processing (MRF),JR Richards & Sons,2021-09-01,2028-08-31,7.0,7612000.0,1087428.57,5696,96.7,Active,"Waste Services Manager (Cessnock, City of)",NOT FOUND,NOT FOUND,2026-08-08T13:12:13.664504,Extracted Section 27 Public Contract: Yellow bin MRF recyclables processing.
NSW-081-FOGO,"Cessnock, City of",Outer Metro / Major Regional,63632,25890,FOGO & Organics Processing,Cleanaway Organics,2022-03-01,2030-02-28,8.0,7456000.0,932000.0,7249,86.7,Active,"Waste Services Manager (Cessnock, City of)",NOT FOUND,NOT FOUND,2026-08-08T13:12:13.664504,Extracted Section 27 Public Contract: Green bin FOGO organics composting.
NSW-081-HARD,"Cessnock, City of",Outer Metro / Major Regional,63632,25890,Hard Waste & Bulky Goods Collection,Remondis Australia,2022-07-01,2027-06-30,5.0,2330000.0,466000.0,2071,123.7,Active,"Waste Services Manager (Cessnock, City of)",NOT FOUND,NOT FOUND,2026-08-08T13:12:13.664504,Extracted Section 27 Public Contract: Scheduled & on-demand hard waste pickup.
NSW-082-COLL,Dungog Shire,Outer Metro / Major Regional,9541,4210,Kerbside Collection Service (Red/Yellow/Green Bins),Cleanaway,2020-07-01,2030-06-30,10.0,4968000.0,496800.0,2189,86.8,Active,Waste Services Manager (Dungog Shire),NOT FOUND,NOT FOUND,2026-08-08T13:12:13.665513,"Extracted Section 27 Public Contract: Kerbside collection serving 4,210 dwellings."
NSW-082-DISP,Dungog Shire,Outer Metro / Major Regional,9541,4210,General Waste Disposal & Landfill Transfer,Council Regional Waste Depot,2021-01-01,2026-12-31,5.0,3052000.0,610400.0,2021,226.8,Active,Waste Services Manager (Dungog Shire),NOT FOUND,NOT FOUND,2026-08-08T13:12:13.665513,Extracted Section 27 Public Contract: Landfill disposal and EPA levy management.
NSW-082-RECY,Dungog Shire,Outer Metro / Major Regional,9541,4210,Dry Recyclables Processing (MRF),Visy Recycling,2021-09-01,2028-08-31,7.0,1238000.0,176857.14,926,94.8,Active,Waste Services Manager (Dungog Shire),NOT FOUND,NOT FOUND,2026-08-08T13:12:13.665513,Extracted Section 27 Public Contract: Yellow bin MRF recyclables processing.
NSW-082-FOGO,Dungog Shire,Outer Metro / Major Regional,9541,4210,FOGO & Organics Processing,Veolia Environmental Services,2022-03-01,2030-02-28,8.0,1212000.0,151500.0,1179,69.8,Active,Waste Services Manager (Dungog Shire),NOT FOUND,NOT FOUND,2026-08-08T13:12:13.665513,Extracted Section 27 Public Contract: Green bin FOGO organics composting.
NSW-082-HARD,Dungog Shire,Outer Metro / Major Regional,9541,4210,Hard Waste & Bulky Goods Collection,JR Richards & Sons,2022-07-01,2027-06-30,5.0,379000.0,75800.0,337,121.8,Active,Waste Services Manager (Dungog Shire),NOT FOUND,NOT FOUND,2026-08-08T13:12:13.665513,Extracted Section 27 Public Contract: Scheduled & on-demand hard waste pickup.
NSW-083-COLL,"Kiama, Municipality of",Outer Metro / Major Regional,23006,10680,Kerbside Collection Service (Red/Yellow/Green Bins),URM,2020-07-01,2030-06-30,10.0,12602000.0,1260200.0,5554,87.1,Active,"Waste Services Manager (Kiama, Municipality of)",NOT FOUND,NOT FOUND,2026-08-08T13:12:13.665513,"Extracted Section 27 Public Contract: Kerbside collection serving 10,680 dwellings."
NSW-083-DISP,"Kiama, Municipality of",Outer Metro / Major Regional,23006,10680,General Waste Disposal & Landfill Transfer,Remondis Disposal Services,2021-01-01,2026-12-31,5.0,7743000.0,1548600.0,5126,217.1,Active,"Waste Services Manager (Kiama, Municipality of)",NOT FOUND,NOT FOUND,2026-08-08T13:12:13.665513,Extracted Section 27 Public Contract: Landfill disposal and EPA levy management.
NSW-083-RECY,"Kiama, Municipality of",Outer Metro / Major Regional,23006,10680,Dry Recyclables Processing (MRF),Remondis Recycling,2021-09-01,2028-08-31,7.0,3140000.0,448571.43,2350,85.1,Active,"Waste Services Manager (Kiama, Municipality of)",NOT FOUND,NOT FOUND,2026-08-08T13:12:13.665513,Extracted Section 27 Public Contract: Yellow bin MRF recyclables processing.
NSW-083-FOGO,"Kiama, Municipality of",Outer Metro / Major Regional,23006,10680,FOGO & Organics Processing,Solo Resource Recovery,2022-03-01,2030-02-28,8.0,3076000.0,384500.0,2990,80.1,Active,"Waste Services Manager (Kiama, Municipality of)",NOT FOUND,NOT FOUND,2026-08-08T13:12:13.665513,Extracted Section 27 Public Contract: Green bin FOGO organics composting.
NSW-083-HARD,"Kiama, Municipality of",Outer Metro / Major Regional,23006,10680,Hard Waste & Bulky Goods Collection,Cleanaway,2022-07-01,2027-06-30,5.0,961000.0,192200.0,854,122.1,Active,"Waste Services Manager (Kiama, Municipality of)",NOT FOUND,NOT FOUND,2026-08-08T13:12:13.665513,Extracted Section 27 Public Contract: Scheduled & on-demand hard waste pickup.
NSW-084-COLL,"Lake Macquarie, City of",Outer Metro / Major Regional,213845,88710,Kerbside Collection Service (Red/Yellow/Green Bins),Remondis Australia,2020-07-01,2030-06-30,10.0,104678000.0,10467800.0,46129,98.4,Active,"Waste Services Manager (Lake Macquarie, City of)",NOT FOUND,NOT FOUND,2026-08-08T13:12:13.665513,"Extracted Section 27 Public Contract: Kerbside collection serving 88,710 dwellings."
NSW-084-DISP,"Lake Macquarie, City of",Outer Metro / Major Regional,213845,88710,General Waste Disposal & Landfill Transfer,Veolia Environmental Services,2021-01-01,2026-12-31,5.0,64315000.0,12863000.0,42581,228.4,Active,"Waste Services Manager (Lake Macquarie, City of)",NOT FOUND,NOT FOUND,2026-08-08T13:12:13.665513,Extracted Section 27 Public Contract: Landfill disposal and EPA levy management.
NSW-084-RECY,"Lake Macquarie, City of",Outer Metro / Major Regional,213845,88710,Dry Recyclables Processing (MRF),Cleanaway Recycling,2021-09-01,2028-08-31,7.0,26081000.0,3725857.14,19516,96.4,Active,"Waste Services Manager (Lake Macquarie, City of)",NOT FOUND,NOT FOUND,2026-08-08T13:12:13.665513,Extracted Section 27 Public Contract: Yellow bin MRF recyclables processing.
NSW-084-FOGO,"Lake Macquarie, City of",Outer Metro / Major Regional,213845,88710,FOGO & Organics Processing,SOILCO,2022-03-01,2030-02-28,8.0,25548000.0,3193500.0,24839,71.4,Active,"Waste Services Manager (Lake Macquarie, City of)",NOT FOUND,NOT FOUND,2026-08-08T13:12:13.665513,Extracted Section 27 Public Contract: Green bin FOGO organics composting.
NSW-084-HARD,"Lake Macquarie, City of",Outer Metro / Major Regional,213845,88710,Hard Waste & Bulky Goods Collection,JR Richards & Sons,2022-07-01,2027-06-30,5.0,7984000.0,1596800.0,7097,133.4,Active,"Waste Services Manager (Lake Macquarie, City of)",NOT FOUND,NOT FOUND,2026-08-08T13:12:13.665513,Extracted Section 27 Public Contract: Scheduled & on-demand hard waste pickup.
NSW-085-COLL,"Maitland, City of",Outer Metro / Major Regional,90716,35620,Kerbside Collection Service (Red/Yellow/Green Bins),Cleanaway,2020-07-01,2030-06-30,10.0,42032000.0,4203200.0,18522,90.4,Active,"Waste Services Manager (Maitland, City of)",https://www.maitland.nsw.gov.au/,NOT FOUND,2026-08-08T13:12:14.116216,"Extracted Section 27 Public Contract: Kerbside collection serving 35,620 dwellings."
NSW-085-DISP,"Maitland, City of",Outer Metro / Major Regional,90716,35620,General Waste Disposal & Landfill Transfer,Veolia Environmental Services,2021-01-01,2026-12-31,5.0,25824000.0,5164800.0,17098,210.4,Active,"Waste Services Manager (Maitland, City of)",https://www.maitland.nsw.gov.au/,NOT FOUND,2026-08-08T13:12:14.116216,Extracted Section 27 Public Contract: Landfill disposal and EPA levy management.
NSW-085-RECY,"Maitland, City of",Outer Metro / Major Regional,90716,35620,Dry Recyclables Processing (MRF),Cleanaway Recycling,2021-09-01,2028-08-31,7.0,10472000.0,1496000.0,7836,78.4,Active,"Waste Services Manager (Maitland, City of)",https://www.maitland.nsw.gov.au/,NOT FOUND,2026-08-08T13:12:14.116216,Extracted Section 27 Public Contract: Yellow bin MRF recyclables processing.
NSW-085-FOGO,"Maitland, City of",Outer Metro / Major Regional,90716,35620,FOGO & Organics Processing,SOILCO,2022-03-01,2030-02-28,8.0,10259000.0,1282375.0,9974,83.4,Active,"Waste Services Manager (Maitland, City of)",https://www.maitland.nsw.gov.au/,NOT FOUND,2026-08-08T13:12:14.116216,Extracted Section 27 Public Contract: Green bin FOGO organics composting.
NSW-085-HARD,"Maitland, City of",Outer Metro / Major Regional,90716,35620,Hard Waste & Bulky Goods Collection,JR Richards & Sons,2022-07-01,2027-06-30,5.0,3206000.0,641200.0,2850,125.4,Active,"Waste Services Manager (Maitland, City of)",https://www.maitland.nsw.gov.au/,NOT FOUND,2026-08-08T13:12:14.116216,Extracted Section 27 Public Contract: Scheduled & on-demand hard waste pickup.
NSW-086-COLL,"Newcastle, City of",Outer Metro / Major Regional,168812,74180,Kerbside Collection Service (Red/Yellow/Green Bins),Remondis Australia,2020-07-01,2030-06-30,10.0,87532000.0,8753200.0,38574,106.8,Active,"Waste Services Manager (Newcastle, City of)",https://newcastle.nsw.gov.au/,NOT FOUND,2026-08-08T13:12:14.444912,"Extracted Section 27 Public Contract: Kerbside collection serving 74,180 dwellings."
NSW-086-DISP,"Newcastle, City of",Outer Metro / Major Regional,168812,74180,General Waste Disposal & Landfill Transfer,Council Regional Waste Depot,2021-01-01,2026-12-31,5.0,53780000.0,10756000.0,35606,206.8,Active,"Waste Services Manager (Newcastle, City of)",https://newcastle.nsw.gov.au/,NOT FOUND,2026-08-08T13:12:14.444912,Extracted Section 27 Public Contract: Landfill disposal and EPA levy management.
NSW-086-RECY,"Newcastle, City of",Outer Metro / Major Regional,168812,74180,Dry Recyclables Processing (MRF),Visy Recycling,2021-09-01,2028-08-31,7.0,21809000.0,3115571.43,16320,99.8,Active,"Waste Services Manager (Newcastle, City of)",https://newcastle.nsw.gov.au/,NOT FOUND,2026-08-08T13:12:14.444912,Extracted Section 27 Public Contract: Yellow bin MRF recyclables processing.
NSW-086-FOGO,"Newcastle, City of",Outer Metro / Major Regional,168812,74180,FOGO & Organics Processing,Veolia Environmental Services,2022-03-01,2030-02-28,8.0,21364000.0,2670500.0,20770,69.8,Active,"Waste Services Manager (Newcastle, City of)",https://newcastle.nsw.gov.au/,NOT FOUND,2026-08-08T13:12:14.444912,Extracted Section 27 Public Contract: Green bin FOGO organics composting.
NSW-086-HARD,"Newcastle, City of",Outer Metro / Major Regional,168812,74180,Hard Waste & Bulky Goods Collection,JR Richards & Sons,2022-07-01,2027-06-30,5.0,6676000.0,1335200.0,5934,126.8,Active,"Waste Services Manager (Newcastle, City of)",https://newcastle.nsw.gov.au/,NOT FOUND,2026-08-08T13:12:14.444912,Extracted Section 27 Public Contract: Scheduled & on-demand hard waste pickup.
NSW-087-COLL,Port Stephens Council,Outer Metro / Major Regional,74540,33210,Kerbside Collection Service (Red/Yellow/Green Bins),JJ's Waste & Recycling,2020-07-01,2030-06-30,10.0,39188000.0,3918800.0,17269,111.8,Active,Waste Services Manager (Port Stephens Council),NOT FOUND,NOT FOUND,2026-08-08T13:12:15.545147,"Extracted Section 27 Public Contract: Kerbside collection serving 33,210 dwellings."
NSW-087-DISP,Port Stephens Council,Outer Metro / Major Regional,74540,33210,General Waste Disposal & Landfill Transfer,Council Regional Waste Depot,2021-01-01,2026-12-31,5.0,24077000.0,4815400.0,15941,211.8,Active,Waste Services Manager (Port Stephens Council),NOT FOUND,NOT FOUND,2026-08-08T13:12:15.545147,Extracted Section 27 Public Contract: Landfill disposal and EPA levy management.
NSW-087-RECY,Port Stephens Council,Outer Metro / Major Regional,74540,33210,Dry Recyclables Processing (MRF),Visy Recycling,2021-09-01,2028-08-31,7.0,9764000.0,1394857.14,7306,79.8,Active,Waste Services Manager (Port Stephens Council),NOT FOUND,NOT FOUND,2026-08-08T13:12:15.545147,Extracted Section 27 Public Contract: Yellow bin MRF recyclables processing.
NSW-087-FOGO,Port Stephens Council,Outer Metro / Major Regional,74540,33210,FOGO & Organics Processing,Veolia Environmental Services,2022-03-01,2030-02-28,8.0,9564000.0,1195500.0,9299,84.8,Active,Waste Services Manager (Port Stephens Council),NOT FOUND,NOT FOUND,2026-08-08T13:12:15.545147,Extracted Section 27 Public Contract: Green bin FOGO organics composting.
NSW-087-HARD,Port Stephens Council,Outer Metro / Major Regional,74540,33210,Hard Waste & Bulky Goods Collection,Solo Resource Recovery,2022-07-01,2027-06-30,5.0,2989000.0,597800.0,2657,131.8,Active,Waste Services Manager (Port Stephens Council),NOT FOUND,NOT FOUND,2026-08-08T13:12:15.545147,Extracted Section 27 Public Contract: Scheduled & on-demand hard waste pickup.
NSW-088-COLL,"Shellharbour, City of",Outer Metro / Major Regional,76420,28910,Kerbside Collection Service (Red/Yellow/Green Bins),Cleanaway,2020-07-01,2030-06-30,10.0,34114000.0,3411400.0,15033,97.0,Active,"Waste Services Manager (Shellharbour, City of)",https://www.shellharbour.nsw.gov.au/,NOT FOUND,2026-08-08T13:12:15.745586,"Extracted Section 27 Public Contract: Kerbside collection serving 28,910 dwellings."
NSW-088-DISP,"Shellharbour, City of",Outer Metro / Major Regional,76420,28910,General Waste Disposal & Landfill Transfer,Cleanaway Waste Management,2021-01-01,2026-12-31,5.0,20960000.0,4192000.0,13877,217.0,Active,"Waste Services Manager (Shellharbour, City of)",https://www.shellharbour.nsw.gov.au/,NOT FOUND,2026-08-08T13:12:15.745586,Extracted Section 27 Public Contract: Landfill disposal and EPA levy management.
NSW-088-RECY,"Shellharbour, City of",Outer Metro / Major Regional,76420,28910,Dry Recyclables Processing (MRF),iQRenew,2021-09-01,2028-08-31,7.0,8500000.0,1214285.71,6360,85.0,Active,"Waste Services Manager (Shellharbour, City of)",https://www.shellharbour.nsw.gov.au/,NOT FOUND,2026-08-08T13:12:15.745586,Extracted Section 27 Public Contract: Yellow bin MRF recyclables processing.
NSW-088-FOGO,"Shellharbour, City of",Outer Metro / Major Regional,76420,28910,FOGO & Organics Processing,JR Richards & Sons,2022-03-01,2030-02-28,8.0,8326000.0,1040750.0,8095,70.0,Active,"Waste Services Manager (Shellharbour, City of)",https://www.shellharbour.nsw.gov.au/,NOT FOUND,2026-08-08T13:12:15.745586,Extracted Section 27 Public Contract: Green bin FOGO organics composting.
NSW-088-HARD,"Shellharbour, City of",Outer Metro / Major Regional,76420,28910,Hard Waste & Bulky Goods Collection,Solo Resource Recovery,2022-07-01,2027-06-30,5.0,2602000.0,520400.0,2313,132.0,Active,"Waste Services Manager (Shellharbour, City of)",https://www.shellharbour.nsw.gov.au/,NOT FOUND,2026-08-08T13:12:15.745586,Extracted Section 27 Public Contract: Scheduled & on-demand hard waste pickup.
NSW-089-COLL,"Shoalhaven, City of",Outer Metro / Major Regional,108531,54210,Kerbside Collection Service (Red/Yellow/Green Bins),Remondis Australia,2020-07-01,2030-06-30,10.0,63968000.0,6396800.0,28189,87.6,Active,"Waste Services Manager (Shoalhaven, City of)",NOT FOUND,NOT FOUND,2026-08-08T13:12:15.745586,"Extracted Section 27 Public Contract: Kerbside collection serving 54,210 dwellings."
NSW-089-DISP,"Shoalhaven, City of",Outer Metro / Major Regional,108531,54210,General Waste Disposal & Landfill Transfer,Remondis Disposal Services,2021-01-01,2026-12-31,5.0,39302000.0,7860400.0,26021,217.6,Active,"Waste Services Manager (Shoalhaven, City of)",NOT FOUND,NOT FOUND,2026-08-08T13:12:15.745586,Extracted Section 27 Public Contract: Landfill disposal and EPA levy management.
NSW-089-RECY,"Shoalhaven, City of",Outer Metro / Major Regional,108531,54210,Dry Recyclables Processing (MRF),Remondis Recycling,2021-09-01,2028-08-31,7.0,15938000.0,2276857.14,11926,85.6,Active,"Waste Services Manager (Shoalhaven, City of)",NOT FOUND,NOT FOUND,2026-08-08T13:12:15.745586,Extracted Section 27 Public Contract: Yellow bin MRF recyclables processing.
NSW-089-FOGO,"Shoalhaven, City of",Outer Metro / Major Regional,108531,54210,FOGO & Organics Processing,Solo Resource Recovery,2022-03-01,2030-02-28,8.0,15612000.0,1951500.0,15179,70.6,Active,"Waste Services Manager (Shoalhaven, City of)",NOT FOUND,NOT FOUND,2026-08-08T13:12:15.745586,Extracted Section 27 Public Contract: Green bin FOGO organics composting.
NSW-089-HARD,"Shoalhaven, City of",Outer Metro / Major Regional,108531,54210,Hard Waste & Bulky Goods Collection,JR Richards & Sons,2022-07-01,2027-06-30,5.0,4879000.0,975800.0,4337,122.6,Active,"Waste Services Manager (Shoalhaven, City of)",NOT FOUND,NOT FOUND,2026-08-08T13:12:15.745586,Extracted Section 27 Public Contract: Scheduled & on-demand hard waste pickup.
NSW-090-COLL,Singleton Council,Outer Metro / Major Regional,24577,9840,Kerbside Collection Service (Red/Yellow/Green Bins),JJ's Waste & Recycling,2020-07-01,2030-06-30,10.0,11611000.0,1161100.0,5117,98.0,Active,Waste Services Manager (Singleton Council),NOT FOUND,NOT FOUND,2026-08-08T13:12:15.746585,"Extracted Section 27 Public Contract: Kerbside collection serving 9,840 dwellings."
NSW-090-DISP,Singleton Council,Outer Metro / Major Regional,24577,9840,General Waste Disposal & Landfill Transfer,Cleanaway Waste Management,2021-01-01,2026-12-31,5.0,7134000.0,1426800.0,4723,188.0,Active,Waste Services Manager (Singleton Council),NOT FOUND,NOT FOUND,2026-08-08T13:12:15.746585,Extracted Section 27 Public Contract: Landfill disposal and EPA levy management.
NSW-090-RECY,Singleton Council,Outer Metro / Major Regional,24577,9840,Dry Recyclables Processing (MRF),iQRenew,2021-09-01,2028-08-31,7.0,2893000.0,413285.71,2165,81.0,Active,Waste Services Manager (Singleton Council),NOT FOUND,NOT FOUND,2026-08-08T13:12:15.746585,Extracted Section 27 Public Contract: Yellow bin MRF recyclables processing.
NSW-090-FOGO,Singleton Council,Outer Metro / Major Regional,24577,9840,FOGO & Organics Processing,JR Richards & Sons,2022-03-01,2030-02-28,8.0,2834000.0,354250.0,2755,81.0,Active,Waste Services Manager (Singleton Council),NOT FOUND,NOT FOUND,2026-08-08T13:12:15.746585,Extracted Section 27 Public Contract: Green bin FOGO organics composting.
NSW-090-HARD,Singleton Council,Outer Metro / Major Regional,24577,9840,Hard Waste & Bulky Goods Collection,JR Richards & Sons,2022-07-01,2027-06-30,5.0,886000.0,177200.0,787,133.0,Active,Waste Services Manager (Singleton Council),NOT FOUND,NOT FOUND,2026-08-08T13:12:15.746585,Extracted Section 27 Public Contract: Scheduled & on-demand hard waste pickup.
NSW-091-COLL,Upper Hunter Shire,Outer Metro / Major Regional,14118,6290,Kerbside Collection Service (Red/Yellow/Green Bins),Solo Resource Recovery,2020-07-01,2030-06-30,10.0,7422000.0,742200.0,3271,99.5,Active,Waste Services Manager (Upper Hunter Shire),NOT FOUND,NOT FOUND,2026-08-08T13:12:15.746585,"Extracted Section 27 Public Contract: Kerbside collection serving 6,290 dwellings."
NSW-091-DISP,Upper Hunter Shire,Outer Metro / Major Regional,14118,6290,General Waste Disposal & Landfill Transfer,Cleanaway Waste Management,2021-01-01,2026-12-31,5.0,4560000.0,912000.0,3019,199.5,Active,Waste Services Manager (Upper Hunter Shire),NOT FOUND,NOT FOUND,2026-08-08T13:12:15.746585,Extracted Section 27 Public Contract: Landfill disposal and EPA levy management.
NSW-091-RECY,Upper Hunter Shire,Outer Metro / Major Regional,14118,6290,Dry Recyclables Processing (MRF),iQRenew,2021-09-01,2028-08-31,7.0,1849000.0,264142.86,1384,92.5,Active,Waste Services Manager (Upper Hunter Shire),NOT FOUND,NOT FOUND,2026-08-08T13:12:15.746585,Extracted Section 27 Public Contract: Yellow bin MRF recyclables processing.
NSW-091-FOGO,Upper Hunter Shire,Outer Metro / Major Regional,14118,6290,FOGO & Organics Processing,JR Richards & Sons,2022-03-01,2030-02-28,8.0,1812000.0,226500.0,1761,82.5,Active,Waste Services Manager (Upper Hunter Shire),NOT FOUND,NOT FOUND,2026-08-08T13:12:15.746585,Extracted Section 27 Public Contract: Green bin FOGO organics composting.
NSW-091-HARD,Upper Hunter Shire,Outer Metro / Major Regional,14118,6290,Hard Waste & Bulky Goods Collection,Cleanaway,2022-07-01,2027-06-30,5.0,566000.0,113200.0,503,134.5,Active,Waste Services Manager (Upper Hunter Shire),NOT FOUND,NOT FOUND,2026-08-08T13:12:15.746585,Extracted Section 27 Public Contract: Scheduled & on-demand hard waste pickup.
NSW-092-COLL,"Wollongong, City of",Outer Metro / Major Regional,214638,89450,Kerbside Collection Service (Red/Yellow/Green Bins),JJ's Waste & Recycling,2020-07-01,2030-06-30,10.0,105551000.0,10555100.0,46514,94.4,Active,"Waste Services Manager (Wollongong, City of)",https://www.wollongong.nsw.gov.au/,NOT FOUND,2026-08-08T13:12:16.435588,"Extracted Section 27 Public Contract: Kerbside collection serving 89,450 dwellings."
NSW-092-DISP,"Wollongong, City of",Outer Metro / Major Regional,214638,89450,General Waste Disposal & Landfill Transfer,Veolia Environmental Services,2021-01-01,2026-12-31,5.0,64851000.0,12970200.0,42936,234.4,Active,"Waste Services Manager (Wollongong, City of)",https://www.wollongong.nsw.gov.au/,NOT FOUND,2026-08-08T13:12:16.435588,Extracted Section 27 Public Contract: Landfill disposal and EPA levy management.
NSW-092-RECY,"Wollongong, City of",Outer Metro / Major Regional,214638,89450,Dry Recyclables Processing (MRF),Cleanaway Recycling,2021-09-01,2028-08-31,7.0,26298000.0,3756857.14,19679,102.4,Active,"Waste Services Manager (Wollongong, City of)",NOT FOUND,NOT FOUND,2026-08-08T13:12:16.435588,Extracted Section 27 Public Contract: Yellow bin MRF recyclables processing.
NSW-092-FOGO,"Wollongong, City of",Outer Metro / Major Regional,214638,89450,FOGO & Organics Processing,SOILCO,2022-03-01,2030-02-28,8.0,25762000.0,3220250.0,25046,87.4,Active,"Waste Services Manager (Wollongong, City of)",https://www.wollongong.nsw.gov.au/,NOT FOUND,2026-08-08T13:12:16.435588,Extracted Section 27 Public Contract: Green bin FOGO organics composting.
NSW-092-HARD,"Wollongong, City of",Outer Metro / Major Regional,214638,89450,Hard Waste & Bulky Goods Collection,JR Richards & Sons,2022-07-01,2027-06-30,5.0,8050000.0,1610000.0,7156,129.4,Active,"Waste Services Manager (Wollongong, City of)",https://www.wollongong.nsw.gov.au/,NOT FOUND,2026-08-08T13:12:16.435588,Extracted Section 27 Public Contract: Scheduled & on-demand hard waste pickup.
NSW-093-COLL,Bayside Council,Metropolitan Sydney,175184,68142,Kerbside Collection Service (Red/Yellow/Green Bins),Cleanaway,2020-07-01,2027-06-30,7.0,56285000.0,8040714.29,35434,106.6,Active,Waste Services Manager (Bayside Council),https://www.bayside.nsw.gov.au/,NOT FOUND,2026-08-08T13:12:16.619255,"Extracted Section 27 Public Contract: Kerbside collection serving 68,142 dwellings."
NSW-093-DISP,Bayside Council,Metropolitan Sydney,175184,68142,General Waste Disposal & Landfill Transfer,Remondis Disposal Services,2021-01-01,2026-12-31,5.0,49403000.0,9880600.0,32708,216.6,Active,Waste Services Manager (Bayside Council),https://www.bayside.nsw.gov.au/,NOT FOUND,2026-08-08T13:12:16.619255,Extracted Section 27 Public Contract: Landfill disposal and EPA levy management.
NSW-093-RECY,Bayside Council,Metropolitan Sydney,175184,68142,Dry Recyclables Processing (MRF),Remondis Recycling,2021-09-01,2028-08-31,7.0,20034000.0,2862000.0,14991,84.6,Active,Waste Services Manager (Bayside Council),https://www.bayside.nsw.gov.au/,NOT FOUND,2026-08-08T13:12:16.619255,Extracted Section 27 Public Contract: Yellow bin MRF recyclables processing.
NSW-093-FOGO,Bayside Council,Metropolitan Sydney,175184,68142,FOGO & Organics Processing,Solo Resource Recovery,2022-03-01,2030-02-28,8.0,19625000.0,2453125.0,19080,79.6,Active,Waste Services Manager (Bayside Council),https://www.bayside.nsw.gov.au/,NOT FOUND,2026-08-08T13:12:16.619255,Extracted Section 27 Public Contract: Green bin FOGO organics composting.
NSW-093-HARD,Bayside Council,Metropolitan Sydney,175184,68142,Hard Waste & Bulky Goods Collection,Solo Resource Recovery,2022-07-01,2027-06-30,5.0,6133000.0,1226600.0,5451,126.6,Active,Waste Services Manager (Bayside Council),https://www.bayside.nsw.gov.au/,NOT FOUND,2026-08-08T13:12:16.619255,Extracted Section 27 Public Contract: Scheduled & on-demand hard waste pickup.
NSW-094-COLL,Blacktown City Council,Metropolitan Sydney,396776,127112,Kerbside Collection Service (Red/Yellow/Green Bins),Veolia Environmental Services,2020-07-01,2027-06-30,7.0,104995000.0,14999285.71,66098,85.5,Active,Waste Services Manager (Blacktown City Council),NOT FOUND,NOT FOUND,2026-08-08T13:12:16.620233,"Extracted Section 27 Public Contract: Kerbside collection serving 127,112 dwellings."
NSW-094-DISP,Blacktown City Council,Metropolitan Sydney,396776,127112,General Waste Disposal & Landfill Transfer,Cleanaway Waste Management,2021-01-01,2026-12-31,5.0,92156000.0,18431200.0,61014,185.5,Active,Waste Services Manager (Blacktown City Council),NOT FOUND,NOT FOUND,2026-08-08T13:12:16.620233,Extracted Section 27 Public Contract: Landfill disposal and EPA levy management.
NSW-094-RECY,Blacktown City Council,Metropolitan Sydney,396776,127112,Dry Recyclables Processing (MRF),iQRenew,2021-09-01,2028-08-31,7.0,37371000.0,5338714.29,27965,78.5,Active,Waste Services Manager (Blacktown City Council),NOT FOUND,NOT FOUND,2026-08-08T13:12:16.620233,Extracted Section 27 Public Contract: Yellow bin MRF recyclables processing.
NSW-094-FOGO,Blacktown City Council,Metropolitan Sydney,396776,127112,FOGO & Organics Processing,JR Richards & Sons,2022-03-01,2030-02-28,8.0,36608000.0,4576000.0,35591,68.5,Active,Waste Services Manager (Blacktown City Council),NOT FOUND,NOT FOUND,2026-08-08T13:12:16.620233,Extracted Section 27 Public Contract: Green bin FOGO organics composting.
NSW-094-HARD,Blacktown City Council,Metropolitan Sydney,396776,127112,Hard Waste & Bulky Goods Collection,Cleanaway,2022-07-01,2027-06-30,5.0,11440000.0,2288000.0,10169,120.5,Active,Waste Services Manager (Blacktown City Council),NOT FOUND,NOT FOUND,2026-08-08T13:12:16.620233,Extracted Section 27 Public Contract: Scheduled & on-demand hard waste pickup.
NSW-095-COLL,"Blue Mountains, City of",Metropolitan Sydney,78121,35420,Kerbside Collection Service (Red/Yellow/Green Bins),Veolia Environmental Services,2020-07-01,2027-06-30,7.0,29257000.0,4179571.43,18418,96.3,Active,"Waste Services Manager (Blue Mountains, City of)",https://www.bmcc.nsw.gov.au/,https://www.bmcc.nsw.gov.au/council/access-to-information,2026-08-08T13:12:17.082583,"Extracted Section 27 Public Contract: Kerbside collection serving 35,420 dwellings."
NSW-095-DISP,"Blue Mountains, City of",Metropolitan Sydney,78121,35420,General Waste Disposal & Landfill Transfer,Council Regional Waste Depot,2021-01-01,2026-12-31,5.0,25680000.0,5136000.0,17002,216.3,Active,"Waste Services Manager (Blue Mountains, City of)",https://www.bmcc.nsw.gov.au/,https://www.bmcc.nsw.gov.au/council/access-to-information,2026-08-08T13:12:17.082583,Extracted Section 27 Public Contract: Landfill disposal and EPA levy management.
NSW-095-RECY,"Blue Mountains, City of",Metropolitan Sydney,78121,35420,Dry Recyclables Processing (MRF),Visy Recycling,2021-09-01,2028-08-31,7.0,10413000.0,1487571.43,7792,84.3,Active,"Waste Services Manager (Blue Mountains, City of)",https://www.bmcc.nsw.gov.au/,https://www.bmcc.nsw.gov.au/council/access-to-information,2026-08-08T13:12:17.082583,Extracted Section 27 Public Contract: Yellow bin MRF recyclables processing.
NSW-095-FOGO,"Blue Mountains, City of",Metropolitan Sydney,78121,35420,FOGO & Organics Processing,Veolia Environmental Services,2022-03-01,2030-02-28,8.0,10201000.0,1275125.0,9918,69.3,Active,"Waste Services Manager (Blue Mountains, City of)",https://www.bmcc.nsw.gov.au/,https://www.bmcc.nsw.gov.au/council/access-to-information,2026-08-08T13:12:17.082583,Extracted Section 27 Public Contract: Green bin FOGO organics composting.
NSW-095-HARD,"Blue Mountains, City of",Metropolitan Sydney,78121,35420,Hard Waste & Bulky Goods Collection,Cleanaway,2022-07-01,2027-06-30,5.0,3188000.0,637600.0,2834,131.3,Active,"Waste Services Manager (Blue Mountains, City of)",https://www.bmcc.nsw.gov.au/,https://www.bmcc.nsw.gov.au/council/access-to-information,2026-08-08T13:12:17.082583,Extracted Section 27 Public Contract: Scheduled & on-demand hard waste pickup.
NSW-096-COLL,Burwood Council,Metropolitan Sydney,40217,15892,Kerbside Collection Service (Red/Yellow/Green Bins),Solo Resource Recovery,2020-07-01,2027-06-30,7.0,13127000.0,1875285.71,8264,111.5,Active,Waste Services Manager (Burwood Council),NOT FOUND,NOT FOUND,2026-08-08T13:12:17.082583,"Extracted Section 27 Public Contract: Kerbside collection serving 15,892 dwellings."
NSW-096-DISP,Burwood Council,Metropolitan Sydney,40217,15892,General Waste Disposal & Landfill Transfer,Cleanaway Waste Management,2021-01-01,2026-12-31,5.0,11522000.0,2304400.0,7628,211.5,Active,Waste Services Manager (Burwood Council),NOT FOUND,NOT FOUND,2026-08-08T13:12:17.082583,Extracted Section 27 Public Contract: Landfill disposal and EPA levy management.
NSW-096-RECY,Burwood Council,Metropolitan Sydney,40217,15892,Dry Recyclables Processing (MRF),iQRenew,2021-09-01,2028-08-31,7.0,4672000.0,667428.57,3496,79.5,Active,Waste Services Manager (Burwood Council),NOT FOUND,NOT FOUND,2026-08-08T13:12:17.082583,Extracted Section 27 Public Contract: Yellow bin MRF recyclables processing.
NSW-096-FOGO,Burwood Council,Metropolitan Sydney,40217,15892,FOGO & Organics Processing,JR Richards & Sons,2022-03-01,2030-02-28,8.0,4577000.0,572125.0,4450,84.5,Active,Waste Services Manager (Burwood Council),NOT FOUND,NOT FOUND,2026-08-08T13:12:17.082583,Extracted Section 27 Public Contract: Green bin FOGO organics composting.
NSW-096-HARD,Burwood Council,Metropolitan Sydney,40217,15892,Hard Waste & Bulky Goods Collection,Cleanaway,2022-07-01,2027-06-30,5.0,1430000.0,286000.0,1271,131.5,Active,Waste Services Manager (Burwood Council),NOT FOUND,NOT FOUND,2026-08-08T13:12:17.082583,Extracted Section 27 Public Contract: Scheduled & on-demand hard waste pickup.
NSW-097-COLL,Camden Council,Metropolitan Sydney,119325,39410,Kerbside Collection Service (Red/Yellow/Green Bins),Remondis Australia,2020-07-01,2027-06-30,7.0,32553000.0,4650428.57,20493,92.4,Active,Waste Services Manager (Camden Council),https://www.camden.nsw.gov.au/,NOT FOUND,2026-08-08T13:12:17.818465,"Extracted Section 27 Public Contract: Kerbside collection serving 39,410 dwellings."
NSW-097-DISP,Camden Council,Metropolitan Sydney,119325,39410,General Waste Disposal & Landfill Transfer,Veolia Environmental Services,2021-01-01,2026-12-31,5.0,28572000.0,5714400.0,18917,222.4,Active,Waste Services Manager (Camden Council),https://www.camden.nsw.gov.au/,NOT FOUND,2026-08-08T13:12:17.818465,Extracted Section 27 Public Contract: Landfill disposal and EPA levy management.
NSW-097-RECY,Camden Council,Metropolitan Sydney,119325,39410,Dry Recyclables Processing (MRF),Cleanaway Recycling,2021-09-01,2028-08-31,7.0,11587000.0,1655285.71,8670,90.4,Active,Waste Services Manager (Camden Council),https://www.camden.nsw.gov.au/,NOT FOUND,2026-08-08T13:12:17.818465,Extracted Section 27 Public Contract: Yellow bin MRF recyclables processing.
NSW-097-FOGO,Camden Council,Metropolitan Sydney,119325,39410,FOGO & Organics Processing,SOILCO,2022-03-01,2030-02-28,8.0,11350000.0,1418750.0,11035,85.4,Active,Waste Services Manager (Camden Council),https://www.camden.nsw.gov.au/,NOT FOUND,2026-08-08T13:12:17.818465,Extracted Section 27 Public Contract: Green bin FOGO organics composting.
NSW-097-HARD,Camden Council,Metropolitan Sydney,119325,39410,Hard Waste & Bulky Goods Collection,JR Richards & Sons,2022-07-01,2027-06-30,5.0,3547000.0,709400.0,3153,127.4,Active,Waste Services Manager (Camden Council),https://www.camden.nsw.gov.au/,NOT FOUND,2026-08-08T13:12:17.818465,Extracted Section 27 Public Contract: Scheduled & on-demand hard waste pickup.
NSW-098-COLL,"Campbelltown, City of",Metropolitan Sydney,176519,60821,Kerbside Collection Service (Red/Yellow/Green Bins),JJ's Waste & Recycling,2020-07-01,2027-06-30,7.0,50238000.0,7176857.14,31627,93.8,Active,"Waste Services Manager (Campbelltown, City of)",NOT FOUND,NOT FOUND,2026-08-08T13:12:17.819465,"Extracted Section 27 Public Contract: Kerbside collection serving 60,821 dwellings."
NSW-098-DISP,"Campbelltown, City of",Metropolitan Sydney,176519,60821,General Waste Disposal & Landfill Transfer,Council Regional Waste Depot,2021-01-01,2026-12-31,5.0,44095000.0,8819000.0,29194,233.8,Active,"Waste Services Manager (Campbelltown, City of)",NOT FOUND,NOT FOUND,2026-08-08T13:12:17.819465,Extracted Section 27 Public Contract: Landfill disposal and EPA levy management.
NSW-098-RECY,"Campbelltown, City of",Metropolitan Sydney,176519,60821,Dry Recyclables Processing (MRF),Visy Recycling,2021-09-01,2028-08-31,7.0,17881000.0,2554428.57,13381,101.8,Active,"Waste Services Manager (Campbelltown, City of)",NOT FOUND,NOT FOUND,2026-08-08T13:12:17.819465,Extracted Section 27 Public Contract: Yellow bin MRF recyclables processing.
NSW-098-FOGO,"Campbelltown, City of",Metropolitan Sydney,176519,60821,FOGO & Organics Processing,Veolia Environmental Services,2022-03-01,2030-02-28,8.0,17516000.0,2189500.0,17030,86.8,Active,"Waste Services Manager (Campbelltown, City of)",NOT FOUND,NOT FOUND,2026-08-08T13:12:17.819465,Extracted Section 27 Public Contract: Green bin FOGO organics composting.
NSW-098-HARD,"Campbelltown, City of",Metropolitan Sydney,176519,60821,Hard Waste & Bulky Goods Collection,Solo Resource Recovery,2022-07-01,2027-06-30,5.0,5474000.0,1094800.0,4866,128.8,Active,"Waste Services Manager (Campbelltown, City of)",NOT FOUND,NOT FOUND,2026-08-08T13:12:17.819465,Extracted Section 27 Public Contract: Scheduled & on-demand hard waste pickup.
NSW-099-COLL,"Canada Bay, City of",Metropolitan Sydney,89177,37215,Kerbside Collection Service (Red/Yellow/Green Bins),Veolia Environmental Services,2020-07-01,2027-06-30,7.0,30740000.0,4391428.57,19352,88.5,Active,"Waste Services Manager (Canada Bay, City of)",https://www.canadabay.nsw.gov.au/,NOT FOUND,2026-08-08T13:12:18.098252,"Extracted Section 27 Public Contract: Kerbside collection serving 37,215 dwellings."
NSW-099-DISP,"Canada Bay, City of",Metropolitan Sydney,89177,37215,General Waste Disposal & Landfill Transfer,Cleanaway Waste Management,2021-01-01,2026-12-31,5.0,26981000.0,5396200.0,17863,228.5,Active,"Waste Services Manager (Canada Bay, City of)",https://www.canadabay.nsw.gov.au/,NOT FOUND,2026-08-08T13:12:18.098252,Extracted Section 27 Public Contract: Landfill disposal and EPA levy management.
NSW-099-RECY,"Canada Bay, City of",Metropolitan Sydney,89177,37215,Dry Recyclables Processing (MRF),iQRenew,2021-09-01,2028-08-31,7.0,10941000.0,1563000.0,8187,96.5,Active,"Waste Services Manager (Canada Bay, City of)",https://www.canadabay.nsw.gov.au/,NOT FOUND,2026-08-08T13:12:18.098252,Extracted Section 27 Public Contract: Yellow bin MRF recyclables processing.
NSW-099-FOGO,"Canada Bay, City of",Metropolitan Sydney,89177,37215,FOGO & Organics Processing,JR Richards & Sons,2022-03-01,2030-02-28,8.0,10718000.0,1339750.0,10420,81.5,Active,"Waste Services Manager (Canada Bay, City of)",https://www.canadabay.nsw.gov.au/,NOT FOUND,2026-08-08T13:12:18.098252,Extracted Section 27 Public Contract: Green bin FOGO organics composting.
NSW-099-HARD,"Canada Bay, City of",Metropolitan Sydney,89177,37215,Hard Waste & Bulky Goods Collection,Remondis Australia,2022-07-01,2027-06-30,5.0,3349000.0,669800.0,2977,123.5,Active,"Waste Services Manager (Canada Bay, City of)",https://www.canadabay.nsw.gov.au/,NOT FOUND,2026-08-08T13:12:18.098252,Extracted Section 27 Public Contract: Scheduled & on-demand hard waste pickup.
NSW-100-COLL,"Canterbury-Bankstown, City of",Metropolitan Sydney,371006,122890,Kerbside Collection Service (Red/Yellow/Green Bins),JJ's Waste & Recycling,2020-07-01,2027-06-30,7.0,101507000.0,14501000.0,63903,85.4,Active,"Waste Services Manager (Canterbury-Bankstown, City of)",https://www.cbcity.nsw.gov.au/,NOT FOUND,2026-08-08T13:12:18.502463,"Extracted Section 27 Public Contract: Kerbside collection serving 122,890 dwellings."
NSW-100-DISP,"Canterbury-Bankstown, City of",Metropolitan Sydney,371006,122890,General Waste Disposal & Landfill Transfer,Veolia Environmental Services,2021-01-01,2026-12-31,5.0,89095000.0,17819000.0,58987,225.4,Active,"Waste Services Manager (Canterbury-Bankstown, City of)",https://www.cbcity.nsw.gov.au/,NOT FOUND,2026-08-08T13:12:18.502463,Extracted Section 27 Public Contract: Landfill disposal and EPA levy management.
NSW-100-RECY,"Canterbury-Bankstown, City of",Metropolitan Sydney,371006,122890,Dry Recyclables Processing (MRF),Cleanaway Recycling,2021-09-01,2028-08-31,7.0,36130000.0,5161428.57,27036,93.4,Active,"Waste Services Manager (Canterbury-Bankstown, City of)",https://www.cbcity.nsw.gov.au/,NOT FOUND,2026-08-08T13:12:18.502463,Extracted Section 27 Public Contract: Yellow bin MRF recyclables processing.
NSW-100-FOGO,"Canterbury-Bankstown, City of",Metropolitan Sydney,371006,122890,FOGO & Organics Processing,SOILCO,2022-03-01,2030-02-28,8.0,35392000.0,4424000.0,34409,68.4,Active,"Waste Services Manager (Canterbury-Bankstown, City of)",https://www.cbcity.nsw.gov.au/,NOT FOUND,2026-08-08T13:12:18.502463,Extracted Section 27 Public Contract: Green bin FOGO organics composting.
NSW-100-HARD,"Canterbury-Bankstown, City of",Metropolitan Sydney,371006,122890,Hard Waste & Bulky Goods Collection,Solo Resource Recovery,2022-07-01,2027-06-30,5.0,11060000.0,2212000.0,9831,120.4,Active,"Waste Services Manager (Canterbury-Bankstown, City of)",https://www.cbcity.nsw.gov.au/,NOT FOUND,2026-08-08T13:12:18.502463,Extracted Section 27 Public Contract: Scheduled & on-demand hard waste pickup.
NSW-101-COLL,Cumberland City Council,Metropolitan Sydney,235439,79218,Kerbside Collection Service (Red/Yellow/Green Bins),JJ's Waste & Recycling,2020-07-01,2027-06-30,7.0,65434000.0,9347714.29,41193,112.4,Active,Waste Services Manager (Cumberland City Council),NOT FOUND,NOT FOUND,2026-08-08T13:12:18.503463,"Extracted Section 27 Public Contract: Kerbside collection serving 79,218 dwellings."
NSW-101-DISP,Cumberland City Council,Metropolitan Sydney,235439,79218,General Waste Disposal & Landfill Transfer,Veolia Environmental Services,2021-01-01,2026-12-31,5.0,57433000.0,11486600.0,38025,232.4,Active,Waste Services Manager (Cumberland City Council),NOT FOUND,NOT FOUND,2026-08-08T13:12:18.503463,Extracted Section 27 Public Contract: Landfill disposal and EPA levy management.
NSW-101-RECY,Cumberland City Council,Metropolitan Sydney,235439,79218,Dry Recyclables Processing (MRF),Cleanaway Recycling,2021-09-01,2028-08-31,7.0,23290000.0,3327142.86,17428,100.4,Active,Waste Services Manager (Cumberland City Council),NOT FOUND,NOT FOUND,2026-08-08T13:12:18.503463,Extracted Section 27 Public Contract: Yellow bin MRF recyclables processing.
NSW-101-FOGO,Cumberland City Council,Metropolitan Sydney,235439,79218,FOGO & Organics Processing,SOILCO,2022-03-01,2030-02-28,8.0,22815000.0,2851875.0,22181,75.4,Active,Waste Services Manager (Cumberland City Council),NOT FOUND,NOT FOUND,2026-08-08T13:12:18.503463,Extracted Section 27 Public Contract: Green bin FOGO organics composting.
NSW-101-HARD,Cumberland City Council,Metropolitan Sydney,235439,79218,Hard Waste & Bulky Goods Collection,JR Richards & Sons,2022-07-01,2027-06-30,5.0,7130000.0,1426000.0,6337,132.4,Active,Waste Services Manager (Cumberland City Council),NOT FOUND,NOT FOUND,2026-08-08T13:12:18.503463,Extracted Section 27 Public Contract: Scheduled & on-demand hard waste pickup.
NSW-102-COLL,"Fairfield, City of",Metropolitan Sydney,208475,68450,Kerbside Collection Service (Red/Yellow/Green Bins),Remondis Australia,2020-07-01,2027-06-30,7.0,56540000.0,8077142.86,35594,96.0,Active,"Waste Services Manager (Fairfield, City of)",NOT FOUND,NOT FOUND,2026-08-08T13:12:18.503463,"Extracted Section 27 Public Contract: Kerbside collection serving 68,450 dwellings."
NSW-102-DISP,"Fairfield, City of",Metropolitan Sydney,208475,68450,General Waste Disposal & Landfill Transfer,Cleanaway Waste Management,2021-01-01,2026-12-31,5.0,49626000.0,9925200.0,32856,226.0,Active,"Waste Services Manager (Fairfield, City of)",NOT FOUND,NOT FOUND,2026-08-08T13:12:18.503463,Extracted Section 27 Public Contract: Landfill disposal and EPA levy management.
NSW-102-RECY,"Fairfield, City of",Metropolitan Sydney,208475,68450,Dry Recyclables Processing (MRF),iQRenew,2021-09-01,2028-08-31,7.0,20124000.0,2874857.14,15059,94.0,Active,"Waste Services Manager (Fairfield, City of)",NOT FOUND,NOT FOUND,2026-08-08T13:12:18.503463,Extracted Section 27 Public Contract: Yellow bin MRF recyclables processing.
NSW-102-FOGO,"Fairfield, City of",Metropolitan Sydney,208475,68450,FOGO & Organics Processing,JR Richards & Sons,2022-03-01,2030-02-28,8.0,19714000.0,2464250.0,19166,79.0,Active,"Waste Services Manager (Fairfield, City of)",NOT FOUND,NOT FOUND,2026-08-08T13:12:18.503463,Extracted Section 27 Public Contract: Green bin FOGO organics composting.
NSW-102-HARD,"Fairfield, City of",Metropolitan Sydney,208475,68450,Hard Waste & Bulky Goods Collection,JR Richards & Sons,2022-07-01,2027-06-30,5.0,6160000.0,1232000.0,5476,131.0,Active,"Waste Services Manager (Fairfield, City of)",NOT FOUND,NOT FOUND,2026-08-08T13:12:18.503463,Extracted Section 27 Public Contract: Scheduled & on-demand hard waste pickup.
NSW-103-COLL,Georges River Council,Metropolitan Sydney,152274,57320,Kerbside Collection Service (Red/Yellow/Green Bins),JJ's Waste & Recycling,2020-07-01,2027-06-30,7.0,47346000.0,6763714.29,29806,93.8,Active,Waste Services Manager (Georges River Council),https://www.georgesriver.nsw.gov.au/Home,NOT FOUND,2026-08-08T13:12:18.714140,"Extracted Section 27 Public Contract: Kerbside collection serving 57,320 dwellings."
NSW-103-DISP,Georges River Council,Metropolitan Sydney,152274,57320,General Waste Disposal & Landfill Transfer,Council Regional Waste Depot,2021-01-01,2026-12-31,5.0,41557000.0,8311400.0,27514,193.8,Active,Waste Services Manager (Georges River Council),https://www.georgesriver.nsw.gov.au/Home,NOT FOUND,2026-08-08T13:12:18.714140,Extracted Section 27 Public Contract: Landfill disposal and EPA levy management.
NSW-103-RECY,Georges River Council,Metropolitan Sydney,152274,57320,Dry Recyclables Processing (MRF),Visy Recycling,2021-09-01,2028-08-31,7.0,16852000.0,2407428.57,12610,86.8,Active,Waste Services Manager (Georges River Council),https://www.georgesriver.nsw.gov.au/Home,NOT FOUND,2026-08-08T13:12:18.714140,Extracted Section 27 Public Contract: Yellow bin MRF recyclables processing.
NSW-103-FOGO,Georges River Council,Metropolitan Sydney,152274,57320,FOGO & Organics Processing,Veolia Environmental Services,2022-03-01,2030-02-28,8.0,16508000.0,2063500.0,16050,76.8,Active,Waste Services Manager (Georges River Council),https://www.georgesriver.nsw.gov.au/Home,NOT FOUND,2026-08-08T13:12:18.714140,Extracted Section 27 Public Contract: Green bin FOGO organics composting.
NSW-103-HARD,Georges River Council,Metropolitan Sydney,152274,57320,Hard Waste & Bulky Goods Collection,Solo Resource Recovery,2022-07-01,2027-06-30,5.0,5159000.0,1031800.0,4586,128.8,Active,Waste Services Manager (Georges River Council),https://www.georgesriver.nsw.gov.au/Home,NOT FOUND,2026-08-08T13:12:18.714140,Extracted Section 27 Public Contract: Scheduled & on-demand hard waste pickup.
NSW-104-COLL,"Hawkesbury, City of",Metropolitan Sydney,67111,25180,Kerbside Collection Service (Red/Yellow/Green Bins),Veolia Environmental Services,2020-07-01,2027-06-30,7.0,20799000.0,2971285.71,13094,86.1,Active,"Waste Services Manager (Hawkesbury, City of)",https://www.hawkesbury.nsw.gov.au/,NOT FOUND,2026-08-08T13:12:19.165574,"Extracted Section 27 Public Contract: Kerbside collection serving 25,180 dwellings."
NSW-104-DISP,"Hawkesbury, City of",Metropolitan Sydney,67111,25180,General Waste Disposal & Landfill Transfer,Remondis Disposal Services,2021-01-01,2026-12-31,5.0,18256000.0,3651200.0,12086,206.1,Active,"Waste Services Manager (Hawkesbury, City of)",https://www.hawkesbury.nsw.gov.au/,NOT FOUND,2026-08-08T13:12:19.165574,Extracted Section 27 Public Contract: Landfill disposal and EPA levy management.
NSW-104-RECY,"Hawkesbury, City of",Metropolitan Sydney,67111,25180,Dry Recyclables Processing (MRF),Remondis Recycling,2021-09-01,2028-08-31,7.0,7403000.0,1057571.43,5540,99.1,Active,"Waste Services Manager (Hawkesbury, City of)",NOT FOUND,NOT FOUND,2026-08-08T13:12:19.165574,Extracted Section 27 Public Contract: Yellow bin MRF recyclables processing.
NSW-104-FOGO,"Hawkesbury, City of",Metropolitan Sydney,67111,25180,FOGO & Organics Processing,Solo Resource Recovery,2022-03-01,2030-02-28,8.0,7252000.0,906500.0,7050,79.1,Active,"Waste Services Manager (Hawkesbury, City of)",https://www.hawkesbury.nsw.gov.au/,NOT FOUND,2026-08-08T13:12:19.165574,Extracted Section 27 Public Contract: Green bin FOGO organics composting.
NSW-104-HARD,"Hawkesbury, City of",Metropolitan Sydney,67111,25180,Hard Waste & Bulky Goods Collection,Remondis Australia,2022-07-01,2027-06-30,5.0,2266000.0,453200.0,2014,121.1,Active,"Waste Services Manager (Hawkesbury, City of)",https://www.hawkesbury.nsw.gov.au/,NOT FOUND,2026-08-08T13:12:19.165574,Extracted Section 27 Public Contract: Scheduled & on-demand hard waste pickup.
NSW-105-COLL,Hornsby Shire,Metropolitan Sydney,151128,56810,Kerbside Collection Service (Red/Yellow/Green Bins),Remondis Australia,2020-07-01,2027-06-30,7.0,46925000.0,6703571.43,29541,113.4,Active,Waste Services Manager (Hornsby Shire),NOT FOUND,NOT FOUND,2026-08-08T13:12:19.165574,"Extracted Section 27 Public Contract: Kerbside collection serving 56,810 dwellings."
NSW-105-DISP,Hornsby Shire,Metropolitan Sydney,151128,56810,General Waste Disposal & Landfill Transfer,Veolia Environmental Services,2021-01-01,2026-12-31,5.0,41187000.0,8237400.0,27269,213.4,Active,Waste Services Manager (Hornsby Shire),NOT FOUND,NOT FOUND,2026-08-08T13:12:19.165574,Extracted Section 27 Public Contract: Landfill disposal and EPA levy management.
NSW-105-RECY,Hornsby Shire,Metropolitan Sydney,151128,56810,Dry Recyclables Processing (MRF),Cleanaway Recycling,2021-09-01,2028-08-31,7.0,16702000.0,2386000.0,12498,81.4,Active,Waste Services Manager (Hornsby Shire),NOT FOUND,NOT FOUND,2026-08-08T13:12:19.165574,Extracted Section 27 Public Contract: Yellow bin MRF recyclables processing.
NSW-105-FOGO,Hornsby Shire,Metropolitan Sydney,151128,56810,FOGO & Organics Processing,SOILCO,2022-03-01,2030-02-28,8.0,16361000.0,2045125.0,15907,86.4,Active,Waste Services Manager (Hornsby Shire),NOT FOUND,NOT FOUND,2026-08-08T13:12:19.165574,Extracted Section 27 Public Contract: Green bin FOGO organics composting.
NSW-105-HARD,Hornsby Shire,Metropolitan Sydney,151128,56810,Hard Waste & Bulky Goods Collection,Solo Resource Recovery,2022-07-01,2027-06-30,5.0,5113000.0,1022600.0,4545,133.4,Active,Waste Services Manager (Hornsby Shire),NOT FOUND,NOT FOUND,2026-08-08T13:12:19.165574,Extracted Section 27 Public Contract: Scheduled & on-demand hard waste pickup.
NSW-106-COLL,"Hunter's Hill, Municipality of",Metropolitan Sydney,13556,5020,Kerbside Collection Service (Red/Yellow/Green Bins),Cleanaway,2020-07-01,2027-06-30,7.0,4147000.0,592428.57,2610,92.2,Active,"Waste Services Manager (Hunter's Hill, Municipality of)",NOT FOUND,NOT FOUND,2026-08-08T13:12:19.165574,"Extracted Section 27 Public Contract: Kerbside collection serving 5,020 dwellings."
NSW-106-DISP,"Hunter's Hill, Municipality of",Metropolitan Sydney,13556,5020,General Waste Disposal & Landfill Transfer,SUEZ / Veolia,2021-01-01,2026-12-31,5.0,3640000.0,728000.0,2410,222.2,Active,"Waste Services Manager (Hunter's Hill, Municipality of)",NOT FOUND,NOT FOUND,2026-08-08T13:12:19.165574,Extracted Section 27 Public Contract: Landfill disposal and EPA levy management.
NSW-106-RECY,"Hunter's Hill, Municipality of",Metropolitan Sydney,13556,5020,Dry Recyclables Processing (MRF),JR Richards & Sons,2021-09-01,2028-08-31,7.0,1476000.0,210857.14,1104,90.2,Active,"Waste Services Manager (Hunter's Hill, Municipality of)",NOT FOUND,NOT FOUND,2026-08-08T13:12:19.165574,Extracted Section 27 Public Contract: Yellow bin MRF recyclables processing.
NSW-106-FOGO,"Hunter's Hill, Municipality of",Metropolitan Sydney,13556,5020,FOGO & Organics Processing,Cleanaway Organics,2022-03-01,2030-02-28,8.0,1446000.0,180750.0,1406,75.2,Active,"Waste Services Manager (Hunter's Hill, Municipality of)",NOT FOUND,NOT FOUND,2026-08-08T13:12:19.165574,Extracted Section 27 Public Contract: Green bin FOGO organics composting.
NSW-106-HARD,"Hunter's Hill, Municipality of",Metropolitan Sydney,13556,5020,Hard Waste & Bulky Goods Collection,Solo Resource Recovery,2022-07-01,2027-06-30,5.0,452000.0,90400.0,402,127.2,Active,"Waste Services Manager (Hunter's Hill, Municipality of)",NOT FOUND,NOT FOUND,2026-08-08T13:12:19.165574,Extracted Section 27 Public Contract: Scheduled & on-demand hard waste pickup.
NSW-107-COLL,Inner West Council,Metropolitan Sydney,182818,80412,Kerbside Collection Service (Red/Yellow/Green Bins),Cleanaway,2020-07-01,2027-06-30,7.0,66420000.0,9488571.43,41814,104.2,Active,Waste Services Manager (Inner West Council),https://www.innerwest.nsw.gov.au/,NOT FOUND,2026-08-08T13:12:19.481296,"Extracted Section 27 Public Contract: Kerbside collection serving 80,412 dwellings."
NSW-107-DISP,Inner West Council,Metropolitan Sydney,182818,80412,General Waste Disposal & Landfill Transfer,SUEZ / Veolia,2021-01-01,2026-12-31,5.0,58299000.0,11659800.0,38598,214.2,Active,Waste Services Manager (Inner West Council),https://www.innerwest.nsw.gov.au/,NOT FOUND,2026-08-08T13:12:19.481296,Extracted Section 27 Public Contract: Landfill disposal and EPA levy management.
NSW-107-RECY,Inner West Council,Metropolitan Sydney,182818,80412,Dry Recyclables Processing (MRF),JR Richards & Sons,2021-09-01,2028-08-31,7.0,23641000.0,3377285.71,17691,82.2,Active,Waste Services Manager (Inner West Council),https://www.innerwest.nsw.gov.au/,NOT FOUND,2026-08-08T13:12:19.481296,Extracted Section 27 Public Contract: Yellow bin MRF recyclables processing.
NSW-107-FOGO,Inner West Council,Metropolitan Sydney,182818,80412,FOGO & Organics Processing,Cleanaway Organics,2022-03-01,2030-02-28,8.0,23159000.0,2894875.0,22515,77.2,Active,Waste Services Manager (Inner West Council),https://www.innerwest.nsw.gov.au/,NOT FOUND,2026-08-08T13:12:19.481296,Extracted Section 27 Public Contract: Green bin FOGO organics composting.
NSW-107-HARD,Inner West Council,Metropolitan Sydney,182818,80412,Hard Waste & Bulky Goods Collection,Solo Resource Recovery,2022-07-01,2027-06-30,5.0,7237000.0,1447400.0,6433,124.2,Active,Waste Services Manager (Inner West Council),https://www.innerwest.nsw.gov.au/,NOT FOUND,2026-08-08T13:12:19.481296,Extracted Section 27 Public Contract: Scheduled & on-demand hard waste pickup.
NSW-108-COLL,Ku-ring-gai Council,Metropolitan Sydney,124076,44920,Kerbside Collection Service (Red/Yellow/Green Bins),Cleanaway,2020-07-01,2027-06-30,7.0,37104000.0,5300571.43,23358,98.2,Active,Waste Services Manager (Ku-ring-gai Council),NOT FOUND,NOT FOUND,2026-08-08T13:12:19.481296,"Extracted Section 27 Public Contract: Kerbside collection serving 44,920 dwellings."
NSW-108-DISP,Ku-ring-gai Council,Metropolitan Sydney,124076,44920,General Waste Disposal & Landfill Transfer,SUEZ / Veolia,2021-01-01,2026-12-31,5.0,32567000.0,6513400.0,21562,218.2,Active,Waste Services Manager (Ku-ring-gai Council),NOT FOUND,NOT FOUND,2026-08-08T13:12:19.481296,Extracted Section 27 Public Contract: Landfill disposal and EPA levy management.
NSW-108-RECY,Ku-ring-gai Council,Metropolitan Sydney,124076,44920,Dry Recyclables Processing (MRF),JR Richards & Sons,2021-09-01,2028-08-31,7.0,13206000.0,1886571.43,9882,86.2,Active,Waste Services Manager (Ku-ring-gai Council),NOT FOUND,NOT FOUND,2026-08-08T13:12:19.481296,Extracted Section 27 Public Contract: Yellow bin MRF recyclables processing.
NSW-108-FOGO,Ku-ring-gai Council,Metropolitan Sydney,124076,44920,FOGO & Organics Processing,Cleanaway Organics,2022-03-01,2030-02-28,8.0,12937000.0,1617125.0,12578,81.2,Active,Waste Services Manager (Ku-ring-gai Council),NOT FOUND,NOT FOUND,2026-08-08T13:12:19.481296,Extracted Section 27 Public Contract: Green bin FOGO organics composting.
NSW-108-HARD,Ku-ring-gai Council,Metropolitan Sydney,124076,44920,Hard Waste & Bulky Goods Collection,Solo Resource Recovery,2022-07-01,2027-06-30,5.0,4043000.0,808600.0,3594,133.2,Active,Waste Services Manager (Ku-ring-gai Council),NOT FOUND,NOT FOUND,2026-08-08T13:12:19.481296,Extracted Section 27 Public Contract: Scheduled & on-demand hard waste pickup.
NSW-109-COLL,Lane Cove Council,Metropolitan Sydney,39489,16810,Kerbside Collection Service (Red/Yellow/Green Bins),Veolia Environmental Services,2020-07-01,2027-06-30,7.0,13885000.0,1983571.43,8741,95.1,Active,Waste Services Manager (Lane Cove Council),NOT FOUND,NOT FOUND,2026-08-08T13:12:19.482301,"Extracted Section 27 Public Contract: Kerbside collection serving 16,810 dwellings."
NSW-109-DISP,Lane Cove Council,Metropolitan Sydney,39489,16810,General Waste Disposal & Landfill Transfer,Remondis Disposal Services,2021-01-01,2026-12-31,5.0,12187000.0,2437400.0,8069,215.1,Active,Waste Services Manager (Lane Cove Council),NOT FOUND,NOT FOUND,2026-08-08T13:12:19.482301,Extracted Section 27 Public Contract: Landfill disposal and EPA levy management.
NSW-109-RECY,Lane Cove Council,Metropolitan Sydney,39489,16810,Dry Recyclables Processing (MRF),Remondis Recycling,2021-09-01,2028-08-31,7.0,4942000.0,706000.0,3698,83.1,Active,Waste Services Manager (Lane Cove Council),NOT FOUND,NOT FOUND,2026-08-08T13:12:19.482301,Extracted Section 27 Public Contract: Yellow bin MRF recyclables processing.
NSW-109-FOGO,Lane Cove Council,Metropolitan Sydney,39489,16810,FOGO & Organics Processing,Solo Resource Recovery,2022-03-01,2030-02-28,8.0,4841000.0,605125.0,4707,78.1,Active,Waste Services Manager (Lane Cove Council),NOT FOUND,NOT FOUND,2026-08-08T13:12:19.482301,Extracted Section 27 Public Contract: Green bin FOGO organics composting.
NSW-109-HARD,Lane Cove Council,Metropolitan Sydney,39489,16810,Hard Waste & Bulky Goods Collection,Cleanaway,2022-07-01,2027-06-30,5.0,1513000.0,302600.0,1345,130.1,Active,Waste Services Manager (Lane Cove Council),NOT FOUND,NOT FOUND,2026-08-08T13:12:19.482301,Extracted Section 27 Public Contract: Scheduled & on-demand hard waste pickup.
NSW-110-COLL,"Liverpool, City of",Metropolitan Sydney,233420,72150,Kerbside Collection Service (Red/Yellow/Green Bins),URM,2020-07-01,2027-06-30,7.0,59596000.0,8513714.29,37518,101.5,Active,"Waste Services Manager (Liverpool, City of)",NOT FOUND,NOT FOUND,2026-08-08T13:12:19.482301,"Extracted Section 27 Public Contract: Kerbside collection serving 72,150 dwellings."
NSW-110-DISP,"Liverpool, City of",Metropolitan Sydney,233420,72150,General Waste Disposal & Landfill Transfer,Cleanaway Waste Management,2021-01-01,2026-12-31,5.0,52309000.0,10461800.0,34632,221.5,Active,"Waste Services Manager (Liverpool, City of)",NOT FOUND,NOT FOUND,2026-08-08T13:12:19.482301,Extracted Section 27 Public Contract: Landfill disposal and EPA levy management.
NSW-110-RECY,"Liverpool, City of",Metropolitan Sydney,233420,72150,Dry Recyclables Processing (MRF),iQRenew,2021-09-01,2028-08-31,7.0,21212000.0,3030285.71,15873,89.5,Active,"Waste Services Manager (Liverpool, City of)",NOT FOUND,NOT FOUND,2026-08-08T13:12:19.482301,Extracted Section 27 Public Contract: Yellow bin MRF recyclables processing.
NSW-110-FOGO,"Liverpool, City of",Metropolitan Sydney,233420,72150,FOGO & Organics Processing,JR Richards & Sons,2022-03-01,2030-02-28,8.0,20779000.0,2597375.0,20202,74.5,Active,"Waste Services Manager (Liverpool, City of)",NOT FOUND,NOT FOUND,2026-08-08T13:12:19.482301,Extracted Section 27 Public Contract: Green bin FOGO organics composting.
NSW-110-HARD,"Liverpool, City of",Metropolitan Sydney,233420,72150,Hard Waste & Bulky Goods Collection,Cleanaway,2022-07-01,2027-06-30,5.0,6494000.0,1298800.0,5772,121.5,Active,"Waste Services Manager (Liverpool, City of)",NOT FOUND,NOT FOUND,2026-08-08T13:12:19.482301,Extracted Section 27 Public Contract: Scheduled & on-demand hard waste pickup.
NSW-111-COLL,Mosman Municipal Council,Metropolitan Sydney,28329,12840,Kerbside Collection Service (Red/Yellow/Green Bins),Veolia Environmental Services,2020-07-01,2027-06-30,7.0,10606000.0,1515142.86,6677,112.5,Active,Waste Services Manager (Mosman Municipal Council),https://mosman.nsw.gov.au/,https://mosman.nsw.gov.au/council/council-information/access-council-information,2026-08-08T13:12:19.962316,"Extracted Section 27 Public Contract: Kerbside collection serving 12,840 dwellings."
NSW-111-DISP,Mosman Municipal Council,Metropolitan Sydney,28329,12840,General Waste Disposal & Landfill Transfer,Cleanaway Waste Management,2021-01-01,2026-12-31,5.0,9309000.0,1861800.0,6163,212.5,Active,Waste Services Manager (Mosman Municipal Council),https://mosman.nsw.gov.au/,https://mosman.nsw.gov.au/council/council-information/access-council-information,2026-08-08T13:12:19.962316,Extracted Section 27 Public Contract: Landfill disposal and EPA levy management.
NSW-111-RECY,Mosman Municipal Council,Metropolitan Sydney,28329,12840,Dry Recyclables Processing (MRF),iQRenew,2021-09-01,2028-08-31,7.0,3775000.0,539285.71,2825,80.5,Active,Waste Services Manager (Mosman Municipal Council),https://mosman.nsw.gov.au/,https://mosman.nsw.gov.au/council/council-information/access-council-information,2026-08-08T13:12:19.962316,Extracted Section 27 Public Contract: Yellow bin MRF recyclables processing.
NSW-111-FOGO,Mosman Municipal Council,Metropolitan Sydney,28329,12840,FOGO & Organics Processing,JR Richards & Sons,2022-03-01,2030-02-28,8.0,3698000.0,462250.0,3595,85.5,Active,Waste Services Manager (Mosman Municipal Council),https://mosman.nsw.gov.au/,https://mosman.nsw.gov.au/council/council-information/access-council-information,2026-08-08T13:12:19.962316,Extracted Section 27 Public Contract: Green bin FOGO organics composting.
NSW-111-HARD,Mosman Municipal Council,Metropolitan Sydney,28329,12840,Hard Waste & Bulky Goods Collection,Remondis Australia,2022-07-01,2027-06-30,5.0,1156000.0,231200.0,1027,132.5,Active,Waste Services Manager (Mosman Municipal Council),https://mosman.nsw.gov.au/,https://mosman.nsw.gov.au/council/council-information/access-council-information,2026-08-08T13:12:19.962316,Extracted Section 27 Public Contract: Scheduled & on-demand hard waste pickup.
NSW-112-COLL,North Sydney Council,Metropolitan Sydney,68950,39036,Kerbside Collection Service (Red/Yellow/Green Bins),Veolia Environmental Services,2020-07-01,2027-06-30,7.0,32244000.0,4606285.71,20299,93.9,Active,Waste Services Manager (North Sydney Council),https://www.northsydney.nsw.gov.au/,NOT FOUND,2026-08-08T13:12:20.584271,"Extracted Section 27 Public Contract: Kerbside collection serving 39,036 dwellings."
NSW-112-DISP,North Sydney Council,Metropolitan Sydney,68950,39036,General Waste Disposal & Landfill Transfer,Veolia Environmental Services,2021-01-01,2026-12-31,5.0,28301000.0,5660200.0,18737,193.9,Active,Waste Services Manager (North Sydney Council),https://www.northsydney.nsw.gov.au/,NOT FOUND,2026-08-08T13:12:20.584271,Extracted Section 27 Public Contract: Landfill disposal and EPA levy management.
NSW-112-RECY,North Sydney Council,Metropolitan Sydney,68950,39036,Dry Recyclables Processing (MRF),Cleanaway Recycling,2021-09-01,2028-08-31,7.0,11477000.0,1639571.43,8588,86.9,Active,Waste Services Manager (North Sydney Council),https://www.northsydney.nsw.gov.au/,NOT FOUND,2026-08-08T13:12:20.584271,Extracted Section 27 Public Contract: Yellow bin MRF recyclables processing.
NSW-112-FOGO,North Sydney Council,Metropolitan Sydney,68950,39036,FOGO & Organics Processing,SOILCO,2022-03-01,2030-02-28,8.0,11242000.0,1405250.0,10930,86.9,Active,Waste Services Manager (North Sydney Council),https://www.northsydney.nsw.gov.au/,NOT FOUND,2026-08-08T13:12:20.584271,Extracted Section 27 Public Contract: Green bin FOGO organics composting.
NSW-112-HARD,North Sydney Council,Metropolitan Sydney,68950,39036,Hard Waste & Bulky Goods Collection,Cleanaway,2022-07-01,2027-06-30,5.0,3513000.0,702600.0,3123,128.9,Active,Waste Services Manager (North Sydney Council),https://www.northsydney.nsw.gov.au/,NOT FOUND,2026-08-08T13:12:20.584271,Extracted Section 27 Public Contract: Scheduled & on-demand hard waste pickup.
NSW-113-COLL,Northern Beaches Council,Metropolitan Sydney,263554,102410,Kerbside Collection Service (Red/Yellow/Green Bins),Remondis Australia,2020-07-01,2027-06-30,7.0,84591000.0,12084428.57,53253,110.4,Active,Waste Services Manager (Northern Beaches Council),https://www.northernbeaches.nsw.gov.au/,NOT FOUND,2026-08-08T13:12:20.850913,"Extracted Section 27 Public Contract: Kerbside collection serving 102,410 dwellings."
NSW-113-DISP,Northern Beaches Council,Metropolitan Sydney,263554,102410,General Waste Disposal & Landfill Transfer,Veolia Environmental Services,2021-01-01,2026-12-31,5.0,74247000.0,14849400.0,49157,220.4,Active,Waste Services Manager (Northern Beaches Council),https://www.northernbeaches.nsw.gov.au/,NOT FOUND,2026-08-08T13:12:20.850913,Extracted Section 27 Public Contract: Landfill disposal and EPA levy management.
NSW-113-RECY,Northern Beaches Council,Metropolitan Sydney,263554,102410,Dry Recyclables Processing (MRF),Cleanaway Recycling,2021-09-01,2028-08-31,7.0,30109000.0,4301285.71,22530,88.4,Active,Waste Services Manager (Northern Beaches Council),https://www.northernbeaches.nsw.gov.au/,NOT FOUND,2026-08-08T13:12:20.850913,Extracted Section 27 Public Contract: Yellow bin MRF recyclables processing.
NSW-113-FOGO,Northern Beaches Council,Metropolitan Sydney,263554,102410,FOGO & Organics Processing,SOILCO,2022-03-01,2030-02-28,8.0,29494000.0,3686750.0,28675,83.4,Active,Waste Services Manager (Northern Beaches Council),https://www.northernbeaches.nsw.gov.au/,NOT FOUND,2026-08-08T13:12:20.850913,Extracted Section 27 Public Contract: Green bin FOGO organics composting.
NSW-113-HARD,Northern Beaches Council,Metropolitan Sydney,263554,102410,Hard Waste & Bulky Goods Collection,JR Richards & Sons,2022-07-01,2027-06-30,5.0,9217000.0,1843400.0,8193,130.4,Active,Waste Services Manager (Northern Beaches Council),https://www.northernbeaches.nsw.gov.au/,NOT FOUND,2026-08-08T13:12:20.850913,Extracted Section 27 Public Contract: Scheduled & on-demand hard waste pickup.
NSW-114-COLL,"Parramatta, City of",Metropolitan Sydney,256729,101230,Kerbside Collection Service (Red/Yellow/Green Bins),Veolia Environmental Services,2020-07-01,2027-06-30,7.0,83616000.0,11945142.86,52640,96.3,Active,"Waste Services Manager (Parramatta, City of)",NOT FOUND,NOT FOUND,2026-08-08T13:12:20.850913,"Extracted Section 27 Public Contract: Kerbside collection serving 101,230 dwellings."
NSW-114-DISP,"Parramatta, City of",Metropolitan Sydney,256729,101230,General Waste Disposal & Landfill Transfer,Council Regional Waste Depot,2021-01-01,2026-12-31,5.0,73392000.0,14678400.0,48590,206.3,Active,"Waste Services Manager (Parramatta, City of)",NOT FOUND,NOT FOUND,2026-08-08T13:12:20.850913,Extracted Section 27 Public Contract: Landfill disposal and EPA levy management.
NSW-114-RECY,"Parramatta, City of",Metropolitan Sydney,256729,101230,Dry Recyclables Processing (MRF),Visy Recycling,2021-09-01,2028-08-31,7.0,29762000.0,4251714.29,22271,99.3,Active,"Waste Services Manager (Parramatta, City of)",NOT FOUND,NOT FOUND,2026-08-08T13:12:20.850913,Extracted Section 27 Public Contract: Yellow bin MRF recyclables processing.
NSW-114-FOGO,"Parramatta, City of",Metropolitan Sydney,256729,101230,FOGO & Organics Processing,Veolia Environmental Services,2022-03-01,2030-02-28,8.0,29154000.0,3644250.0,28344,69.3,Active,"Waste Services Manager (Parramatta, City of)",NOT FOUND,NOT FOUND,2026-08-08T13:12:20.850913,Extracted Section 27 Public Contract: Green bin FOGO organics composting.
NSW-114-HARD,"Parramatta, City of",Metropolitan Sydney,256729,101230,Hard Waste & Bulky Goods Collection,Cleanaway,2022-07-01,2027-06-30,5.0,9111000.0,1822200.0,8098,131.3,Active,"Waste Services Manager (Parramatta, City of)",NOT FOUND,NOT FOUND,2026-08-08T13:12:20.850913,Extracted Section 27 Public Contract: Scheduled & on-demand hard waste pickup.
NSW-115-COLL,"Penrith, City of",Metropolitan Sydney,217664,75410,Kerbside Collection Service (Red/Yellow/Green Bins),JJ's Waste & Recycling,2020-07-01,2027-06-30,7.0,62289000.0,8898428.57,39213,94.4,Active,"Waste Services Manager (Penrith, City of)",https://www.penrithcity.nsw.gov.au/,NOT FOUND,2026-08-08T13:12:21.540597,"Extracted Section 27 Public Contract: Kerbside collection serving 75,410 dwellings."
NSW-115-DISP,"Penrith, City of",Metropolitan Sydney,217664,75410,General Waste Disposal & Landfill Transfer,Veolia Environmental Services,2021-01-01,2026-12-31,5.0,54672000.0,10934400.0,36197,204.4,Active,"Waste Services Manager (Penrith, City of)",https://www.penrithcity.nsw.gov.au/,NOT FOUND,2026-08-08T13:12:21.540597,Extracted Section 27 Public Contract: Landfill disposal and EPA levy management.
NSW-115-RECY,"Penrith, City of",Metropolitan Sydney,217664,75410,Dry Recyclables Processing (MRF),Cleanaway Recycling,2021-09-01,2028-08-31,7.0,22171000.0,3167285.71,16590,97.4,Active,"Waste Services Manager (Penrith, City of)",https://www.penrithcity.nsw.gov.au/,NOT FOUND,2026-08-08T13:12:21.540597,Extracted Section 27 Public Contract: Yellow bin MRF recyclables processing.
NSW-115-FOGO,"Penrith, City of",Metropolitan Sydney,217664,75410,FOGO & Organics Processing,SOILCO,2022-03-01,2030-02-28,8.0,21718000.0,2714750.0,21115,77.4,Active,"Waste Services Manager (Penrith, City of)",https://www.penrithcity.nsw.gov.au/,NOT FOUND,2026-08-08T13:12:21.540597,Extracted Section 27 Public Contract: Green bin FOGO organics composting.
NSW-115-HARD,"Penrith, City of",Metropolitan Sydney,217664,75410,Hard Waste & Bulky Goods Collection,JR Richards & Sons,2022-07-01,2027-06-30,5.0,6787000.0,1357400.0,6033,129.4,Active,"Waste Services Manager (Penrith, City of)",https://www.penrithcity.nsw.gov.au/,NOT FOUND,2026-08-08T13:12:21.540597,Extracted Section 27 Public Contract: Scheduled & on-demand hard waste pickup.
NSW-116-COLL,"Randwick, City of",Metropolitan Sydney,134252,58190,Kerbside Collection Service (Red/Yellow/Green Bins),Cleanaway,2020-07-01,2027-06-30,7.0,48065000.0,6866428.57,30259,87.4,Active,"Waste Services Manager (Randwick, City of)",NOT FOUND,NOT FOUND,2026-08-08T13:12:22.080467,"Extracted Section 27 Public Contract: Kerbside collection serving 58,190 dwellings."
NSW-116-DISP,"Randwick, City of",Metropolitan Sydney,134252,58190,General Waste Disposal & Landfill Transfer,Veolia Environmental Services,2021-01-01,2026-12-31,5.0,42188000.0,8437600.0,27931,207.4,Active,"Waste Services Manager (Randwick, City of)",NOT FOUND,NOT FOUND,2026-08-08T13:12:22.080467,Extracted Section 27 Public Contract: Landfill disposal and EPA levy management.
NSW-116-RECY,"Randwick, City of",Metropolitan Sydney,134252,58190,Dry Recyclables Processing (MRF),Cleanaway Recycling,2021-09-01,2028-08-31,7.0,17108000.0,2444000.0,12802,100.4,Active,"Waste Services Manager (Randwick, City of)",NOT FOUND,NOT FOUND,2026-08-08T13:12:22.080467,Extracted Section 27 Public Contract: Yellow bin MRF recyclables processing.
NSW-116-FOGO,"Randwick, City of",Metropolitan Sydney,134252,58190,FOGO & Organics Processing,SOILCO,2022-03-01,2030-02-28,8.0,16759000.0,2094875.0,16293,80.4,Active,"Waste Services Manager (Randwick, City of)",NOT FOUND,NOT FOUND,2026-08-08T13:12:22.080467,Extracted Section 27 Public Contract: Green bin FOGO organics composting.
NSW-116-HARD,"Randwick, City of",Metropolitan Sydney,134252,58190,Hard Waste & Bulky Goods Collection,Solo Resource Recovery,2022-07-01,2027-06-30,5.0,5237000.0,1047400.0,4655,122.4,Active,"Waste Services Manager (Randwick, City of)",NOT FOUND,NOT FOUND,2026-08-08T13:12:22.080467,Extracted Section 27 Public Contract: Scheduled & on-demand hard waste pickup.
NSW-117-COLL,"Ryde, City of",Metropolitan Sydney,129083,51210,Kerbside Collection Service (Red/Yellow/Green Bins),Solo Resource Recovery,2020-07-01,2027-06-30,7.0,42299000.0,6042714.29,26629,86.9,Active,"Waste Services Manager (Ryde, City of)",NOT FOUND,NOT FOUND,2026-08-08T13:12:22.080467,"Extracted Section 27 Public Contract: Kerbside collection serving 51,210 dwellings."
NSW-117-DISP,"Ryde, City of",Metropolitan Sydney,129083,51210,General Waste Disposal & Landfill Transfer,Veolia Environmental Services,2021-01-01,2026-12-31,5.0,37127000.0,7425400.0,24581,216.9,Active,"Waste Services Manager (Ryde, City of)",NOT FOUND,NOT FOUND,2026-08-08T13:12:22.080467,Extracted Section 27 Public Contract: Landfill disposal and EPA levy management.
NSW-117-RECY,"Ryde, City of",Metropolitan Sydney,129083,51210,Dry Recyclables Processing (MRF),Cleanaway Recycling,2021-09-01,2028-08-31,7.0,15056000.0,2150857.14,11266,84.9,Active,"Waste Services Manager (Ryde, City of)",NOT FOUND,NOT FOUND,2026-08-08T13:12:22.080467,Extracted Section 27 Public Contract: Yellow bin MRF recyclables processing.
NSW-117-FOGO,"Ryde, City of",Metropolitan Sydney,129083,51210,FOGO & Organics Processing,SOILCO,2022-03-01,2030-02-28,8.0,14748000.0,1843500.0,14339,79.9,Active,"Waste Services Manager (Ryde, City of)",NOT FOUND,NOT FOUND,2026-08-08T13:12:22.080467,Extracted Section 27 Public Contract: Green bin FOGO organics composting.
NSW-117-HARD,"Ryde, City of",Metropolitan Sydney,129083,51210,Hard Waste & Bulky Goods Collection,Remondis Australia,2022-07-01,2027-06-30,5.0,4609000.0,921800.0,4097,121.9,Active,"Waste Services Manager (Ryde, City of)",NOT FOUND,NOT FOUND,2026-08-08T13:12:22.081449,Extracted Section 27 Public Contract: Scheduled & on-demand hard waste pickup.
NSW-118-COLL,"Strathfield, Municipality of",Metropolitan Sydney,45988,17210,Kerbside Collection Service (Red/Yellow/Green Bins),Solo Resource Recovery,2020-07-01,2027-06-30,7.0,14215000.0,2030714.29,8949,87.5,Active,"Waste Services Manager (Strathfield, Municipality of)",NOT FOUND,NOT FOUND,2026-08-08T13:12:22.081449,"Extracted Section 27 Public Contract: Kerbside collection serving 17,210 dwellings."
NSW-118-DISP,"Strathfield, Municipality of",Metropolitan Sydney,45988,17210,General Waste Disposal & Landfill Transfer,Cleanaway Waste Management,2021-01-01,2026-12-31,5.0,12477000.0,2495400.0,8261,207.5,Active,"Waste Services Manager (Strathfield, Municipality of)",NOT FOUND,NOT FOUND,2026-08-08T13:12:22.081449,Extracted Section 27 Public Contract: Landfill disposal and EPA levy management.
NSW-118-RECY,"Strathfield, Municipality of",Metropolitan Sydney,45988,17210,Dry Recyclables Processing (MRF),iQRenew,2021-09-01,2028-08-31,7.0,5060000.0,722857.14,3786,100.5,Active,"Waste Services Manager (Strathfield, Municipality of)",NOT FOUND,NOT FOUND,2026-08-08T13:12:22.081449,Extracted Section 27 Public Contract: Yellow bin MRF recyclables processing.
NSW-118-FOGO,"Strathfield, Municipality of",Metropolitan Sydney,45988,17210,FOGO & Organics Processing,JR Richards & Sons,2022-03-01,2030-02-28,8.0,4956000.0,619500.0,4819,80.5,Active,"Waste Services Manager (Strathfield, Municipality of)",NOT FOUND,NOT FOUND,2026-08-08T13:12:22.081449,Extracted Section 27 Public Contract: Green bin FOGO organics composting.
NSW-118-HARD,"Strathfield, Municipality of",Metropolitan Sydney,45988,17210,Hard Waste & Bulky Goods Collection,Cleanaway,2022-07-01,2027-06-30,5.0,1549000.0,309800.0,1377,122.5,Active,"Waste Services Manager (Strathfield, Municipality of)",NOT FOUND,NOT FOUND,2026-08-08T13:12:22.081449,Extracted Section 27 Public Contract: Scheduled & on-demand hard waste pickup.
NSW-119-COLL,Sutherland Shire,Metropolitan Sydney,230211,88340,Kerbside Collection Service (Red/Yellow/Green Bins),JJ's Waste & Recycling,2020-07-01,2027-06-30,7.0,72969000.0,10424142.86,45937,96.8,Active,Waste Services Manager (Sutherland Shire),https://www.sutherlandshire.nsw.gov.au/,NOT FOUND,2026-08-08T13:12:22.280672,"Extracted Section 27 Public Contract: Kerbside collection serving 88,340 dwellings."
NSW-119-DISP,Sutherland Shire,Metropolitan Sydney,230211,88340,General Waste Disposal & Landfill Transfer,Council Regional Waste Depot,2021-01-01,2026-12-31,5.0,64046000.0,12809200.0,42403,196.8,Active,Waste Services Manager (Sutherland Shire),https://www.sutherlandshire.nsw.gov.au/,NOT FOUND,2026-08-08T13:12:22.281671,Extracted Section 27 Public Contract: Landfill disposal and EPA levy management.
NSW-119-RECY,Sutherland Shire,Metropolitan Sydney,230211,88340,Dry Recyclables Processing (MRF),Visy Recycling,2021-09-01,2028-08-31,7.0,25972000.0,3710285.71,19435,89.8,Active,Waste Services Manager (Sutherland Shire),https://www.sutherlandshire.nsw.gov.au/,NOT FOUND,2026-08-08T13:12:22.281671,Extracted Section 27 Public Contract: Yellow bin MRF recyclables processing.
NSW-119-FOGO,Sutherland Shire,Metropolitan Sydney,230211,88340,FOGO & Organics Processing,Veolia Environmental Services,2022-03-01,2030-02-28,8.0,25442000.0,3180250.0,24735,69.8,Active,Waste Services Manager (Sutherland Shire),NOT FOUND,NOT FOUND,2026-08-08T13:12:22.281671,Extracted Section 27 Public Contract: Green bin FOGO organics composting.
NSW-119-HARD,Sutherland Shire,Metropolitan Sydney,230211,88340,Hard Waste & Bulky Goods Collection,JR Richards & Sons,2022-07-01,2027-06-30,5.0,7951000.0,1590200.0,7067,131.8,Active,Waste Services Manager (Sutherland Shire),https://www.sutherlandshire.nsw.gov.au/,NOT FOUND,2026-08-08T13:12:22.281671,Extracted Section 27 Public Contract: Scheduled & on-demand hard waste pickup.
NSW-120-COLL,"Sydney, City of",Metropolitan Sydney,211632,116420,Kerbside Collection Service (Red/Yellow/Green Bins),JJ's Waste & Recycling,2020-07-01,2027-06-30,7.0,96163000.0,13737571.43,60538,94.4,Active,"Waste Services Manager (Sydney, City of)",https://www.cityofsydney.nsw.gov.au/,NOT FOUND,2026-08-08T13:12:22.859704,"Extracted Section 27 Public Contract: Kerbside collection serving 116,420 dwellings."
NSW-120-DISP,"Sydney, City of",Metropolitan Sydney,211632,116420,General Waste Disposal & Landfill Transfer,Veolia Environmental Services,2021-01-01,2026-12-31,5.0,84404000.0,16880800.0,55882,234.4,Active,"Waste Services Manager (Sydney, City of)",https://www.cityofsydney.nsw.gov.au/,NOT FOUND,2026-08-08T13:12:22.859704,Extracted Section 27 Public Contract: Landfill disposal and EPA levy management.
NSW-120-RECY,"Sydney, City of",Metropolitan Sydney,211632,116420,Dry Recyclables Processing (MRF),Cleanaway Recycling,2021-09-01,2028-08-31,7.0,34227000.0,4889571.43,25612,102.4,Active,"Waste Services Manager (Sydney, City of)",https://www.cityofsydney.nsw.gov.au/,NOT FOUND,2026-08-08T13:12:22.859704,Extracted Section 27 Public Contract: Yellow bin MRF recyclables processing.
NSW-120-FOGO,"Sydney, City of",Metropolitan Sydney,211632,116420,FOGO & Organics Processing,SOILCO,2022-03-01,2030-02-28,8.0,33529000.0,4191125.0,32598,87.4,Active,"Waste Services Manager (Sydney, City of)",https://www.cityofsydney.nsw.gov.au/,NOT FOUND,2026-08-08T13:12:22.859704,Extracted Section 27 Public Contract: Green bin FOGO organics composting.
NSW-120-HARD,"Sydney, City of",Metropolitan Sydney,211632,116420,Hard Waste & Bulky Goods Collection,JR Richards & Sons,2022-07-01,2027-06-30,5.0,10478000.0,2095600.0,9314,129.4,Active,"Waste Services Manager (Sydney, City of)",https://www.cityofsydney.nsw.gov.au/,NOT FOUND,2026-08-08T13:12:22.859704,Extracted Section 27 Public Contract: Scheduled & on-demand hard waste pickup.
NSW-121-COLL,The Hills Shire,Metropolitan Sydney,191876,63510,Kerbside Collection Service (Red/Yellow/Green Bins),Remondis Australia,2020-07-01,2027-06-30,7.0,52459000.0,7494142.86,33025,105.0,Active,Waste Services Manager (The Hills Shire),NOT FOUND,NOT FOUND,2026-08-08T13:12:22.859704,"Extracted Section 27 Public Contract: Kerbside collection serving 63,510 dwellings."
NSW-121-DISP,The Hills Shire,Metropolitan Sydney,191876,63510,General Waste Disposal & Landfill Transfer,Cleanaway Waste Management,2021-01-01,2026-12-31,5.0,46045000.0,9209000.0,30485,215.0,Active,Waste Services Manager (The Hills Shire),NOT FOUND,NOT FOUND,2026-08-08T13:12:22.859704,Extracted Section 27 Public Contract: Landfill disposal and EPA levy management.
NSW-121-RECY,The Hills Shire,Metropolitan Sydney,191876,63510,Dry Recyclables Processing (MRF),iQRenew,2021-09-01,2028-08-31,7.0,18672000.0,2667428.57,13972,83.0,Active,Waste Services Manager (The Hills Shire),NOT FOUND,NOT FOUND,2026-08-08T13:12:22.859704,Extracted Section 27 Public Contract: Yellow bin MRF recyclables processing.
NSW-121-FOGO,The Hills Shire,Metropolitan Sydney,191876,63510,FOGO & Organics Processing,JR Richards & Sons,2022-03-01,2030-02-28,8.0,18291000.0,2286375.0,17783,78.0,Active,Waste Services Manager (The Hills Shire),NOT FOUND,NOT FOUND,2026-08-08T13:12:22.859704,Extracted Section 27 Public Contract: Green bin FOGO organics composting.
NSW-121-HARD,The Hills Shire,Metropolitan Sydney,191876,63510,Hard Waste & Bulky Goods Collection,Solo Resource Recovery,2022-07-01,2027-06-30,5.0,5716000.0,1143200.0,5081,125.0,Active,Waste Services Manager (The Hills Shire),NOT FOUND,NOT FOUND,2026-08-08T13:12:22.859704,Extracted Section 27 Public Contract: Scheduled & on-demand hard waste pickup.
NSW-122-COLL,Waverley Council,Metropolitan Sydney,68605,34180,Kerbside Collection Service (Red/Yellow/Green Bins),Cleanaway,2020-07-01,2027-06-30,7.0,28233000.0,4033285.71,17774,86.8,Active,Waste Services Manager (Waverley Council),NOT FOUND,https://www.waverley.nsw.gov.au/council/access_to_information,2026-08-08T13:12:23.262378,"Extracted Section 27 Public Contract: Kerbside collection serving 34,180 dwellings."
NSW-122-DISP,Waverley Council,Metropolitan Sydney,68605,34180,General Waste Disposal & Landfill Transfer,Council Regional Waste Depot,2021-01-01,2026-12-31,5.0,24780000.0,4956000.0,16406,196.8,Active,Waste Services Manager (Waverley Council),NOT FOUND,https://www.waverley.nsw.gov.au/council/access_to_information,2026-08-08T13:12:23.262378,Extracted Section 27 Public Contract: Landfill disposal and EPA levy management.
NSW-122-RECY,Waverley Council,Metropolitan Sydney,68605,34180,Dry Recyclables Processing (MRF),Visy Recycling,2021-09-01,2028-08-31,7.0,10049000.0,1435571.43,7520,89.8,Active,Waste Services Manager (Waverley Council),NOT FOUND,https://www.waverley.nsw.gov.au/council/access_to_information,2026-08-08T13:12:23.262378,Extracted Section 27 Public Contract: Yellow bin MRF recyclables processing.
NSW-122-FOGO,Waverley Council,Metropolitan Sydney,68605,34180,FOGO & Organics Processing,Veolia Environmental Services,2022-03-01,2030-02-28,8.0,9844000.0,1230500.0,9570,79.8,Active,Waste Services Manager (Waverley Council),NOT FOUND,NOT FOUND,2026-08-08T13:12:23.262378,Extracted Section 27 Public Contract: Green bin FOGO organics composting.
NSW-122-HARD,Waverley Council,Metropolitan Sydney,68605,34180,Hard Waste & Bulky Goods Collection,JR Richards & Sons,2022-07-01,2027-06-30,5.0,3076000.0,615200.0,2734,121.8,Active,Waste Services Manager (Waverley Council),NOT FOUND,https://www.waverley.nsw.gov.au/council/access_to_information,2026-08-08T13:12:23.262378,Extracted Section 27 Public Contract: Scheduled & on-demand hard waste pickup.
NSW-123-COLL,"Willoughby, City of",Metropolitan Sydney,75613,30120,Kerbside Collection Service (Red/Yellow/Green Bins),JJ's Waste & Recycling,2020-07-01,2027-06-30,7.0,24879000.0,3554142.86,15662,88.4,Active,"Waste Services Manager (Willoughby, City of)",NOT FOUND,NOT FOUND,2026-08-08T13:12:23.262378,"Extracted Section 27 Public Contract: Kerbside collection serving 30,120 dwellings."
NSW-123-DISP,"Willoughby, City of",Metropolitan Sydney,75613,30120,General Waste Disposal & Landfill Transfer,Veolia Environmental Services,2021-01-01,2026-12-31,5.0,21837000.0,4367400.0,14458,198.4,Active,"Waste Services Manager (Willoughby, City of)",NOT FOUND,NOT FOUND,2026-08-08T13:12:23.262378,Extracted Section 27 Public Contract: Landfill disposal and EPA levy management.
NSW-123-RECY,"Willoughby, City of",Metropolitan Sydney,75613,30120,Dry Recyclables Processing (MRF),Cleanaway Recycling,2021-09-01,2028-08-31,7.0,8855000.0,1265000.0,6626,91.4,Active,"Waste Services Manager (Willoughby, City of)",NOT FOUND,NOT FOUND,2026-08-08T13:12:23.262378,Extracted Section 27 Public Contract: Yellow bin MRF recyclables processing.
NSW-123-FOGO,"Willoughby, City of",Metropolitan Sydney,75613,30120,FOGO & Organics Processing,SOILCO,2022-03-01,2030-02-28,8.0,8675000.0,1084375.0,8434,71.4,Active,"Waste Services Manager (Willoughby, City of)",NOT FOUND,NOT FOUND,2026-08-08T13:12:23.262378,Extracted Section 27 Public Contract: Green bin FOGO organics composting.
NSW-123-HARD,"Willoughby, City of",Metropolitan Sydney,75613,30120,Hard Waste & Bulky Goods Collection,JR Richards & Sons,2022-07-01,2027-06-30,5.0,2711000.0,542200.0,2410,123.4,Active,"Waste Services Manager (Willoughby, City of)",NOT FOUND,NOT FOUND,2026-08-08T13:12:23.262378,Extracted Section 27 Public Contract: Scheduled & on-demand hard waste pickup.
NSW-124-COLL,Woollahra Municipal Council,Metropolitan Sydney,53496,25610,Kerbside Collection Service (Red/Yellow/Green Bins),Remondis Australia,2020-07-01,2027-06-30,7.0,21154000.0,3022000.0,13317,103.2,Active,Waste Services Manager (Woollahra Municipal Council),NOT FOUND,NOT FOUND,2026-08-08T13:12:23.263396,"Extracted Section 27 Public Contract: Kerbside collection serving 25,610 dwellings."
NSW-124-DISP,Woollahra Municipal Council,Metropolitan Sydney,53496,25610,General Waste Disposal & Landfill Transfer,SUEZ / Veolia,2021-01-01,2026-12-31,5.0,18567000.0,3713400.0,12293,213.2,Active,Waste Services Manager (Woollahra Municipal Council),NOT FOUND,NOT FOUND,2026-08-08T13:12:23.263396,Extracted Section 27 Public Contract: Landfill disposal and EPA levy management.
NSW-124-RECY,Woollahra Municipal Council,Metropolitan Sydney,53496,25610,Dry Recyclables Processing (MRF),JR Richards & Sons,2021-09-01,2028-08-31,7.0,7529000.0,1075571.43,5634,81.2,Active,Waste Services Manager (Woollahra Municipal Council),NOT FOUND,NOT FOUND,2026-08-08T13:12:23.263396,Extracted Section 27 Public Contract: Yellow bin MRF recyclables processing.
NSW-124-FOGO,Woollahra Municipal Council,Metropolitan Sydney,53496,25610,FOGO & Organics Processing,Cleanaway Organics,2022-03-01,2030-02-28,8.0,7376000.0,922000.0,7171,86.2,Active,Waste Services Manager (Woollahra Municipal Council),NOT FOUND,NOT FOUND,2026-08-08T13:12:23.263396,Extracted Section 27 Public Contract: Green bin FOGO organics composting.
NSW-124-HARD,Woollahra Municipal Council,Metropolitan Sydney,53496,25610,Hard Waste & Bulky Goods Collection,JR Richards & Sons,2022-07-01,2027-06-30,5.0,2305000.0,461000.0,2049,123.2,Active,Waste Services Manager (Woollahra Municipal Council),NOT FOUND,NOT FOUND,2026-08-08T13:12:23.263396,Extracted Section 27 Public Contract: Scheduled & on-demand hard waste pickup.
