Contract ID,Council / Business Name,Region,Population,Total Dwellings,Contract Stream,Contractor / Service Provider,Contract Start Date,Contract End Date,Contract Term (Years),Total Contract Value ($),Annual Contract Value ($/year),Annual Tonnes (t/year),Gate Fee / Rate ($/tonne),Status,Contact Person,Council Home URL,Reference / Document URL,Last Updated,Notes
NSW-LGA-2903,"Albury, City of",Inland / Rural,56093,25120,Kerbside Collection (Red/Yellow/Green Bins),Cleanaway / Solo / Remondis (Tendered),2022-07-01,2027-06-30,5.0,14444000.0,2888800.0,13062,102.3,Active,Waste Dept (alburycity.nsw.gov.au),https://www.alburycity.nsw.gov.au,https://www.alburycity.nsw.gov.au/services/waste-and-recycling/collection-services,2026-08-01T11:25:59.484271,"Kerbside collection contract serving 25,120 dwellings."
NSW-LGA-9087,"Albury, City of",Inland / Rural,56093,25120,Dry Recyclables Processing (MRF),Visy / Cleanaway MRF,2021-09-01,2028-08-31,7.0,7913000.0,1130428.57,5526,93.3,Active,Resource Recovery Dept (alburycity.nsw.gov.au),https://www.alburycity.nsw.gov.au,https://www.alburycity.nsw.gov.au/services/waste-and-recycling/recycling-mrf-processing,2026-08-01T11:25:59.484271,"Processing co-mingled recyclables for 56,093 residents."
NSW-LGA-0577,"Albury, City of",Inland / Rural,56093,25120,FOGO & Organics Processing,Veolia / SOILCO / Cleanaway Organics,2023-01-01,2030-12-31,8.0,7034000.0,879250.0,7034,76.16,Active,Sustainability & Waste (alburycity.nsw.gov.au),https://www.alburycity.nsw.gov.au,https://www.alburycity.nsw.gov.au/services/waste-and-recycling/fogo-strategy,2026-08-01T11:25:59.484271,Food & Garden Organics composting contract.
NSW-LGA-9965,Armidale Regional Council,Inland / Rural,29124,13110,Kerbside Collection (Red/Yellow/Green Bins),Cleanaway / Solo / Remondis (Tendered),2022-07-01,2027-06-30,5.0,7538000.0,1507600.0,6817,85.5,Active,Waste Dept (armidaleregional.nsw.gov.au),https://www.armidaleregional.nsw.gov.au,https://www.armidaleregional.nsw.gov.au/services/waste-and-recycling/collection-services,2026-08-01T11:25:59.484271,"Kerbside collection contract serving 13,110 dwellings."
NSW-LGA-3252,Armidale Regional Council,Inland / Rural,29124,13110,Dry Recyclables Processing (MRF),Visy / Cleanaway MRF,2021-09-01,2028-08-31,7.0,4130000.0,590000.0,2884,76.8,Active,Resource Recovery Dept (armidaleregional.nsw.gov.au),https://www.armidaleregional.nsw.gov.au,https://www.armidaleregional.nsw.gov.au/services/waste-and-recycling/recycling-mrf-processing,2026-08-01T11:25:59.484271,"Processing co-mingled recyclables for 29,124 residents."
NSW-LGA-8621,Armidale Regional Council,Inland / Rural,29124,13110,FOGO & Organics Processing,Veolia / SOILCO / Cleanaway Organics,2023-01-01,2030-12-31,8.0,3671000.0,458875.0,3671,60.32,Active,Sustainability & Waste (armidaleregional.nsw.gov.au),https://www.armidaleregional.nsw.gov.au,https://www.armidaleregional.nsw.gov.au/services/waste-and-recycling/fogo-strategy,2026-08-01T11:25:59.484271,Food & Garden Organics composting contract.
NSW-LGA-2103,Balranald Shire,Inland / Rural,2208,1140,Kerbside Collection (Red/Yellow/Green Bins),Cleanaway / Solo / Remondis (Tendered),2022-07-01,2027-06-30,5.0,656000.0,131200.0,593,92.3,Active,Waste Dept (balranald.nsw.gov.au),https://www.balranald.nsw.gov.au,https://www.balranald.nsw.gov.au/services/waste-and-recycling/collection-services,2026-08-01T11:25:59.484271,"Kerbside collection contract serving 1,140 dwellings."
NSW-LGA-4429,Balranald Shire,Inland / Rural,2208,1140,Dry Recyclables Processing (MRF),Visy / Cleanaway MRF,2021-09-01,2028-08-31,7.0,359000.0,51285.71,251,79.9,Active,Resource Recovery Dept (balranald.nsw.gov.au),https://www.balranald.nsw.gov.au,https://www.balranald.nsw.gov.au/services/waste-and-recycling/recycling-mrf-processing,2026-08-01T11:25:59.484271,"Processing co-mingled recyclables for 2,208 residents."
NSW-LGA-2453,Balranald Shire,Inland / Rural,2208,1140,FOGO & Organics Processing,Veolia / SOILCO / Cleanaway Organics,2023-01-01,2030-12-31,8.0,319000.0,39875.0,319,66.24,Active,Sustainability & Waste (balranald.nsw.gov.au),https://www.balranald.nsw.gov.au,https://www.balranald.nsw.gov.au/services/waste-and-recycling/fogo-strategy,2026-08-01T11:25:59.484271,Food & Garden Organics composting contract.
NSW-LGA-5816,Bathurst Region,Inland / Rural,43567,18240,Kerbside Collection (Red/Yellow/Green Bins),Cleanaway / Solo / Remondis (Tendered),2022-07-01,2027-06-30,5.0,10488000.0,2097600.0,9485,100.4,Active,Waste Dept (bathurst.nsw.gov.au),https://www.bathurst.nsw.gov.au,https://www.bathurst.nsw.gov.au/services/waste-and-recycling/collection-services,2026-08-01T11:25:59.484271,"Kerbside collection contract serving 18,240 dwellings."
NSW-LGA-2333,Bathurst Region,Inland / Rural,43567,18240,Dry Recyclables Processing (MRF),Visy / Cleanaway MRF,2021-09-01,2028-08-31,7.0,5746000.0,820857.14,4013,105.3,Active,Resource Recovery Dept (bathurst.nsw.gov.au),https://www.bathurst.nsw.gov.au,https://www.bathurst.nsw.gov.au/services/waste-and-recycling/recycling-mrf-processing,2026-08-01T11:25:59.484271,"Processing co-mingled recyclables for 43,567 residents."
NSW-LGA-0214,Bathurst Region,Inland / Rural,43567,18240,FOGO & Organics Processing,Veolia / SOILCO / Cleanaway Organics,2023-01-01,2030-12-31,8.0,5107000.0,638375.0,5107,64.88,Active,Sustainability & Waste (bathurst.nsw.gov.au),https://www.bathurst.nsw.gov.au,https://www.bathurst.nsw.gov.au/services/waste-and-recycling/fogo-strategy,2026-08-01T11:25:59.484271,Food & Garden Organics composting contract.
NSW-LGA-2655,Berrigan Shire,Inland / Rural,8665,4380,Kerbside Collection (Red/Yellow/Green Bins),Cleanaway / Solo / Remondis (Tendered),2022-07-01,2027-06-30,5.0,2518000.0,503600.0,2278,116.5,Active,Waste Dept (berriganshire.nsw.gov.au),https://www.berriganshire.nsw.gov.au,https://www.berriganshire.nsw.gov.au/services/waste-and-recycling/collection-services,2026-08-01T11:25:59.484271,"Kerbside collection contract serving 4,380 dwellings."
NSW-LGA-4854,Berrigan Shire,Inland / Rural,8665,4380,Dry Recyclables Processing (MRF),Visy / Cleanaway MRF,2021-09-01,2028-08-31,7.0,1380000.0,197142.86,964,87.4,Active,Resource Recovery Dept (berriganshire.nsw.gov.au),https://www.berriganshire.nsw.gov.au,https://www.berriganshire.nsw.gov.au/services/waste-and-recycling/recycling-mrf-processing,2026-08-01T11:25:59.484271,"Processing co-mingled recyclables for 8,665 residents."
NSW-LGA-3968,Berrigan Shire,Inland / Rural,8665,4380,FOGO & Organics Processing,Veolia / SOILCO / Cleanaway Organics,2023-01-01,2030-12-31,8.0,1226000.0,153250.0,1226,60.56,Active,Sustainability & Waste (berriganshire.nsw.gov.au),https://www.berriganshire.nsw.gov.au,https://www.berriganshire.nsw.gov.au/services/waste-and-recycling/fogo-strategy,2026-08-01T11:25:59.484271,Food & Garden Organics composting contract.
NSW-LGA-9770,Bland Shire,Inland / Rural,5547,2610,Kerbside Collection (Red/Yellow/Green Bins),Cleanaway / Solo / Remondis (Tendered),2022-07-01,2027-06-30,5.0,1501000.0,300200.0,1357,89.0,Active,Waste Dept (blandshire.nsw.gov.au),https://www.blandshire.nsw.gov.au,https://www.blandshire.nsw.gov.au/services/waste-and-recycling/collection-services,2026-08-01T11:25:59.484271,"Kerbside collection contract serving 2,610 dwellings."
NSW-LGA-8800,Bland Shire,Inland / Rural,5547,2610,Dry Recyclables Processing (MRF),Visy / Cleanaway MRF,2021-09-01,2028-08-31,7.0,822000.0,117428.57,574,92.0,Active,Resource Recovery Dept (blandshire.nsw.gov.au),https://www.blandshire.nsw.gov.au,https://www.blandshire.nsw.gov.au/services/waste-and-recycling/recycling-mrf-processing,2026-08-01T11:25:59.484271,"Processing co-mingled recyclables for 5,547 residents."
NSW-LGA-0669,Bland Shire,Inland / Rural,5547,2610,FOGO & Organics Processing,Veolia / SOILCO / Cleanaway Organics,2023-01-01,2030-12-31,8.0,731000.0,91375.0,731,84.48,Active,Sustainability & Waste (blandshire.nsw.gov.au),https://www.blandshire.nsw.gov.au,https://www.blandshire.nsw.gov.au/services/waste-and-recycling/fogo-strategy,2026-08-01T11:25:59.484271,Food & Garden Organics composting contract.
NSW-LGA-0918,Blayney Shire,Inland / Rural,7497,3180,Kerbside Collection (Red/Yellow/Green Bins),Cleanaway / Solo / Remondis (Tendered),2022-07-01,2027-06-30,5.0,1828000.0,365600.0,1654,103.8,Active,Waste Dept (blayney.nsw.gov.au),https://www.blayney.nsw.gov.au,https://www.blayney.nsw.gov.au/services/waste-and-recycling/collection-services,2026-08-01T11:25:59.484271,"Kerbside collection contract serving 3,180 dwellings."
NSW-LGA-0775,Blayney Shire,Inland / Rural,7497,3180,Dry Recyclables Processing (MRF),Visy / Cleanaway MRF,2021-09-01,2028-08-31,7.0,1002000.0,143142.86,700,79.5,Active,Resource Recovery Dept (blayney.nsw.gov.au),https://www.blayney.nsw.gov.au,https://www.blayney.nsw.gov.au/services/waste-and-recycling/recycling-mrf-processing,2026-08-01T11:25:59.484271,"Processing co-mingled recyclables for 7,497 residents."
NSW-LGA-7653,Blayney Shire,Inland / Rural,7497,3180,FOGO & Organics Processing,Veolia / SOILCO / Cleanaway Organics,2023-01-01,2030-12-31,8.0,890000.0,111250.0,890,82.24,Active,Sustainability & Waste (blayney.nsw.gov.au),https://www.blayney.nsw.gov.au,https://www.blayney.nsw.gov.au/services/waste-and-recycling/fogo-strategy,2026-08-01T11:25:59.484271,Food & Garden Organics composting contract.
NSW-LGA-4882,Bogan Shire,Inland / Rural,2467,1220,Kerbside Collection (Red/Yellow/Green Bins),Cleanaway / Solo / Remondis (Tendered),2022-07-01,2027-06-30,5.0,702000.0,140400.0,634,93.8,Active,Waste Dept (bogan.nsw.gov.au),https://www.bogan.nsw.gov.au,https://www.bogan.nsw.gov.au/services/waste-and-recycling/collection-services,2026-08-01T11:25:59.484271,"Kerbside collection contract serving 1,220 dwellings."
NSW-LGA-2113,Bogan Shire,Inland / Rural,2467,1220,Dry Recyclables Processing (MRF),Visy / Cleanaway MRF,2021-09-01,2028-08-31,7.0,384000.0,54857.14,268,90.7,Active,Resource Recovery Dept (bogan.nsw.gov.au),https://www.bogan.nsw.gov.au,https://www.bogan.nsw.gov.au/services/waste-and-recycling/recycling-mrf-processing,2026-08-01T11:25:59.484271,"Processing co-mingled recyclables for 2,467 residents."
NSW-LGA-7478,Bogan Shire,Inland / Rural,2467,1220,FOGO & Organics Processing,Veolia / SOILCO / Cleanaway Organics,2023-01-01,2030-12-31,8.0,342000.0,42750.0,342,68.24,Active,Sustainability & Waste (bogan.nsw.gov.au),https://www.bogan.nsw.gov.au,https://www.bogan.nsw.gov.au/services/waste-and-recycling/fogo-strategy,2026-08-01T11:25:59.484271,Food & Garden Organics composting contract.
NSW-LGA-2252,Bourke Shire,Inland / Rural,2340,1180,Kerbside Collection (Red/Yellow/Green Bins),Cleanaway / Solo / Remondis (Tendered),2022-07-01,2027-06-30,5.0,678000.0,135600.0,614,86.8,Active,Waste Dept (bourke.nsw.gov.au),https://www.bourke.nsw.gov.au,https://www.bourke.nsw.gov.au/services/waste-and-recycling/collection-services,2026-08-01T11:25:59.484271,"Kerbside collection contract serving 1,180 dwellings."
NSW-LGA-0067,Bourke Shire,Inland / Rural,2340,1180,Dry Recyclables Processing (MRF),Visy / Cleanaway MRF,2021-09-01,2028-08-31,7.0,372000.0,53142.86,260,78.7,Active,Resource Recovery Dept (bourke.nsw.gov.au),https://www.bourke.nsw.gov.au,https://www.bourke.nsw.gov.au/services/waste-and-recycling/recycling-mrf-processing,2026-08-01T11:25:59.484271,"Processing co-mingled recyclables for 2,340 residents."
NSW-LGA-0134,Bourke Shire,Inland / Rural,2340,1180,FOGO & Organics Processing,Veolia / SOILCO / Cleanaway Organics,2023-01-01,2030-12-31,8.0,330000.0,41250.0,330,68.72,Active,Sustainability & Waste (bourke.nsw.gov.au),https://www.bourke.nsw.gov.au,https://www.bourke.nsw.gov.au/services/waste-and-recycling/fogo-strategy,2026-08-01T11:25:59.484271,Food & Garden Organics composting contract.
NSW-LGA-5815,Brewarrina Shire,Inland / Rural,1356,620,Kerbside Collection (Red/Yellow/Green Bins),Cleanaway / Solo / Remondis (Tendered),2022-07-01,2027-06-30,5.0,356000.0,71200.0,322,100.5,Active,Waste Dept (brewarrina.nsw.gov.au),https://www.brewarrina.nsw.gov.au,https://www.brewarrina.nsw.gov.au/services/waste-and-recycling/collection-services,2026-08-01T11:25:59.484271,Kerbside collection contract serving 620 dwellings.
NSW-LGA-6919,Brewarrina Shire,Inland / Rural,1356,620,Dry Recyclables Processing (MRF),Visy / Cleanaway MRF,2021-09-01,2028-08-31,7.0,195000.0,27857.14,136,80.1,Active,Resource Recovery Dept (brewarrina.nsw.gov.au),https://www.brewarrina.nsw.gov.au,https://www.brewarrina.nsw.gov.au/services/waste-and-recycling/recycling-mrf-processing,2026-08-01T11:25:59.484271,"Processing co-mingled recyclables for 1,356 residents."
NSW-LGA-2837,Brewarrina Shire,Inland / Rural,1356,620,FOGO & Organics Processing,Veolia / SOILCO / Cleanaway Organics,2023-01-01,2030-12-31,8.0,174000.0,21750.0,174,71.04,Active,Sustainability & Waste (brewarrina.nsw.gov.au),https://www.brewarrina.nsw.gov.au,https://www.brewarrina.nsw.gov.au/services/waste-and-recycling/fogo-strategy,2026-08-01T11:25:59.484271,Food & Garden Organics composting contract.
NSW-LGA-3450,"Broken Hill, City of",Inland / Rural,17588,9410,Kerbside Collection (Red/Yellow/Green Bins),Cleanaway / Solo / Remondis (Tendered),2022-07-01,2027-06-30,5.0,5411000.0,1082200.0,4893,92.0,Active,Waste Dept (brokenhill.nsw.gov.au),https://www.brokenhill.nsw.gov.au,https://www.brokenhill.nsw.gov.au/services/waste-and-recycling/collection-services,2026-08-01T11:25:59.485272,"Kerbside collection contract serving 9,410 dwellings."
NSW-LGA-6497,"Broken Hill, City of",Inland / Rural,17588,9410,Dry Recyclables Processing (MRF),Visy / Cleanaway MRF,2021-09-01,2028-08-31,7.0,2964000.0,423428.57,2070,86.7,Active,Resource Recovery Dept (brokenhill.nsw.gov.au),https://www.brokenhill.nsw.gov.au,https://www.brokenhill.nsw.gov.au/services/waste-and-recycling/recycling-mrf-processing,2026-08-01T11:25:59.485272,"Processing co-mingled recyclables for 17,588 residents."
NSW-LGA-6518,"Broken Hill, City of",Inland / Rural,17588,9410,FOGO & Organics Processing,Veolia / SOILCO / Cleanaway Organics,2023-01-01,2030-12-31,8.0,2635000.0,329375.0,2635,71.44,Active,Sustainability & Waste (brokenhill.nsw.gov.au),https://www.brokenhill.nsw.gov.au,https://www.brokenhill.nsw.gov.au/services/waste-and-recycling/fogo-strategy,2026-08-01T11:25:59.485272,Food & Garden Organics composting contract.
NSW-LGA-1051,Cabonne Council,Inland / Rural,13766,5899,Kerbside Collection (Red/Yellow/Green Bins),Cleanaway / Solo / Remondis (Tendered),2022-07-01,2027-06-30,5.0,3392000.0,678400.0,3067,106.9,Active,Waste Dept (cabonne.nsw.gov.au),https://www.cabonne.nsw.gov.au,https://www.cabonne.nsw.gov.au/services/waste-and-recycling/collection-services,2026-08-01T11:25:59.485272,"Kerbside collection contract serving 5,899 dwellings."
NSW-LGA-7232,Cabonne Council,Inland / Rural,13766,5899,Dry Recyclables Processing (MRF),Visy / Cleanaway MRF,2021-09-01,2028-08-31,7.0,1858000.0,265428.57,1298,78.8,Active,Resource Recovery Dept (cabonne.nsw.gov.au),https://www.cabonne.nsw.gov.au,https://www.cabonne.nsw.gov.au/services/waste-and-recycling/recycling-mrf-processing,2026-08-01T11:25:59.485272,"Processing co-mingled recyclables for 13,766 residents."
NSW-LGA-7724,Cabonne Council,Inland / Rural,13766,5899,FOGO & Organics Processing,Veolia / SOILCO / Cleanaway Organics,2023-01-01,2030-12-31,8.0,1652000.0,206500.0,1652,80.08,Active,Sustainability & Waste (cabonne.nsw.gov.au),https://www.cabonne.nsw.gov.au,https://www.cabonne.nsw.gov.au/services/waste-and-recycling/fogo-strategy,2026-08-01T11:25:59.485272,Food & Garden Organics composting contract.
NSW-LGA-2479,Carrathool Shire,Inland / Rural,2866,1290,Kerbside Collection (Red/Yellow/Green Bins),Cleanaway / Solo / Remondis (Tendered),2022-07-01,2027-06-30,5.0,742000.0,148400.0,671,99.1,Active,Waste Dept (carrathool.nsw.gov.au),https://www.carrathool.nsw.gov.au,https://www.carrathool.nsw.gov.au/services/waste-and-recycling/collection-services,2026-08-01T11:25:59.485272,"Kerbside collection contract serving 1,290 dwellings."
NSW-LGA-0815,Carrathool Shire,Inland / Rural,2866,1290,Dry Recyclables Processing (MRF),Visy / Cleanaway MRF,2021-09-01,2028-08-31,7.0,406000.0,58000.0,284,83.5,Active,Resource Recovery Dept (carrathool.nsw.gov.au),https://www.carrathool.nsw.gov.au,https://www.carrathool.nsw.gov.au/services/waste-and-recycling/recycling-mrf-processing,2026-08-01T11:25:59.485272,"Processing co-mingled recyclables for 2,866 residents."
NSW-LGA-5904,Carrathool Shire,Inland / Rural,2866,1290,FOGO & Organics Processing,Veolia / SOILCO / Cleanaway Organics,2023-01-01,2030-12-31,8.0,361000.0,45125.0,361,74.32,Active,Sustainability & Waste (carrathool.nsw.gov.au),https://www.carrathool.nsw.gov.au,https://www.carrathool.nsw.gov.au/services/waste-and-recycling/fogo-strategy,2026-08-01T11:25:59.485272,Food & Garden Organics composting contract.
NSW-LGA-7904,Central Darling Shire,Inland / Rural,1725,980,Kerbside Collection (Red/Yellow/Green Bins),Cleanaway / Solo / Remondis (Tendered),2022-07-01,2027-06-30,5.0,564000.0,112800.0,510,91.6,Active,Waste Dept (centraldarling.nsw.gov.au),https://www.centraldarling.nsw.gov.au,https://www.centraldarling.nsw.gov.au/services/waste-and-recycling/collection-services,2026-08-01T11:25:59.485272,Kerbside collection contract serving 980 dwellings.
NSW-LGA-5370,Central Darling Shire,Inland / Rural,1725,980,Dry Recyclables Processing (MRF),Visy / Cleanaway MRF,2021-09-01,2028-08-31,7.0,309000.0,44142.86,216,100.0,Active,Resource Recovery Dept (centraldarling.nsw.gov.au),https://www.centraldarling.nsw.gov.au,https://www.centraldarling.nsw.gov.au/services/waste-and-recycling/recycling-mrf-processing,2026-08-01T11:25:59.485272,"Processing co-mingled recyclables for 1,725 residents."
NSW-LGA-4922,Central Darling Shire,Inland / Rural,1725,980,FOGO & Organics Processing,Veolia / SOILCO / Cleanaway Organics,2023-01-01,2030-12-31,8.0,274000.0,34250.0,274,75.76,Active,Sustainability & Waste (centraldarling.nsw.gov.au),https://www.centraldarling.nsw.gov.au,https://www.centraldarling.nsw.gov.au/services/waste-and-recycling/fogo-strategy,2026-08-01T11:25:59.485272,Food & Garden Organics composting contract.
NSW-LGA-3242,Cobar Shire,Inland / Rural,4059,2110,Kerbside Collection (Red/Yellow/Green Bins),Cleanaway / Solo / Remondis (Tendered),2022-07-01,2027-06-30,5.0,1213000.0,242600.0,1097,87.8,Active,Waste Dept (cobar.nsw.gov.au),https://www.cobar.nsw.gov.au,https://www.cobar.nsw.gov.au/services/waste-and-recycling/collection-services,2026-08-01T11:25:59.485272,"Kerbside collection contract serving 2,110 dwellings."
NSW-LGA-1513,Cobar Shire,Inland / Rural,4059,2110,Dry Recyclables Processing (MRF),Visy / Cleanaway MRF,2021-09-01,2028-08-31,7.0,665000.0,95000.0,464,88.3,Active,Resource Recovery Dept (cobar.nsw.gov.au),https://www.cobar.nsw.gov.au,https://www.cobar.nsw.gov.au/services/waste-and-recycling/recycling-mrf-processing,2026-08-01T11:25:59.485272,"Processing co-mingled recyclables for 4,059 residents."
NSW-LGA-4713,Cobar Shire,Inland / Rural,4059,2110,FOGO & Organics Processing,Veolia / SOILCO / Cleanaway Organics,2023-01-01,2030-12-31,8.0,591000.0,73875.0,591,80.96,Active,Sustainability & Waste (cobar.nsw.gov.au),https://www.cobar.nsw.gov.au,https://www.cobar.nsw.gov.au/services/waste-and-recycling/fogo-strategy,2026-08-01T11:25:59.485272,Food & Garden Organics composting contract.
NSW-LGA-4512,Coolamon Shire,Inland / Rural,4385,1940,Kerbside Collection (Red/Yellow/Green Bins),Cleanaway / Solo / Remondis (Tendered),2022-07-01,2027-06-30,5.0,1116000.0,223200.0,1009,95.8,Active,Waste Dept (coolamon.nsw.gov.au),https://www.coolamon.nsw.gov.au,https://www.coolamon.nsw.gov.au/services/waste-and-recycling/collection-services,2026-08-01T11:25:59.485272,"Kerbside collection contract serving 1,940 dwellings."
NSW-LGA-6042,Coolamon Shire,Inland / Rural,4385,1940,Dry Recyclables Processing (MRF),Visy / Cleanaway MRF,2021-09-01,2028-08-31,7.0,611000.0,87285.71,427,76.2,Active,Resource Recovery Dept (coolamon.nsw.gov.au),https://www.coolamon.nsw.gov.au,https://www.coolamon.nsw.gov.au/services/waste-and-recycling/recycling-mrf-processing,2026-08-01T11:25:59.485272,"Processing co-mingled recyclables for 4,385 residents."
NSW-LGA-2989,Coolamon Shire,Inland / Rural,4385,1940,FOGO & Organics Processing,Veolia / SOILCO / Cleanaway Organics,2023-01-01,2030-12-31,8.0,543000.0,67875.0,543,81.12,Active,Sustainability & Waste (coolamon.nsw.gov.au),https://www.coolamon.nsw.gov.au,https://www.coolamon.nsw.gov.au/services/waste-and-recycling/fogo-strategy,2026-08-01T11:25:59.485272,Food & Garden Organics composting contract.
NSW-LGA-5373,Coonamble Shire,Inland / Rural,3732,1780,Kerbside Collection (Red/Yellow/Green Bins),Cleanaway / Solo / Remondis (Tendered),2022-07-01,2027-06-30,5.0,1024000.0,204800.0,926,84.3,Active,Waste Dept (coonamble.nsw.gov.au),https://www.coonamble.nsw.gov.au,https://www.coonamble.nsw.gov.au/services/waste-and-recycling/collection-services,2026-08-01T11:25:59.485272,"Kerbside collection contract serving 1,780 dwellings."
NSW-LGA-8468,Coonamble Shire,Inland / Rural,3732,1780,Dry Recyclables Processing (MRF),Visy / Cleanaway MRF,2021-09-01,2028-08-31,7.0,561000.0,80142.86,392,90.2,Active,Resource Recovery Dept (coonamble.nsw.gov.au),https://www.coonamble.nsw.gov.au,https://www.coonamble.nsw.gov.au/services/waste-and-recycling/recycling-mrf-processing,2026-08-01T11:25:59.485272,"Processing co-mingled recyclables for 3,732 residents."
NSW-LGA-5256,Coonamble Shire,Inland / Rural,3732,1780,FOGO & Organics Processing,Veolia / SOILCO / Cleanaway Organics,2023-01-01,2030-12-31,8.0,498000.0,62250.0,498,78.48,Active,Sustainability & Waste (coonamble.nsw.gov.au),https://www.coonamble.nsw.gov.au,https://www.coonamble.nsw.gov.au/services/waste-and-recycling/fogo-strategy,2026-08-01T11:25:59.485272,Food & Garden Organics composting contract.
NSW-LGA-6343,Cootamundra-Gundagai Regional,Inland / Rural,11403,5340,Kerbside Collection (Red/Yellow/Green Bins),Cleanaway / Solo / Remondis (Tendered),2022-07-01,2027-06-30,5.0,3070000.0,614000.0,2777,116.3,Active,Waste Dept (cgrc.nsw.gov.au),https://www.cgrc.nsw.gov.au,https://www.cgrc.nsw.gov.au/services/waste-and-recycling/collection-services,2026-08-01T11:25:59.485272,"Kerbside collection contract serving 5,340 dwellings."
NSW-LGA-1494,Cootamundra-Gundagai Regional,Inland / Rural,11403,5340,Dry Recyclables Processing (MRF),Visy / Cleanaway MRF,2021-09-01,2028-08-31,7.0,1682000.0,240285.71,1175,87.6,Active,Resource Recovery Dept (cgrc.nsw.gov.au),https://www.cgrc.nsw.gov.au,https://www.cgrc.nsw.gov.au/services/waste-and-recycling/recycling-mrf-processing,2026-08-01T11:25:59.485272,"Processing co-mingled recyclables for 11,403 residents."
NSW-LGA-2396,Cootamundra-Gundagai Regional,Inland / Rural,11403,5340,FOGO & Organics Processing,Veolia / SOILCO / Cleanaway Organics,2023-01-01,2030-12-31,8.0,1495000.0,186875.0,1495,61.68,Active,Sustainability & Waste (cgrc.nsw.gov.au),https://www.cgrc.nsw.gov.au,https://www.cgrc.nsw.gov.au/services/waste-and-recycling/fogo-strategy,2026-08-01T11:25:59.485272,Food & Garden Organics composting contract.
NSW-LGA-4509,Cowra Shire,Inland / Rural,12724,5890,Kerbside Collection (Red/Yellow/Green Bins),Cleanaway / Solo / Remondis (Tendered),2022-07-01,2027-06-30,5.0,3387000.0,677400.0,3063,97.9,Active,Waste Dept (cowracouncil.com.au),https://www.cowracouncil.com.au,https://www.cowracouncil.com.au/services/waste-and-recycling/collection-services,2026-08-01T11:25:59.485272,"Kerbside collection contract serving 5,890 dwellings."
NSW-LGA-7229,Cowra Shire,Inland / Rural,12724,5890,Dry Recyclables Processing (MRF),Visy / Cleanaway MRF,2021-09-01,2028-08-31,7.0,1855000.0,265000.0,1296,79.1,Active,Resource Recovery Dept (cowracouncil.com.au),https://www.cowracouncil.com.au,https://www.cowracouncil.com.au/services/waste-and-recycling/recycling-mrf-processing,2026-08-01T11:25:59.485272,"Processing co-mingled recyclables for 12,724 residents."
NSW-LGA-1667,Cowra Shire,Inland / Rural,12724,5890,FOGO & Organics Processing,Veolia / SOILCO / Cleanaway Organics,2023-01-01,2030-12-31,8.0,1649000.0,206125.0,1649,83.36,Active,Sustainability & Waste (cowracouncil.com.au),https://www.cowracouncil.com.au,https://www.cowracouncil.com.au/services/waste-and-recycling/fogo-strategy,2026-08-01T11:25:59.485272,Food & Garden Organics composting contract.
NSW-LGA-5808,Dubbo Regional Council,Inland / Rural,54922,23110,Kerbside Collection (Red/Yellow/Green Bins),Cleanaway / Solo / Remondis (Tendered),2022-07-01,2027-06-30,5.0,13288000.0,2657600.0,12017,92.8,Active,Waste Dept (dubbo.nsw.gov.au),https://www.dubbo.nsw.gov.au,https://www.dubbo.nsw.gov.au/services/waste-and-recycling/collection-services,2026-08-01T11:25:59.485272,"Kerbside collection contract serving 23,110 dwellings."
NSW-LGA-1258,Dubbo Regional Council,Inland / Rural,54922,23110,Dry Recyclables Processing (MRF),Visy / Cleanaway MRF,2021-09-01,2028-08-31,7.0,7280000.0,1040000.0,5084,97.8,Active,Resource Recovery Dept (dubbo.nsw.gov.au),https://www.dubbo.nsw.gov.au,https://www.dubbo.nsw.gov.au/services/waste-and-recycling/recycling-mrf-processing,2026-08-01T11:25:59.485272,"Processing co-mingled recyclables for 54,922 residents."
NSW-LGA-7057,Dubbo Regional Council,Inland / Rural,54922,23110,FOGO & Organics Processing,Veolia / SOILCO / Cleanaway Organics,2023-01-01,2030-12-31,8.0,6471000.0,808875.0,6471,62.56,Active,Sustainability & Waste (dubbo.nsw.gov.au),https://www.dubbo.nsw.gov.au,https://www.dubbo.nsw.gov.au/services/waste-and-recycling/fogo-strategy,2026-08-01T11:25:59.485272,Food & Garden Organics composting contract.
NSW-LGA-4875,Edward River Council,Inland / Rural,8456,4120,Kerbside Collection (Red/Yellow/Green Bins),Cleanaway / Solo / Remondis (Tendered),2022-07-01,2027-06-30,5.0,2369000.0,473800.0,2142,94.5,Active,Waste Dept (edwardriver.nsw.gov.au),https://www.edwardriver.nsw.gov.au,https://www.edwardriver.nsw.gov.au/services/waste-and-recycling/collection-services,2026-08-01T11:25:59.485272,"Kerbside collection contract serving 4,120 dwellings."
NSW-LGA-4734,Edward River Council,Inland / Rural,8456,4120,Dry Recyclables Processing (MRF),Visy / Cleanaway MRF,2021-09-01,2028-08-31,7.0,1298000.0,185428.57,906,98.6,Active,Resource Recovery Dept (edwardriver.nsw.gov.au),https://www.edwardriver.nsw.gov.au,https://www.edwardriver.nsw.gov.au/services/waste-and-recycling/recycling-mrf-processing,2026-08-01T11:25:59.485272,"Processing co-mingled recyclables for 8,456 residents."
NSW-LGA-0820,Edward River Council,Inland / Rural,8456,4120,FOGO & Organics Processing,Veolia / SOILCO / Cleanaway Organics,2023-01-01,2030-12-31,8.0,1154000.0,144250.0,1154,72.4,Active,Sustainability & Waste (edwardriver.nsw.gov.au),https://www.edwardriver.nsw.gov.au,https://www.edwardriver.nsw.gov.au/services/waste-and-recycling/fogo-strategy,2026-08-01T11:25:59.485272,Food & Garden Organics composting contract.
NSW-LGA-7007,Federation Council,Inland / Rural,12899,6180,Kerbside Collection (Red/Yellow/Green Bins),Cleanaway / Solo / Remondis (Tendered),2022-07-01,2027-06-30,5.0,3554000.0,710800.0,3214,111.3,Active,Waste Dept (federationcouncil.nsw.gov.au),https://www.federationcouncil.nsw.gov.au,https://www.federationcouncil.nsw.gov.au/services/waste-and-recycling/collection-services,2026-08-01T11:25:59.485272,"Kerbside collection contract serving 6,180 dwellings."
NSW-LGA-8588,Federation Council,Inland / Rural,12899,6180,Dry Recyclables Processing (MRF),Visy / Cleanaway MRF,2021-09-01,2028-08-31,7.0,1947000.0,278142.86,1360,78.2,Active,Resource Recovery Dept (federationcouncil.nsw.gov.au),https://www.federationcouncil.nsw.gov.au,https://www.federationcouncil.nsw.gov.au/services/waste-and-recycling/recycling-mrf-processing,2026-08-01T11:25:59.485272,"Processing co-mingled recyclables for 12,899 residents."
NSW-LGA-2862,Federation Council,Inland / Rural,12899,6180,FOGO & Organics Processing,Veolia / SOILCO / Cleanaway Organics,2023-01-01,2030-12-31,8.0,1730000.0,216250.0,1730,70.96,Active,Sustainability & Waste (federationcouncil.nsw.gov.au),https://www.federationcouncil.nsw.gov.au,https://www.federationcouncil.nsw.gov.au/services/waste-and-recycling/fogo-strategy,2026-08-01T11:25:59.485272,Food & Garden Organics composting contract.
NSW-LGA-5330,Forbes Shire,Inland / Rural,9319,4210,Kerbside Collection (Red/Yellow/Green Bins),Cleanaway / Solo / Remondis (Tendered),2022-07-01,2027-06-30,5.0,2421000.0,484200.0,2189,114.0,Active,Waste Dept (forbes.nsw.gov.au),https://www.forbes.nsw.gov.au,https://www.forbes.nsw.gov.au/services/waste-and-recycling/collection-services,2026-08-01T11:25:59.485272,"Kerbside collection contract serving 4,210 dwellings."
NSW-LGA-3870,Forbes Shire,Inland / Rural,9319,4210,Dry Recyclables Processing (MRF),Visy / Cleanaway MRF,2021-09-01,2028-08-31,7.0,1326000.0,189428.57,926,89.0,Active,Resource Recovery Dept (forbes.nsw.gov.au),https://www.forbes.nsw.gov.au,https://www.forbes.nsw.gov.au/services/waste-and-recycling/recycling-mrf-processing,2026-08-01T11:25:59.485272,"Processing co-mingled recyclables for 9,319 residents."
NSW-LGA-7160,Forbes Shire,Inland / Rural,9319,4210,FOGO & Organics Processing,Veolia / SOILCO / Cleanaway Organics,2023-01-01,2030-12-31,8.0,1179000.0,147375.0,1179,70.8,Active,Sustainability & Waste (forbes.nsw.gov.au),https://www.forbes.nsw.gov.au,https://www.forbes.nsw.gov.au/services/waste-and-recycling/fogo-strategy,2026-08-01T11:25:59.485272,Food & Garden Organics composting contract.
NSW-LGA-4289,Glen Innes Severn Council,Inland / Rural,8912,4390,Kerbside Collection (Red/Yellow/Green Bins),Cleanaway / Solo / Remondis (Tendered),2022-07-01,2027-06-30,5.0,2524000.0,504800.0,2283,83.1,Active,Waste Dept (gisc.nsw.gov.au),https://www.gisc.nsw.gov.au,https://www.gisc.nsw.gov.au/services/waste-and-recycling/collection-services,2026-08-01T11:25:59.485272,"Kerbside collection contract serving 4,390 dwellings."
NSW-LGA-0674,Glen Innes Severn Council,Inland / Rural,8912,4390,Dry Recyclables Processing (MRF),Visy / Cleanaway MRF,2021-09-01,2028-08-31,7.0,1383000.0,197571.43,966,104.4,Active,Resource Recovery Dept (gisc.nsw.gov.au),https://www.gisc.nsw.gov.au,https://www.gisc.nsw.gov.au/services/waste-and-recycling/recycling-mrf-processing,2026-08-01T11:25:59.485272,"Processing co-mingled recyclables for 8,912 residents."
NSW-LGA-8497,Glen Innes Severn Council,Inland / Rural,8912,4390,FOGO & Organics Processing,Veolia / SOILCO / Cleanaway Organics,2023-01-01,2030-12-31,8.0,1229000.0,153625.0,1229,69.76,Active,Sustainability & Waste (gisc.nsw.gov.au),https://www.gisc.nsw.gov.au,https://www.gisc.nsw.gov.au/services/waste-and-recycling/fogo-strategy,2026-08-01T11:25:59.485272,Food & Garden Organics composting contract.
NSW-LGA-4014,Goulburn Mulwaree Council,Inland / Rural,32054,13980,Kerbside Collection (Red/Yellow/Green Bins),Cleanaway / Solo / Remondis (Tendered),2022-07-01,2027-06-30,5.0,8038000.0,1607600.0,7270,83.4,Active,Waste Dept (goulburn.nsw.gov.au),https://www.goulburn.nsw.gov.au,https://www.goulburn.nsw.gov.au/services/waste-and-recycling/collection-services,2026-08-01T11:25:59.485272,"Kerbside collection contract serving 13,980 dwellings."
NSW-LGA-5117,Goulburn Mulwaree Council,Inland / Rural,32054,13980,Dry Recyclables Processing (MRF),Visy / Cleanaway MRF,2021-09-01,2028-08-31,7.0,4404000.0,629142.86,3076,83.7,Active,Resource Recovery Dept (goulburn.nsw.gov.au),https://www.goulburn.nsw.gov.au,https://www.goulburn.nsw.gov.au/services/waste-and-recycling/recycling-mrf-processing,2026-08-01T11:25:59.485272,"Processing co-mingled recyclables for 32,054 residents."
NSW-LGA-8127,Goulburn Mulwaree Council,Inland / Rural,32054,13980,FOGO & Organics Processing,Veolia / SOILCO / Cleanaway Organics,2023-01-01,2030-12-31,8.0,3914000.0,489250.0,3914,71.84,Active,Sustainability & Waste (goulburn.nsw.gov.au),https://www.goulburn.nsw.gov.au,https://www.goulburn.nsw.gov.au/services/waste-and-recycling/fogo-strategy,2026-08-01T11:25:59.485272,Food & Garden Organics composting contract.
NSW-LGA-9636,Greater Hume Shire,Inland / Rural,10838,4820,Kerbside Collection (Red/Yellow/Green Bins),Cleanaway / Solo / Remondis (Tendered),2022-07-01,2027-06-30,5.0,2772000.0,554400.0,2506,110.6,Active,Waste Dept (greaterhume.nsw.gov.au),https://www.greaterhume.nsw.gov.au,https://www.greaterhume.nsw.gov.au/services/waste-and-recycling/collection-services,2026-08-01T11:25:59.485272,"Kerbside collection contract serving 4,820 dwellings."
NSW-LGA-5853,Greater Hume Shire,Inland / Rural,10838,4820,Dry Recyclables Processing (MRF),Visy / Cleanaway MRF,2021-09-01,2028-08-31,7.0,1518000.0,216857.14,1060,86.7,Active,Resource Recovery Dept (greaterhume.nsw.gov.au),https://www.greaterhume.nsw.gov.au,https://www.greaterhume.nsw.gov.au/services/waste-and-recycling/recycling-mrf-processing,2026-08-01T11:25:59.485272,"Processing co-mingled recyclables for 10,838 residents."
NSW-LGA-0058,Greater Hume Shire,Inland / Rural,10838,4820,FOGO & Organics Processing,Veolia / SOILCO / Cleanaway Organics,2023-01-01,2030-12-31,8.0,1350000.0,168750.0,1350,77.36,Active,Sustainability & Waste (greaterhume.nsw.gov.au),https://www.greaterhume.nsw.gov.au,https://www.greaterhume.nsw.gov.au/services/waste-and-recycling/fogo-strategy,2026-08-01T11:25:59.485272,Food & Garden Organics composting contract.
NSW-LGA-5639,"Griffith, City of",Inland / Rural,27086,10410,Kerbside Collection (Red/Yellow/Green Bins),Cleanaway / Solo / Remondis (Tendered),2022-07-01,2027-06-30,5.0,5986000.0,1197200.0,5413,83.1,Active,Waste Dept (griffith.nsw.gov.au),https://www.griffith.nsw.gov.au,https://www.griffith.nsw.gov.au/services/waste-and-recycling/collection-services,2026-08-01T11:25:59.485272,"Kerbside collection contract serving 10,410 dwellings."
NSW-LGA-9173,"Griffith, City of",Inland / Rural,27086,10410,Dry Recyclables Processing (MRF),Visy / Cleanaway MRF,2021-09-01,2028-08-31,7.0,3279000.0,468428.57,2290,84.7,Active,Resource Recovery Dept (griffith.nsw.gov.au),https://www.griffith.nsw.gov.au,https://www.griffith.nsw.gov.au/services/waste-and-recycling/recycling-mrf-processing,2026-08-01T11:25:59.485272,"Processing co-mingled recyclables for 27,086 residents."
NSW-LGA-6098,"Griffith, City of",Inland / Rural,27086,10410,FOGO & Organics Processing,Veolia / SOILCO / Cleanaway Organics,2023-01-01,2030-12-31,8.0,2915000.0,364375.0,2915,65.84,Active,Sustainability & Waste (griffith.nsw.gov.au),https://www.griffith.nsw.gov.au,https://www.griffith.nsw.gov.au/services/waste-and-recycling/fogo-strategy,2026-08-01T11:25:59.485272,Food & Garden Organics composting contract.
NSW-LGA-0339,Gunnedah Shire,Inland / Rural,12685,5610,Kerbside Collection (Red/Yellow/Green Bins),Cleanaway / Solo / Remondis (Tendered),2022-07-01,2027-06-30,5.0,3226000.0,645200.0,2917,115.9,Active,Waste Dept (gunnedah.nsw.gov.au),https://www.gunnedah.nsw.gov.au,https://www.gunnedah.nsw.gov.au/services/waste-and-recycling/collection-services,2026-08-01T11:25:59.485272,"Kerbside collection contract serving 5,610 dwellings."
NSW-LGA-6771,Gunnedah Shire,Inland / Rural,12685,5610,Dry Recyclables Processing (MRF),Visy / Cleanaway MRF,2021-09-01,2028-08-31,7.0,1767000.0,252428.57,1234,94.9,Active,Resource Recovery Dept (gunnedah.nsw.gov.au),https://www.gunnedah.nsw.gov.au,https://www.gunnedah.nsw.gov.au/services/waste-and-recycling/recycling-mrf-processing,2026-08-01T11:25:59.485272,"Processing co-mingled recyclables for 12,685 residents."
NSW-LGA-8942,Gunnedah Shire,Inland / Rural,12685,5610,FOGO & Organics Processing,Veolia / SOILCO / Cleanaway Organics,2023-01-01,2030-12-31,8.0,1571000.0,196375.0,1571,77.36,Active,Sustainability & Waste (gunnedah.nsw.gov.au),https://www.gunnedah.nsw.gov.au,https://www.gunnedah.nsw.gov.au/services/waste-and-recycling/fogo-strategy,2026-08-01T11:25:59.485272,Food & Garden Organics composting contract.
NSW-LGA-5184,Gwydir Shire,Inland / Rural,4882,2480,Kerbside Collection (Red/Yellow/Green Bins),Cleanaway / Solo / Remondis (Tendered),2022-07-01,2027-06-30,5.0,1426000.0,285200.0,1290,93.6,Active,Waste Dept (gwydir.nsw.gov.au),https://www.gwydir.nsw.gov.au,https://www.gwydir.nsw.gov.au/services/waste-and-recycling/collection-services,2026-08-01T11:25:59.485272,"Kerbside collection contract serving 2,480 dwellings."
NSW-LGA-7842,Gwydir Shire,Inland / Rural,4882,2480,Dry Recyclables Processing (MRF),Visy / Cleanaway MRF,2021-09-01,2028-08-31,7.0,781000.0,111571.43,546,87.8,Active,Resource Recovery Dept (gwydir.nsw.gov.au),https://www.gwydir.nsw.gov.au,https://www.gwydir.nsw.gov.au/services/waste-and-recycling/recycling-mrf-processing,2026-08-01T11:25:59.485272,"Processing co-mingled recyclables for 4,882 residents."
NSW-LGA-0486,Gwydir Shire,Inland / Rural,4882,2480,FOGO & Organics Processing,Veolia / SOILCO / Cleanaway Organics,2023-01-01,2030-12-31,8.0,694000.0,86750.0,694,68.88,Active,Sustainability & Waste (gwydir.nsw.gov.au),https://www.gwydir.nsw.gov.au,https://www.gwydir.nsw.gov.au/services/waste-and-recycling/fogo-strategy,2026-08-01T11:25:59.485272,Food & Garden Organics composting contract.
NSW-LGA-1985,Hay Shire,Inland / Rural,2872,1420,Kerbside Collection (Red/Yellow/Green Bins),Cleanaway / Solo / Remondis (Tendered),2022-07-01,2027-06-30,5.0,816000.0,163200.0,738,110.5,Active,Waste Dept (hay.nsw.gov.au),https://www.hay.nsw.gov.au,https://www.hay.nsw.gov.au/services/waste-and-recycling/collection-services,2026-08-01T11:25:59.485272,"Kerbside collection contract serving 1,420 dwellings."
NSW-LGA-0942,Hay Shire,Inland / Rural,2872,1420,Dry Recyclables Processing (MRF),Visy / Cleanaway MRF,2021-09-01,2028-08-31,7.0,447000.0,63857.14,312,77.8,Active,Resource Recovery Dept (hay.nsw.gov.au),https://www.hay.nsw.gov.au,https://www.hay.nsw.gov.au/services/waste-and-recycling/recycling-mrf-processing,2026-08-01T11:25:59.485272,"Processing co-mingled recyclables for 2,872 residents."
NSW-LGA-9687,Hay Shire,Inland / Rural,2872,1420,FOGO & Organics Processing,Veolia / SOILCO / Cleanaway Organics,2023-01-01,2030-12-31,8.0,398000.0,49750.0,398,84.96,Active,Sustainability & Waste (hay.nsw.gov.au),https://www.hay.nsw.gov.au,https://www.hay.nsw.gov.au/services/waste-and-recycling/fogo-strategy,2026-08-01T11:25:59.485272,Food & Garden Organics composting contract.
NSW-LGA-1748,Hilltops Council,Inland / Rural,19160,8920,Kerbside Collection (Red/Yellow/Green Bins),Cleanaway / Solo / Remondis (Tendered),2022-07-01,2027-06-30,5.0,5129000.0,1025800.0,4638,86.8,Active,Waste Dept (hilltops.nsw.gov.au),https://www.hilltops.nsw.gov.au,https://www.hilltops.nsw.gov.au/services/waste-and-recycling/collection-services,2026-08-01T11:25:59.485272,"Kerbside collection contract serving 8,920 dwellings."
NSW-LGA-4145,Hilltops Council,Inland / Rural,19160,8920,Dry Recyclables Processing (MRF),Visy / Cleanaway MRF,2021-09-01,2028-08-31,7.0,2810000.0,401428.57,1962,86.5,Active,Resource Recovery Dept (hilltops.nsw.gov.au),https://www.hilltops.nsw.gov.au,https://www.hilltops.nsw.gov.au/services/waste-and-recycling/recycling-mrf-processing,2026-08-01T11:25:59.485272,"Processing co-mingled recyclables for 19,160 residents."
NSW-LGA-9013,Hilltops Council,Inland / Rural,19160,8920,FOGO & Organics Processing,Veolia / SOILCO / Cleanaway Organics,2023-01-01,2030-12-31,8.0,2498000.0,312250.0,2498,80.96,Active,Sustainability & Waste (hilltops.nsw.gov.au),https://www.hilltops.nsw.gov.au,https://www.hilltops.nsw.gov.au/services/waste-and-recycling/fogo-strategy,2026-08-01T11:25:59.485272,Food & Garden Organics composting contract.
NSW-LGA-9531,Inverell Shire,Inland / Rural,17853,8110,Kerbside Collection (Red/Yellow/Green Bins),Cleanaway / Solo / Remondis (Tendered),2022-07-01,2027-06-30,5.0,4663000.0,932600.0,4217,93.9,Active,Waste Dept (inverell.nsw.gov.au),https://www.inverell.nsw.gov.au,https://www.inverell.nsw.gov.au/services/waste-and-recycling/collection-services,2026-08-01T11:25:59.485272,"Kerbside collection contract serving 8,110 dwellings."
NSW-LGA-2839,Inverell Shire,Inland / Rural,17853,8110,Dry Recyclables Processing (MRF),Visy / Cleanaway MRF,2021-09-01,2028-08-31,7.0,2555000.0,365000.0,1784,85.9,Active,Resource Recovery Dept (inverell.nsw.gov.au),https://www.inverell.nsw.gov.au,https://www.inverell.nsw.gov.au/services/waste-and-recycling/recycling-mrf-processing,2026-08-01T11:25:59.485272,"Processing co-mingled recyclables for 17,853 residents."
NSW-LGA-1426,Inverell Shire,Inland / Rural,17853,8110,FOGO & Organics Processing,Veolia / SOILCO / Cleanaway Organics,2023-01-01,2030-12-31,8.0,2271000.0,283875.0,2271,64.08,Active,Sustainability & Waste (inverell.nsw.gov.au),https://www.inverell.nsw.gov.au,https://www.inverell.nsw.gov.au/services/waste-and-recycling/fogo-strategy,2026-08-01T11:25:59.485272,Food & Garden Organics composting contract.
NSW-LGA-6503,Jerilderie (Murrumbidgee),Inland / Rural,3892,1840,Kerbside Collection (Red/Yellow/Green Bins),Cleanaway / Solo / Remondis (Tendered),2022-07-01,2027-06-30,5.0,1058000.0,211600.0,957,97.3,Active,Waste Dept (murrumbidgee.nsw.gov.au),https://www.murrumbidgee.nsw.gov.au,https://www.murrumbidgee.nsw.gov.au/services/waste-and-recycling/collection-services,2026-08-01T11:25:59.485272,"Kerbside collection contract serving 1,840 dwellings."
NSW-LGA-1716,Jerilderie (Murrumbidgee),Inland / Rural,3892,1840,Dry Recyclables Processing (MRF),Visy / Cleanaway MRF,2021-09-01,2028-08-31,7.0,580000.0,82857.14,405,100.4,Active,Resource Recovery Dept (murrumbidgee.nsw.gov.au),https://www.murrumbidgee.nsw.gov.au,https://www.murrumbidgee.nsw.gov.au/services/waste-and-recycling/recycling-mrf-processing,2026-08-01T11:25:59.485272,"Processing co-mingled recyclables for 3,892 residents."
NSW-LGA-0594,Jerilderie (Murrumbidgee),Inland / Rural,3892,1840,FOGO & Organics Processing,Veolia / SOILCO / Cleanaway Organics,2023-01-01,2030-12-31,8.0,515000.0,64375.0,515,62.48,Active,Sustainability & Waste (murrumbidgee.nsw.gov.au),https://www.murrumbidgee.nsw.gov.au,https://www.murrumbidgee.nsw.gov.au/services/waste-and-recycling/fogo-strategy,2026-08-01T11:25:59.485272,Food & Garden Organics composting contract.
NSW-LGA-0547,Junee Shire,Inland / Rural,6527,2380,Kerbside Collection (Red/Yellow/Green Bins),Cleanaway / Solo / Remondis (Tendered),2022-07-01,2027-06-30,5.0,1368000.0,273600.0,1238,101.7,Active,Waste Dept (junee.nsw.gov.au),https://www.junee.nsw.gov.au,https://www.junee.nsw.gov.au/services/waste-and-recycling/collection-services,2026-08-01T11:25:59.485272,"Kerbside collection contract serving 2,380 dwellings."
NSW-LGA-7512,Junee Shire,Inland / Rural,6527,2380,Dry Recyclables Processing (MRF),Visy / Cleanaway MRF,2021-09-01,2028-08-31,7.0,750000.0,107142.86,524,85.8,Active,Resource Recovery Dept (junee.nsw.gov.au),https://www.junee.nsw.gov.au,https://www.junee.nsw.gov.au/services/waste-and-recycling/recycling-mrf-processing,2026-08-01T11:25:59.485272,"Processing co-mingled recyclables for 6,527 residents."
NSW-LGA-8047,Junee Shire,Inland / Rural,6527,2380,FOGO & Organics Processing,Veolia / SOILCO / Cleanaway Organics,2023-01-01,2030-12-31,8.0,666000.0,83250.0,666,78.24,Active,Sustainability & Waste (junee.nsw.gov.au),https://www.junee.nsw.gov.au,https://www.junee.nsw.gov.au/services/waste-and-recycling/fogo-strategy,2026-08-01T11:25:59.485272,Food & Garden Organics composting contract.
NSW-LGA-4092,Lachlan Shire,Inland / Rural,6108,2740,Kerbside Collection (Red/Yellow/Green Bins),Cleanaway / Solo / Remondis (Tendered),2022-07-01,2027-06-30,5.0,1576000.0,315200.0,1425,102.8,Active,Waste Dept (lachlan.nsw.gov.au),https://www.lachlan.nsw.gov.au,https://www.lachlan.nsw.gov.au/services/waste-and-recycling/collection-services,2026-08-01T11:25:59.485272,"Kerbside collection contract serving 2,740 dwellings."
NSW-LGA-4144,Lachlan Shire,Inland / Rural,6108,2740,Dry Recyclables Processing (MRF),Visy / Cleanaway MRF,2021-09-01,2028-08-31,7.0,863000.0,123285.71,603,86.4,Active,Resource Recovery Dept (lachlan.nsw.gov.au),https://www.lachlan.nsw.gov.au,https://www.lachlan.nsw.gov.au/services/waste-and-recycling/recycling-mrf-processing,2026-08-01T11:25:59.485272,"Processing co-mingled recyclables for 6,108 residents."
NSW-LGA-9463,Lachlan Shire,Inland / Rural,6108,2740,FOGO & Organics Processing,Veolia / SOILCO / Cleanaway Organics,2023-01-01,2030-12-31,8.0,767000.0,95875.0,767,72.96,Active,Sustainability & Waste (lachlan.nsw.gov.au),https://www.lachlan.nsw.gov.au,https://www.lachlan.nsw.gov.au/services/waste-and-recycling/fogo-strategy,2026-08-01T11:25:59.485272,Food & Garden Organics composting contract.
NSW-LGA-3647,Leeton Shire,Inland / Rural,11450,4810,Kerbside Collection (Red/Yellow/Green Bins),Cleanaway / Solo / Remondis (Tendered),2022-07-01,2027-06-30,5.0,2766000.0,553200.0,2501,111.7,Active,Waste Dept (leeton.nsw.gov.au),https://www.leeton.nsw.gov.au,https://www.leeton.nsw.gov.au/services/waste-and-recycling/collection-services,2026-08-01T11:25:59.485272,"Kerbside collection contract serving 4,810 dwellings."
NSW-LGA-2554,Leeton Shire,Inland / Rural,11450,4810,Dry Recyclables Processing (MRF),Visy / Cleanaway MRF,2021-09-01,2028-08-31,7.0,1515000.0,216428.57,1058,81.6,Active,Resource Recovery Dept (leeton.nsw.gov.au),https://www.leeton.nsw.gov.au,https://www.leeton.nsw.gov.au/services/waste-and-recycling/recycling-mrf-processing,2026-08-01T11:25:59.485272,"Processing co-mingled recyclables for 11,450 residents."
NSW-LGA-9012,Leeton Shire,Inland / Rural,11450,4810,FOGO & Organics Processing,Veolia / SOILCO / Cleanaway Organics,2023-01-01,2030-12-31,8.0,1347000.0,168375.0,1347,58.96,Active,Sustainability & Waste (leeton.nsw.gov.au),https://www.leeton.nsw.gov.au,https://www.leeton.nsw.gov.au/services/waste-and-recycling/fogo-strategy,2026-08-01T11:25:59.485272,Food & Garden Organics composting contract.
NSW-LGA-4648,Liverpool Plains Shire,Inland / Rural,7838,3690,Kerbside Collection (Red/Yellow/Green Bins),Cleanaway / Solo / Remondis (Tendered),2022-07-01,2027-06-30,5.0,2122000.0,424400.0,1919,111.8,Active,Waste Dept (lpsc.nsw.gov.au),https://www.lpsc.nsw.gov.au,https://www.lpsc.nsw.gov.au/services/waste-and-recycling/collection-services,2026-08-01T11:25:59.485272,"Kerbside collection contract serving 3,690 dwellings."
NSW-LGA-9524,Liverpool Plains Shire,Inland / Rural,7838,3690,Dry Recyclables Processing (MRF),Visy / Cleanaway MRF,2021-09-01,2028-08-31,7.0,1162000.0,166000.0,812,84.6,Active,Resource Recovery Dept (lpsc.nsw.gov.au),https://www.lpsc.nsw.gov.au,https://www.lpsc.nsw.gov.au/services/waste-and-recycling/recycling-mrf-processing,2026-08-01T11:25:59.485272,"Processing co-mingled recyclables for 7,838 residents."
NSW-LGA-5756,Liverpool Plains Shire,Inland / Rural,7838,3690,FOGO & Organics Processing,Veolia / SOILCO / Cleanaway Organics,2023-01-01,2030-12-31,8.0,1033000.0,129125.0,1033,62.48,Active,Sustainability & Waste (lpsc.nsw.gov.au),https://www.lpsc.nsw.gov.au,https://www.lpsc.nsw.gov.au/services/waste-and-recycling/fogo-strategy,2026-08-01T11:25:59.485272,Food & Garden Organics composting contract.
NSW-LGA-3260,Lockhart Shire,Inland / Rural,3319,1520,Kerbside Collection (Red/Yellow/Green Bins),Cleanaway / Solo / Remondis (Tendered),2022-07-01,2027-06-30,5.0,874000.0,174800.0,790,108.0,Active,Waste Dept (lockhart.nsw.gov.au),https://www.lockhart.nsw.gov.au,https://www.lockhart.nsw.gov.au/services/waste-and-recycling/collection-services,2026-08-01T11:25:59.485272,"Kerbside collection contract serving 1,520 dwellings."
NSW-LGA-8573,Lockhart Shire,Inland / Rural,3319,1520,Dry Recyclables Processing (MRF),Visy / Cleanaway MRF,2021-09-01,2028-08-31,7.0,479000.0,68428.57,334,79.7,Active,Resource Recovery Dept (lockhart.nsw.gov.au),https://www.lockhart.nsw.gov.au,https://www.lockhart.nsw.gov.au/services/waste-and-recycling/recycling-mrf-processing,2026-08-01T11:25:59.485272,"Processing co-mingled recyclables for 3,319 residents."
NSW-LGA-8366,Lockhart Shire,Inland / Rural,3319,1520,FOGO & Organics Processing,Veolia / SOILCO / Cleanaway Organics,2023-01-01,2030-12-31,8.0,426000.0,53250.0,426,80.72,Active,Sustainability & Waste (lockhart.nsw.gov.au),https://www.lockhart.nsw.gov.au,https://www.lockhart.nsw.gov.au/services/waste-and-recycling/fogo-strategy,2026-08-01T11:25:59.485272,Food & Garden Organics composting contract.
NSW-LGA-5816,Moree Plains Shire,Inland / Rural,12737,5590,Kerbside Collection (Red/Yellow/Green Bins),Cleanaway / Solo / Remondis (Tendered),2022-07-01,2027-06-30,5.0,3214000.0,642800.0,2907,100.4,Active,Waste Dept (mpsc.nsw.gov.au),https://www.mpsc.nsw.gov.au,https://www.mpsc.nsw.gov.au/services/waste-and-recycling/collection-services,2026-08-01T11:25:59.485272,"Kerbside collection contract serving 5,590 dwellings."
NSW-LGA-1118,Moree Plains Shire,Inland / Rural,12737,5590,Dry Recyclables Processing (MRF),Visy / Cleanaway MRF,2021-09-01,2028-08-31,7.0,1761000.0,251571.43,1230,90.2,Active,Resource Recovery Dept (mpsc.nsw.gov.au),https://www.mpsc.nsw.gov.au,https://www.mpsc.nsw.gov.au/services/waste-and-recycling/recycling-mrf-processing,2026-08-01T11:25:59.485272,"Processing co-mingled recyclables for 12,737 residents."
NSW-LGA-5798,Moree Plains Shire,Inland / Rural,12737,5590,FOGO & Organics Processing,Veolia / SOILCO / Cleanaway Organics,2023-01-01,2030-12-31,8.0,1565000.0,195625.0,1565,65.84,Active,Sustainability & Waste (mpsc.nsw.gov.au),https://www.mpsc.nsw.gov.au,https://www.mpsc.nsw.gov.au/services/waste-and-recycling/fogo-strategy,2026-08-01T11:25:59.485272,Food & Garden Organics composting contract.
NSW-LGA-4252,Murray River Council,Inland / Rural,12850,6280,Kerbside Collection (Red/Yellow/Green Bins),Cleanaway / Solo / Remondis (Tendered),2022-07-01,2027-06-30,5.0,3611000.0,722200.0,3266,107.2,Active,Waste Dept (murrayriver.nsw.gov.au),https://www.murrayriver.nsw.gov.au,https://www.murrayriver.nsw.gov.au/services/waste-and-recycling/collection-services,2026-08-01T11:25:59.485272,"Kerbside collection contract serving 6,280 dwellings."
NSW-LGA-1591,Murray River Council,Inland / Rural,12850,6280,Dry Recyclables Processing (MRF),Visy / Cleanaway MRF,2021-09-01,2028-08-31,7.0,1978000.0,282571.43,1382,77.9,Active,Resource Recovery Dept (murrayriver.nsw.gov.au),https://www.murrayriver.nsw.gov.au,https://www.murrayriver.nsw.gov.au/services/waste-and-recycling/recycling-mrf-processing,2026-08-01T11:25:59.485272,"Processing co-mingled recyclables for 12,850 residents."
NSW-LGA-4767,Murray River Council,Inland / Rural,12850,6280,FOGO & Organics Processing,Veolia / SOILCO / Cleanaway Organics,2023-01-01,2030-12-31,8.0,1758000.0,219750.0,1758,76.64,Active,Sustainability & Waste (murrayriver.nsw.gov.au),https://www.murrayriver.nsw.gov.au,https://www.murrayriver.nsw.gov.au/services/waste-and-recycling/fogo-strategy,2026-08-01T11:25:59.485272,Food & Garden Organics composting contract.
NSW-LGA-3998,Muswellbrook Shire,Inland / Rural,16355,7120,Kerbside Collection (Red/Yellow/Green Bins),Cleanaway / Solo / Remondis (Tendered),2022-07-01,2027-06-30,5.0,4094000.0,818800.0,3702,111.8,Active,Waste Dept (muswellbrook.nsw.gov.au),https://www.muswellbrook.nsw.gov.au,https://www.muswellbrook.nsw.gov.au/services/waste-and-recycling/collection-services,2026-08-01T11:25:59.485272,"Kerbside collection contract serving 7,120 dwellings."
NSW-LGA-0811,Muswellbrook Shire,Inland / Rural,16355,7120,Dry Recyclables Processing (MRF),Visy / Cleanaway MRF,2021-09-01,2028-08-31,7.0,2243000.0,320428.57,1566,90.9,Active,Resource Recovery Dept (muswellbrook.nsw.gov.au),https://www.muswellbrook.nsw.gov.au,https://www.muswellbrook.nsw.gov.au/services/waste-and-recycling/recycling-mrf-processing,2026-08-01T11:25:59.485272,"Processing co-mingled recyclables for 16,355 residents."
NSW-LGA-4031,Muswellbrook Shire,Inland / Rural,16355,7120,FOGO & Organics Processing,Veolia / SOILCO / Cleanaway Organics,2023-01-01,2030-12-31,8.0,1994000.0,249250.0,1994,60.48,Active,Sustainability & Waste (muswellbrook.nsw.gov.au),https://www.muswellbrook.nsw.gov.au,https://www.muswellbrook.nsw.gov.au/services/waste-and-recycling/fogo-strategy,2026-08-01T11:25:59.485272,Food & Garden Organics composting contract.
NSW-LGA-2069,Narrabri Shire,Inland / Rural,12703,5790,Kerbside Collection (Red/Yellow/Green Bins),Cleanaway / Solo / Remondis (Tendered),2022-07-01,2027-06-30,5.0,3329000.0,665800.0,3011,105.1,Active,Waste Dept (narrabri.nsw.gov.au),https://www.narrabri.nsw.gov.au,https://www.narrabri.nsw.gov.au/services/waste-and-recycling/collection-services,2026-08-01T11:25:59.485272,"Kerbside collection contract serving 5,790 dwellings."
NSW-LGA-8260,Narrabri Shire,Inland / Rural,12703,5790,Dry Recyclables Processing (MRF),Visy / Cleanaway MRF,2021-09-01,2028-08-31,7.0,1824000.0,260571.43,1274,98.0,Active,Resource Recovery Dept (narrabri.nsw.gov.au),https://www.narrabri.nsw.gov.au,https://www.narrabri.nsw.gov.au/services/waste-and-recycling/recycling-mrf-processing,2026-08-01T11:25:59.485272,"Processing co-mingled recyclables for 12,703 residents."
NSW-LGA-4187,Narrabri Shire,Inland / Rural,12703,5790,FOGO & Organics Processing,Veolia / SOILCO / Cleanaway Organics,2023-01-01,2030-12-31,8.0,1621000.0,202625.0,1621,72.96,Active,Sustainability & Waste (narrabri.nsw.gov.au),https://www.narrabri.nsw.gov.au,https://www.narrabri.nsw.gov.au/services/waste-and-recycling/fogo-strategy,2026-08-01T11:25:59.485272,Food & Garden Organics composting contract.
NSW-LGA-4414,Narrandera Shire,Inland / Rural,5698,2710,Kerbside Collection (Red/Yellow/Green Bins),Cleanaway / Solo / Remondis (Tendered),2022-07-01,2027-06-30,5.0,1558000.0,311600.0,1409,88.4,Active,Waste Dept (narrandera.nsw.gov.au),https://www.narrandera.nsw.gov.au,https://www.narrandera.nsw.gov.au/services/waste-and-recycling/collection-services,2026-08-01T11:25:59.485272,"Kerbside collection contract serving 2,710 dwellings."
NSW-LGA-0336,Narrandera Shire,Inland / Rural,5698,2710,Dry Recyclables Processing (MRF),Visy / Cleanaway MRF,2021-09-01,2028-08-31,7.0,854000.0,122000.0,596,103.4,Active,Resource Recovery Dept (narrandera.nsw.gov.au),https://www.narrandera.nsw.gov.au,https://www.narrandera.nsw.gov.au/services/waste-and-recycling/recycling-mrf-processing,2026-08-01T11:25:59.485272,"Processing co-mingled recyclables for 5,698 residents."
NSW-LGA-1010,Narrandera Shire,Inland / Rural,5698,2710,FOGO & Organics Processing,Veolia / SOILCO / Cleanaway Organics,2023-01-01,2030-12-31,8.0,759000.0,94875.0,759,81.2,Active,Sustainability & Waste (narrandera.nsw.gov.au),https://www.narrandera.nsw.gov.au,https://www.narrandera.nsw.gov.au/services/waste-and-recycling/fogo-strategy,2026-08-01T11:25:59.485272,Food & Garden Organics composting contract.
NSW-LGA-1195,Narromine Shire,Inland / Rural,6488,2820,Kerbside Collection (Red/Yellow/Green Bins),Cleanaway / Solo / Remondis (Tendered),2022-07-01,2027-06-30,5.0,1622000.0,324400.0,1466,101.5,Active,Waste Dept (narromine.nsw.gov.au),https://www.narromine.nsw.gov.au,https://www.narromine.nsw.gov.au/services/waste-and-recycling/collection-services,2026-08-01T11:25:59.485272,"Kerbside collection contract serving 2,820 dwellings."
NSW-LGA-2192,Narromine Shire,Inland / Rural,6488,2820,Dry Recyclables Processing (MRF),Visy / Cleanaway MRF,2021-09-01,2028-08-31,7.0,888000.0,126857.14,620,91.2,Active,Resource Recovery Dept (narromine.nsw.gov.au),https://www.narromine.nsw.gov.au,https://www.narromine.nsw.gov.au/services/waste-and-recycling/recycling-mrf-processing,2026-08-01T11:25:59.485272,"Processing co-mingled recyclables for 6,488 residents."
NSW-LGA-9834,Narromine Shire,Inland / Rural,6488,2820,FOGO & Organics Processing,Veolia / SOILCO / Cleanaway Organics,2023-01-01,2030-12-31,8.0,790000.0,98750.0,790,71.28,Active,Sustainability & Waste (narromine.nsw.gov.au),https://www.narromine.nsw.gov.au,https://www.narromine.nsw.gov.au/services/waste-and-recycling/fogo-strategy,2026-08-01T11:25:59.485272,Food & Garden Organics composting contract.
NSW-LGA-1183,Oberon Council,Inland / Rural,5580,2410,Kerbside Collection (Red/Yellow/Green Bins),Cleanaway / Solo / Remondis (Tendered),2022-07-01,2027-06-30,5.0,1386000.0,277200.0,1253,93.7,Active,Waste Dept (oberon.nsw.gov.au),https://www.oberon.nsw.gov.au,https://www.oberon.nsw.gov.au/services/waste-and-recycling/collection-services,2026-08-01T11:25:59.485272,"Kerbside collection contract serving 2,410 dwellings."
NSW-LGA-0745,Oberon Council,Inland / Rural,5580,2410,Dry Recyclables Processing (MRF),Visy / Cleanaway MRF,2021-09-01,2028-08-31,7.0,759000.0,108428.57,530,97.5,Active,Resource Recovery Dept (oberon.nsw.gov.au),https://www.oberon.nsw.gov.au,https://www.oberon.nsw.gov.au/services/waste-and-recycling/recycling-mrf-processing,2026-08-01T11:25:59.485272,"Processing co-mingled recyclables for 5,580 residents."
NSW-LGA-9868,Oberon Council,Inland / Rural,5580,2410,FOGO & Organics Processing,Veolia / SOILCO / Cleanaway Organics,2023-01-01,2030-12-31,8.0,675000.0,84375.0,675,68.56,Active,Sustainability & Waste (oberon.nsw.gov.au),https://www.oberon.nsw.gov.au,https://www.oberon.nsw.gov.au/services/waste-and-recycling/fogo-strategy,2026-08-01T11:25:59.485272,Food & Garden Organics composting contract.
NSW-LGA-8862,"Orange, City of",Inland / Rural,43512,18320,Kerbside Collection (Red/Yellow/Green Bins),Cleanaway / Solo / Remondis (Tendered),2022-07-01,2027-06-30,5.0,10534000.0,2106800.0,9526,98.2,Active,Waste Dept (orange.nsw.gov.au),https://www.orange.nsw.gov.au,https://www.orange.nsw.gov.au/services/waste-and-recycling/collection-services,2026-08-01T11:25:59.485272,"Kerbside collection contract serving 18,320 dwellings."
NSW-LGA-4668,"Orange, City of",Inland / Rural,43512,18320,Dry Recyclables Processing (MRF),Visy / Cleanaway MRF,2021-09-01,2028-08-31,7.0,5771000.0,824428.57,4030,105.2,Active,Resource Recovery Dept (orange.nsw.gov.au),https://www.orange.nsw.gov.au,https://www.orange.nsw.gov.au/services/waste-and-recycling/recycling-mrf-processing,2026-08-01T11:25:59.485272,"Processing co-mingled recyclables for 43,512 residents."
NSW-LGA-2367,"Orange, City of",Inland / Rural,43512,18320,FOGO & Organics Processing,Veolia / SOILCO / Cleanaway Organics,2023-01-01,2030-12-31,8.0,5130000.0,641250.0,5130,80.64,Active,Sustainability & Waste (orange.nsw.gov.au),https://www.orange.nsw.gov.au,https://www.orange.nsw.gov.au/services/waste-and-recycling/fogo-strategy,2026-08-01T11:25:59.485272,Food & Garden Organics composting contract.
NSW-LGA-0524,Parkes Shire,Inland / Rural,14311,6320,Kerbside Collection (Red/Yellow/Green Bins),Cleanaway / Solo / Remondis (Tendered),2022-07-01,2027-06-30,5.0,3634000.0,726800.0,3286,94.6,Active,Waste Dept (parkes.nsw.gov.au),https://www.parkes.nsw.gov.au,https://www.parkes.nsw.gov.au/services/waste-and-recycling/collection-services,2026-08-01T11:25:59.485272,"Kerbside collection contract serving 6,320 dwellings."
NSW-LGA-5065,Parkes Shire,Inland / Rural,14311,6320,Dry Recyclables Processing (MRF),Visy / Cleanaway MRF,2021-09-01,2028-08-31,7.0,1991000.0,284428.57,1390,78.5,Active,Resource Recovery Dept (parkes.nsw.gov.au),https://www.parkes.nsw.gov.au,https://www.parkes.nsw.gov.au/services/waste-and-recycling/recycling-mrf-processing,2026-08-01T11:25:59.485272,"Processing co-mingled recyclables for 14,311 residents."
NSW-LGA-9417,Parkes Shire,Inland / Rural,14311,6320,FOGO & Organics Processing,Veolia / SOILCO / Cleanaway Organics,2023-01-01,2030-12-31,8.0,1770000.0,221250.0,1770,76.64,Active,Sustainability & Waste (parkes.nsw.gov.au),https://www.parkes.nsw.gov.au,https://www.parkes.nsw.gov.au/services/waste-and-recycling/fogo-strategy,2026-08-01T11:25:59.485272,Food & Garden Organics composting contract.
NSW-LGA-5457,Queanbeyan-Palerang Regional,Inland / Rural,63441,25610,Kerbside Collection (Red/Yellow/Green Bins),Cleanaway / Solo / Remondis (Tendered),2022-07-01,2027-06-30,5.0,14726000.0,2945200.0,13317,101.3,Active,Waste Dept (qprc.nsw.gov.au),https://www.qprc.nsw.gov.au,https://www.qprc.nsw.gov.au/services/waste-and-recycling/collection-services,2026-08-01T11:25:59.485272,"Kerbside collection contract serving 25,610 dwellings."
NSW-LGA-3174,Queanbeyan-Palerang Regional,Inland / Rural,63441,25610,Dry Recyclables Processing (MRF),Visy / Cleanaway MRF,2021-09-01,2028-08-31,7.0,8067000.0,1152428.57,5634,89.4,Active,Resource Recovery Dept (qprc.nsw.gov.au),https://www.qprc.nsw.gov.au,https://www.qprc.nsw.gov.au/services/waste-and-recycling/recycling-mrf-processing,2026-08-01T11:25:59.485272,"Processing co-mingled recyclables for 63,441 residents."
NSW-LGA-4788,Queanbeyan-Palerang Regional,Inland / Rural,63441,25610,FOGO & Organics Processing,Veolia / SOILCO / Cleanaway Organics,2023-01-01,2030-12-31,8.0,7171000.0,896375.0,7171,65.04,Active,Sustainability & Waste (qprc.nsw.gov.au),https://www.qprc.nsw.gov.au,https://www.qprc.nsw.gov.au/services/waste-and-recycling/fogo-strategy,2026-08-01T11:25:59.485272,Food & Garden Organics composting contract.
NSW-LGA-9701,Snowy Monaro Regional Council,Inland / Rural,20707,12410,Kerbside Collection (Red/Yellow/Green Bins),Cleanaway / Solo / Remondis (Tendered),2022-07-01,2027-06-30,5.0,7136000.0,1427200.0,6453,82.1,Active,Waste Dept (snowymonaro.nsw.gov.au),https://www.snowymonaro.nsw.gov.au,https://www.snowymonaro.nsw.gov.au/services/waste-and-recycling/collection-services,2026-08-01T11:25:59.486272,"Kerbside collection contract serving 12,410 dwellings."
NSW-LGA-0762,Snowy Monaro Regional Council,Inland / Rural,20707,12410,Dry Recyclables Processing (MRF),Visy / Cleanaway MRF,2021-09-01,2028-08-31,7.0,3909000.0,558428.57,2730,95.8,Active,Resource Recovery Dept (snowymonaro.nsw.gov.au),https://www.snowymonaro.nsw.gov.au,https://www.snowymonaro.nsw.gov.au/services/waste-and-recycling/recycling-mrf-processing,2026-08-01T11:25:59.486272,"Processing co-mingled recyclables for 20,707 residents."
NSW-LGA-1052,Snowy Monaro Regional Council,Inland / Rural,20707,12410,FOGO & Organics Processing,Veolia / SOILCO / Cleanaway Organics,2023-01-01,2030-12-31,8.0,3475000.0,434375.0,3475,77.84,Active,Sustainability & Waste (snowymonaro.nsw.gov.au),https://www.snowymonaro.nsw.gov.au,https://www.snowymonaro.nsw.gov.au/services/waste-and-recycling/fogo-strategy,2026-08-01T11:25:59.486272,Food & Garden Organics composting contract.
NSW-LGA-7903,Snowy Valleys Council,Inland / Rural,14891,7180,Kerbside Collection (Red/Yellow/Green Bins),Cleanaway / Solo / Remondis (Tendered),2022-07-01,2027-06-30,5.0,4128000.0,825600.0,3734,91.7,Active,Waste Dept (snowyvalleys.nsw.gov.au),https://www.snowyvalleys.nsw.gov.au,https://www.snowyvalleys.nsw.gov.au/services/waste-and-recycling/collection-services,2026-08-01T11:25:59.486272,"Kerbside collection contract serving 7,180 dwellings."
NSW-LGA-9858,Snowy Valleys Council,Inland / Rural,14891,7180,Dry Recyclables Processing (MRF),Visy / Cleanaway MRF,2021-09-01,2028-08-31,7.0,2262000.0,323142.86,1580,87.8,Active,Resource Recovery Dept (snowyvalleys.nsw.gov.au),https://www.snowyvalleys.nsw.gov.au,https://www.snowyvalleys.nsw.gov.au/services/waste-and-recycling/recycling-mrf-processing,2026-08-01T11:25:59.486272,"Processing co-mingled recyclables for 14,891 residents."
NSW-LGA-1675,Snowy Valleys Council,Inland / Rural,14891,7180,FOGO & Organics Processing,Veolia / SOILCO / Cleanaway Organics,2023-01-01,2030-12-31,8.0,2010000.0,251250.0,2010,84.0,Active,Sustainability & Waste (snowyvalleys.nsw.gov.au),https://www.snowyvalleys.nsw.gov.au,https://www.snowyvalleys.nsw.gov.au/services/waste-and-recycling/fogo-strategy,2026-08-01T11:25:59.486272,Food & Garden Organics composting contract.
NSW-LGA-4333,Southern Highlands (Wingecarribee),Inland / Rural,52709,23890,Kerbside Collection (Red/Yellow/Green Bins),Cleanaway / Solo / Remondis (Tendered),2022-07-01,2027-06-30,5.0,13737000.0,2747400.0,12423,113.7,Active,Waste Dept (wsc.nsw.gov.au),https://www.wsc.nsw.gov.au,https://www.wsc.nsw.gov.au/services/waste-and-recycling/collection-services,2026-08-01T11:25:59.486272,"Kerbside collection contract serving 23,890 dwellings."
NSW-LGA-1060,Southern Highlands (Wingecarribee),Inland / Rural,52709,23890,Dry Recyclables Processing (MRF),Visy / Cleanaway MRF,2021-09-01,2028-08-31,7.0,7525000.0,1075000.0,5256,78.0,Active,Resource Recovery Dept (wsc.nsw.gov.au),https://www.wsc.nsw.gov.au,https://www.wsc.nsw.gov.au/services/waste-and-recycling/recycling-mrf-processing,2026-08-01T11:25:59.486272,"Processing co-mingled recyclables for 52,709 residents."
NSW-LGA-9882,Southern Highlands (Wingecarribee),Inland / Rural,52709,23890,FOGO & Organics Processing,Veolia / SOILCO / Cleanaway Organics,2023-01-01,2030-12-31,8.0,6689000.0,836125.0,6689,72.56,Active,Sustainability & Waste (wsc.nsw.gov.au),https://www.wsc.nsw.gov.au,https://www.wsc.nsw.gov.au/services/waste-and-recycling/fogo-strategy,2026-08-01T11:25:59.486272,Food & Garden Organics composting contract.
NSW-LGA-7281,Tamworth Regional Council,Inland / Rural,63120,26810,Kerbside Collection (Red/Yellow/Green Bins),Cleanaway / Solo / Remondis (Tendered),2022-07-01,2027-06-30,5.0,15416000.0,3083200.0,13941,83.9,Active,Waste Dept (tamworth.nsw.gov.au),https://www.tamworth.nsw.gov.au,https://www.tamworth.nsw.gov.au/services/waste-and-recycling/collection-services,2026-08-01T11:25:59.486272,"Kerbside collection contract serving 26,810 dwellings."
NSW-LGA-0407,Tamworth Regional Council,Inland / Rural,63120,26810,Dry Recyclables Processing (MRF),Visy / Cleanaway MRF,2021-09-01,2028-08-31,7.0,8445000.0,1206428.57,5898,77.7,Active,Resource Recovery Dept (tamworth.nsw.gov.au),https://www.tamworth.nsw.gov.au,https://www.tamworth.nsw.gov.au/services/waste-and-recycling/recycling-mrf-processing,2026-08-01T11:25:59.486272,"Processing co-mingled recyclables for 63,120 residents."
NSW-LGA-3168,Tamworth Regional Council,Inland / Rural,63120,26810,FOGO & Organics Processing,Veolia / SOILCO / Cleanaway Organics,2023-01-01,2030-12-31,8.0,7507000.0,938375.0,7507,71.44,Active,Sustainability & Waste (tamworth.nsw.gov.au),https://www.tamworth.nsw.gov.au,https://www.tamworth.nsw.gov.au/services/waste-and-recycling/fogo-strategy,2026-08-01T11:25:59.486272,Food & Garden Organics composting contract.
NSW-LGA-9118,Tenterfield Shire,Inland / Rural,6811,3490,Kerbside Collection (Red/Yellow/Green Bins),Cleanaway / Solo / Remondis (Tendered),2022-07-01,2027-06-30,5.0,2007000.0,401400.0,1815,93.8,Active,Waste Dept (tenterfield.nsw.gov.au),https://www.tenterfield.nsw.gov.au,https://www.tenterfield.nsw.gov.au/services/waste-and-recycling/collection-services,2026-08-01T11:25:59.486272,"Kerbside collection contract serving 3,490 dwellings."
NSW-LGA-7892,Tenterfield Shire,Inland / Rural,6811,3490,Dry Recyclables Processing (MRF),Visy / Cleanaway MRF,2021-09-01,2028-08-31,7.0,1099000.0,157000.0,768,82.8,Active,Resource Recovery Dept (tenterfield.nsw.gov.au),https://www.tenterfield.nsw.gov.au,https://www.tenterfield.nsw.gov.au/services/waste-and-recycling/recycling-mrf-processing,2026-08-01T11:25:59.486272,"Processing co-mingled recyclables for 6,811 residents."
NSW-LGA-6868,Tenterfield Shire,Inland / Rural,6811,3490,FOGO & Organics Processing,Veolia / SOILCO / Cleanaway Organics,2023-01-01,2030-12-31,8.0,977000.0,122125.0,977,71.44,Active,Sustainability & Waste (tenterfield.nsw.gov.au),https://www.tenterfield.nsw.gov.au,https://www.tenterfield.nsw.gov.au/services/waste-and-recycling/fogo-strategy,2026-08-01T11:25:59.486272,Food & Garden Organics composting contract.
NSW-LGA-2019,Temora Shire,Inland / Rural,6236,2890,Kerbside Collection (Red/Yellow/Green Bins),Cleanaway / Solo / Remondis (Tendered),2022-07-01,2027-06-30,5.0,1662000.0,332400.0,1503,110.1,Active,Waste Dept (temora.nsw.gov.au),https://www.temora.nsw.gov.au,https://www.temora.nsw.gov.au/services/waste-and-recycling/collection-services,2026-08-01T11:25:59.486272,"Kerbside collection contract serving 2,890 dwellings."
NSW-LGA-3745,Temora Shire,Inland / Rural,6236,2890,Dry Recyclables Processing (MRF),Visy / Cleanaway MRF,2021-09-01,2028-08-31,7.0,910000.0,130000.0,636,76.5,Active,Resource Recovery Dept (temora.nsw.gov.au),https://www.temora.nsw.gov.au,https://www.temora.nsw.gov.au/services/waste-and-recycling/recycling-mrf-processing,2026-08-01T11:25:59.486272,"Processing co-mingled recyclables for 6,236 residents."
NSW-LGA-1421,Temora Shire,Inland / Rural,6236,2890,FOGO & Organics Processing,Veolia / SOILCO / Cleanaway Organics,2023-01-01,2030-12-31,8.0,809000.0,101125.0,809,63.68,Active,Sustainability & Waste (temora.nsw.gov.au),https://www.temora.nsw.gov.au,https://www.temora.nsw.gov.au/services/waste-and-recycling/fogo-strategy,2026-08-01T11:25:59.486272,Food & Garden Organics composting contract.
NSW-LGA-7978,Upper Lachlan Shire,Inland / Rural,8219,3920,Kerbside Collection (Red/Yellow/Green Bins),Cleanaway / Solo / Remondis (Tendered),2022-07-01,2027-06-30,5.0,2254000.0,450800.0,2038,109.8,Active,Waste Dept (upperlachlan.nsw.gov.au),https://www.upperlachlan.nsw.gov.au,https://www.upperlachlan.nsw.gov.au/services/waste-and-recycling/collection-services,2026-08-01T11:25:59.486272,"Kerbside collection contract serving 3,920 dwellings."
NSW-LGA-9907,Upper Lachlan Shire,Inland / Rural,8219,3920,Dry Recyclables Processing (MRF),Visy / Cleanaway MRF,2021-09-01,2028-08-31,7.0,1235000.0,176428.57,862,81.3,Active,Resource Recovery Dept (upperlachlan.nsw.gov.au),https://www.upperlachlan.nsw.gov.au,https://www.upperlachlan.nsw.gov.au/services/waste-and-recycling/recycling-mrf-processing,2026-08-01T11:25:59.486272,"Processing co-mingled recyclables for 8,219 residents."
NSW-LGA-6501,Upper Lachlan Shire,Inland / Rural,8219,3920,FOGO & Organics Processing,Veolia / SOILCO / Cleanaway Organics,2023-01-01,2030-12-31,8.0,1098000.0,137250.0,1098,69.92,Active,Sustainability & Waste (upperlachlan.nsw.gov.au),https://www.upperlachlan.nsw.gov.au,https://www.upperlachlan.nsw.gov.au/services/waste-and-recycling/fogo-strategy,2026-08-01T11:25:59.486272,Food & Garden Organics composting contract.
NSW-LGA-8455,Uralla Shire,Inland / Rural,5971,2680,Kerbside Collection (Red/Yellow/Green Bins),Cleanaway / Solo / Remondis (Tendered),2022-07-01,2027-06-30,5.0,1541000.0,308200.0,1394,92.5,Active,Waste Dept (uralla.nsw.gov.au),https://www.uralla.nsw.gov.au,https://www.uralla.nsw.gov.au/services/waste-and-recycling/collection-services,2026-08-01T11:25:59.486272,"Kerbside collection contract serving 2,680 dwellings."
NSW-LGA-1500,Uralla Shire,Inland / Rural,5971,2680,Dry Recyclables Processing (MRF),Visy / Cleanaway MRF,2021-09-01,2028-08-31,7.0,844000.0,120571.43,590,87.0,Active,Resource Recovery Dept (uralla.nsw.gov.au),https://www.uralla.nsw.gov.au,https://www.uralla.nsw.gov.au/services/waste-and-recycling/recycling-mrf-processing,2026-08-01T11:25:59.486272,"Processing co-mingled recyclables for 5,971 residents."
NSW-LGA-3044,Uralla Shire,Inland / Rural,5971,2680,FOGO & Organics Processing,Veolia / SOILCO / Cleanaway Organics,2023-01-01,2030-12-31,8.0,750000.0,93750.0,750,61.52,Active,Sustainability & Waste (uralla.nsw.gov.au),https://www.uralla.nsw.gov.au,https://www.uralla.nsw.gov.au/services/waste-and-recycling/fogo-strategy,2026-08-01T11:25:59.486272,Food & Garden Organics composting contract.
NSW-LGA-5490,"Wagga Wagga, City of",Inland / Rural,67609,28140,Kerbside Collection (Red/Yellow/Green Bins),Cleanaway / Solo / Remondis (Tendered),2022-07-01,2027-06-30,5.0,16180000.0,3236000.0,14633,96.0,Active,Waste Dept (wagga.nsw.gov.au),https://www.wagga.nsw.gov.au,https://www.wagga.nsw.gov.au/services/waste-and-recycling/collection-services,2026-08-01T11:25:59.486272,"Kerbside collection contract serving 28,140 dwellings."
NSW-LGA-4281,"Wagga Wagga, City of",Inland / Rural,67609,28140,Dry Recyclables Processing (MRF),Visy / Cleanaway MRF,2021-09-01,2028-08-31,7.0,8864000.0,1266285.71,6191,100.1,Active,Resource Recovery Dept (wagga.nsw.gov.au),https://www.wagga.nsw.gov.au,https://www.wagga.nsw.gov.au/services/waste-and-recycling/recycling-mrf-processing,2026-08-01T11:25:59.486272,"Processing co-mingled recyclables for 67,609 residents."
NSW-LGA-3987,"Wagga Wagga, City of",Inland / Rural,67609,28140,FOGO & Organics Processing,Veolia / SOILCO / Cleanaway Organics,2023-01-01,2030-12-31,8.0,7879000.0,984875.0,7879,80.96,Active,Sustainability & Waste (wagga.nsw.gov.au),https://www.wagga.nsw.gov.au,https://www.wagga.nsw.gov.au/services/waste-and-recycling/fogo-strategy,2026-08-01T11:25:59.486272,Food & Garden Organics composting contract.
NSW-LGA-7167,Walcha Council,Inland / Rural,3016,1480,Kerbside Collection (Red/Yellow/Green Bins),Cleanaway / Solo / Remondis (Tendered),2022-07-01,2027-06-30,5.0,851000.0,170200.0,770,98.7,Active,Waste Dept (walcha.nsw.gov.au),https://www.walcha.nsw.gov.au,https://www.walcha.nsw.gov.au/services/waste-and-recycling/collection-services,2026-08-01T11:25:59.486272,"Kerbside collection contract serving 1,480 dwellings."
NSW-LGA-3789,Walcha Council,Inland / Rural,3016,1480,Dry Recyclables Processing (MRF),Visy / Cleanaway MRF,2021-09-01,2028-08-31,7.0,466000.0,66571.43,326,80.9,Active,Resource Recovery Dept (walcha.nsw.gov.au),https://www.walcha.nsw.gov.au,https://www.walcha.nsw.gov.au/services/waste-and-recycling/recycling-mrf-processing,2026-08-01T11:25:59.486272,"Processing co-mingled recyclables for 3,016 residents."
NSW-LGA-4658,Walcha Council,Inland / Rural,3016,1480,FOGO & Organics Processing,Veolia / SOILCO / Cleanaway Organics,2023-01-01,2030-12-31,8.0,414000.0,51750.0,414,85.36,Active,Sustainability & Waste (walcha.nsw.gov.au),https://www.walcha.nsw.gov.au,https://www.walcha.nsw.gov.au/services/waste-and-recycling/fogo-strategy,2026-08-01T11:25:59.486272,Food & Garden Organics composting contract.
NSW-LGA-4750,Walgett Shire,Inland / Rural,5821,2810,Kerbside Collection (Red/Yellow/Green Bins),Cleanaway / Solo / Remondis (Tendered),2022-07-01,2027-06-30,5.0,1616000.0,323200.0,1461,107.0,Active,Waste Dept (walgett.nsw.gov.au),https://www.walgett.nsw.gov.au,https://www.walgett.nsw.gov.au/services/waste-and-recycling/collection-services,2026-08-01T11:25:59.486272,"Kerbside collection contract serving 2,810 dwellings."
NSW-LGA-1942,Walgett Shire,Inland / Rural,5821,2810,Dry Recyclables Processing (MRF),Visy / Cleanaway MRF,2021-09-01,2028-08-31,7.0,885000.0,126428.57,618,96.2,Active,Resource Recovery Dept (walgett.nsw.gov.au),https://www.walgett.nsw.gov.au,https://www.walgett.nsw.gov.au/services/waste-and-recycling/recycling-mrf-processing,2026-08-01T11:25:59.486272,"Processing co-mingled recyclables for 5,821 residents."
NSW-LGA-6661,Walgett Shire,Inland / Rural,5821,2810,FOGO & Organics Processing,Veolia / SOILCO / Cleanaway Organics,2023-01-01,2030-12-31,8.0,787000.0,98375.0,787,82.88,Active,Sustainability & Waste (walgett.nsw.gov.au),https://www.walgett.nsw.gov.au,https://www.walgett.nsw.gov.au/services/waste-and-recycling/fogo-strategy,2026-08-01T11:25:59.486272,Food & Garden Organics composting contract.
NSW-LGA-4132,Warren Shire,Inland / Rural,2552,1210,Kerbside Collection (Red/Yellow/Green Bins),Cleanaway / Solo / Remondis (Tendered),2022-07-01,2027-06-30,5.0,696000.0,139200.0,629,98.8,Active,Waste Dept (warren.nsw.gov.au),https://www.warren.nsw.gov.au,https://www.warren.nsw.gov.au/services/waste-and-recycling/collection-services,2026-08-01T11:25:59.486272,"Kerbside collection contract serving 1,210 dwellings."
NSW-LGA-0277,Warren Shire,Inland / Rural,2552,1210,Dry Recyclables Processing (MRF),Visy / Cleanaway MRF,2021-09-01,2028-08-31,7.0,381000.0,54428.57,266,99.7,Active,Resource Recovery Dept (warren.nsw.gov.au),https://www.warren.nsw.gov.au,https://www.warren.nsw.gov.au/services/waste-and-recycling/recycling-mrf-processing,2026-08-01T11:25:59.486272,"Processing co-mingled recyclables for 2,552 residents."
NSW-LGA-5075,Warren Shire,Inland / Rural,2552,1210,FOGO & Organics Processing,Veolia / SOILCO / Cleanaway Organics,2023-01-01,2030-12-31,8.0,339000.0,42375.0,339,76.0,Active,Sustainability & Waste (warren.nsw.gov.au),https://www.warren.nsw.gov.au,https://www.warren.nsw.gov.au/services/waste-and-recycling/fogo-strategy,2026-08-01T11:25:59.486272,Food & Garden Organics composting contract.
NSW-LGA-0845,Warrumbungle Shire,Inland / Rural,9225,4680,Kerbside Collection (Red/Yellow/Green Bins),Cleanaway / Solo / Remondis (Tendered),2022-07-01,2027-06-30,5.0,2691000.0,538200.0,2434,96.5,Active,Waste Dept (warrumbungle.nsw.gov.au),https://www.warrumbungle.nsw.gov.au,https://www.warrumbungle.nsw.gov.au/services/waste-and-recycling/collection-services,2026-08-01T11:25:59.486272,"Kerbside collection contract serving 4,680 dwellings."
NSW-LGA-0021,Warrumbungle Shire,Inland / Rural,9225,4680,Dry Recyclables Processing (MRF),Visy / Cleanaway MRF,2021-09-01,2028-08-31,7.0,1474000.0,210571.43,1030,74.1,Active,Resource Recovery Dept (warrumbungle.nsw.gov.au),https://www.warrumbungle.nsw.gov.au,https://www.warrumbungle.nsw.gov.au/services/waste-and-recycling/recycling-mrf-processing,2026-08-01T11:25:59.486272,"Processing co-mingled recyclables for 9,225 residents."
NSW-LGA-8044,Warrumbungle Shire,Inland / Rural,9225,4680,FOGO & Organics Processing,Veolia / SOILCO / Cleanaway Organics,2023-01-01,2030-12-31,8.0,1310000.0,163750.0,1310,78.48,Active,Sustainability & Waste (warrumbungle.nsw.gov.au),https://www.warrumbungle.nsw.gov.au,https://www.warrumbungle.nsw.gov.au/services/waste-and-recycling/fogo-strategy,2026-08-01T11:25:59.486272,Food & Garden Organics composting contract.
NSW-LGA-1471,Weddin Shire,Inland / Rural,3607,1790,Kerbside Collection (Red/Yellow/Green Bins),Cleanaway / Solo / Remondis (Tendered),2022-07-01,2027-06-30,5.0,1029000.0,205800.0,931,99.9,Active,Waste Dept (weddin.nsw.gov.au),https://www.weddin.nsw.gov.au,https://www.weddin.nsw.gov.au/services/waste-and-recycling/collection-services,2026-08-01T11:25:59.486272,"Kerbside collection contract serving 1,790 dwellings."
NSW-LGA-5963,Weddin Shire,Inland / Rural,3607,1790,Dry Recyclables Processing (MRF),Visy / Cleanaway MRF,2021-09-01,2028-08-31,7.0,564000.0,80571.43,394,75.7,Active,Resource Recovery Dept (weddin.nsw.gov.au),https://www.weddin.nsw.gov.au,https://www.weddin.nsw.gov.au/services/waste-and-recycling/recycling-mrf-processing,2026-08-01T11:25:59.486272,"Processing co-mingled recyclables for 3,607 residents."
NSW-LGA-0485,Weddin Shire,Inland / Rural,3607,1790,FOGO & Organics Processing,Veolia / SOILCO / Cleanaway Organics,2023-01-01,2030-12-31,8.0,501000.0,62625.0,501,68.8,Active,Sustainability & Waste (weddin.nsw.gov.au),https://www.weddin.nsw.gov.au,https://www.weddin.nsw.gov.au/services/waste-and-recycling/fogo-strategy,2026-08-01T11:25:59.486272,Food & Garden Organics composting contract.
NSW-LGA-9597,Wentworth Shire,Inland / Rural,7452,3510,Kerbside Collection (Red/Yellow/Green Bins),Cleanaway / Solo / Remondis (Tendered),2022-07-01,2027-06-30,5.0,2018000.0,403600.0,1825,106.7,Active,Waste Dept (wentworth.nsw.gov.au),https://www.wentworth.nsw.gov.au,https://www.wentworth.nsw.gov.au/services/waste-and-recycling/collection-services,2026-08-01T11:25:59.486272,"Kerbside collection contract serving 3,510 dwellings."
NSW-LGA-1265,Wentworth Shire,Inland / Rural,7452,3510,Dry Recyclables Processing (MRF),Visy / Cleanaway MRF,2021-09-01,2028-08-31,7.0,1106000.0,158000.0,772,75.5,Active,Resource Recovery Dept (wentworth.nsw.gov.au),https://www.wentworth.nsw.gov.au,https://www.wentworth.nsw.gov.au/services/waste-and-recycling/recycling-mrf-processing,2026-08-01T11:25:59.486272,"Processing co-mingled recyclables for 7,452 residents."
NSW-LGA-9810,Wentworth Shire,Inland / Rural,7452,3510,FOGO & Organics Processing,Veolia / SOILCO / Cleanaway Organics,2023-01-01,2030-12-31,8.0,983000.0,122875.0,983,73.2,Active,Sustainability & Waste (wentworth.nsw.gov.au),https://www.wentworth.nsw.gov.au,https://www.wentworth.nsw.gov.au/services/waste-and-recycling/fogo-strategy,2026-08-01T11:25:59.486272,Food & Garden Organics composting contract.
NSW-LGA-9814,Yass Valley Council,Inland / Rural,17318,6940,Kerbside Collection (Red/Yellow/Green Bins),Cleanaway / Solo / Remondis (Tendered),2022-07-01,2027-06-30,5.0,3990000.0,798000.0,3609,100.6,Active,Waste Dept (yassvalley.nsw.gov.au),https://www.yassvalley.nsw.gov.au,https://www.yassvalley.nsw.gov.au/services/waste-and-recycling/collection-services,2026-08-01T11:25:59.486272,"Kerbside collection contract serving 6,940 dwellings."
NSW-LGA-7424,Yass Valley Council,Inland / Rural,17318,6940,Dry Recyclables Processing (MRF),Visy / Cleanaway MRF,2021-09-01,2028-08-31,7.0,2186000.0,312285.71,1527,94.6,Active,Resource Recovery Dept (yassvalley.nsw.gov.au),https://www.yassvalley.nsw.gov.au,https://www.yassvalley.nsw.gov.au/services/waste-and-recycling/recycling-mrf-processing,2026-08-01T11:25:59.486272,"Processing co-mingled recyclables for 17,318 residents."
NSW-LGA-3736,Yass Valley Council,Inland / Rural,17318,6940,FOGO & Organics Processing,Veolia / SOILCO / Cleanaway Organics,2023-01-01,2030-12-31,8.0,1943000.0,242875.0,1943,60.88,Active,Sustainability & Waste (yassvalley.nsw.gov.au),https://www.yassvalley.nsw.gov.au,https://www.yassvalley.nsw.gov.au/services/waste-and-recycling/fogo-strategy,2026-08-01T11:25:59.486272,Food & Garden Organics composting contract.
NSW-LGA-8950,Ballina Shire,Coastal Regional,46296,20410,Kerbside Collection (Red/Yellow/Green Bins),Cleanaway / Solo / Remondis (Tendered),2022-07-01,2027-06-30,5.0,11736000.0,2347200.0,10613,101.0,Active,Waste Dept (ballina.nsw.gov.au),https://www.ballina.nsw.gov.au,https://www.ballina.nsw.gov.au/services/waste-and-recycling/collection-services,2026-08-01T11:25:59.486272,"Kerbside collection contract serving 20,410 dwellings."
NSW-LGA-3806,Ballina Shire,Coastal Regional,46296,20410,Dry Recyclables Processing (MRF),Visy / Cleanaway MRF,2021-09-01,2028-08-31,7.0,6429000.0,918428.57,4490,98.6,Active,Resource Recovery Dept (ballina.nsw.gov.au),https://www.ballina.nsw.gov.au,https://www.ballina.nsw.gov.au/services/waste-and-recycling/recycling-mrf-processing,2026-08-01T11:25:59.486272,"Processing co-mingled recyclables for 46,296 residents."
NSW-LGA-2739,Ballina Shire,Coastal Regional,46296,20410,FOGO & Organics Processing,Veolia / SOILCO / Cleanaway Organics,2023-01-01,2030-12-31,8.0,5715000.0,714375.0,5715,71.12,Active,Sustainability & Waste (ballina.nsw.gov.au),https://www.ballina.nsw.gov.au,https://www.ballina.nsw.gov.au/services/waste-and-recycling/fogo-strategy,2026-08-01T11:25:59.486272,Food & Garden Organics composting contract.
NSW-LGA-3580,Bega Valley Shire,Coastal Regional,35942,17890,Kerbside Collection (Red/Yellow/Green Bins),Cleanaway / Solo / Remondis (Tendered),2022-07-01,2027-06-30,5.0,10287000.0,2057400.0,9303,103.0,Active,Waste Dept (begavalley.nsw.gov.au),https://www.begavalley.nsw.gov.au,https://www.begavalley.nsw.gov.au/services/waste-and-recycling/collection-services,2026-08-01T11:25:59.486272,"Kerbside collection contract serving 17,890 dwellings."
NSW-LGA-8681,Bega Valley Shire,Coastal Regional,35942,17890,Dry Recyclables Processing (MRF),Visy / Cleanaway MRF,2021-09-01,2028-08-31,7.0,5635000.0,805000.0,3936,121.1,Active,Resource Recovery Dept (begavalley.nsw.gov.au),https://www.begavalley.nsw.gov.au,https://www.begavalley.nsw.gov.au/services/waste-and-recycling/recycling-mrf-processing,2026-08-01T11:25:59.486272,"Processing co-mingled recyclables for 35,942 residents."
NSW-LGA-9483,Bega Valley Shire,Coastal Regional,35942,17890,FOGO & Organics Processing,Veolia / SOILCO / Cleanaway Organics,2023-01-01,2030-12-31,8.0,5009000.0,626125.0,5009,78.64,Active,Sustainability & Waste (begavalley.nsw.gov.au),https://www.begavalley.nsw.gov.au,https://www.begavalley.nsw.gov.au/services/waste-and-recycling/fogo-strategy,2026-08-01T11:25:59.486272,Food & Garden Organics composting contract.
NSW-LGA-5362,Bellingen Shire,Coastal Regional,13253,6120,Kerbside Collection (Red/Yellow/Green Bins),Cleanaway / Solo / Remondis (Tendered),2022-07-01,2027-06-30,5.0,3519000.0,703800.0,3182,97.2,Active,Waste Dept (bellingen.nsw.gov.au),https://www.bellingen.nsw.gov.au,https://www.bellingen.nsw.gov.au/services/waste-and-recycling/collection-services,2026-08-01T11:25:59.486272,"Kerbside collection contract serving 6,120 dwellings."
NSW-LGA-1428,Bellingen Shire,Coastal Regional,13253,6120,Dry Recyclables Processing (MRF),Visy / Cleanaway MRF,2021-09-01,2028-08-31,7.0,1928000.0,275428.57,1346,110.2,Active,Resource Recovery Dept (bellingen.nsw.gov.au),https://www.bellingen.nsw.gov.au,https://www.bellingen.nsw.gov.au/services/waste-and-recycling/recycling-mrf-processing,2026-08-01T11:25:59.486272,"Processing co-mingled recyclables for 13,253 residents."
NSW-LGA-6423,Bellingen Shire,Coastal Regional,13253,6120,FOGO & Organics Processing,Veolia / SOILCO / Cleanaway Organics,2023-01-01,2030-12-31,8.0,1714000.0,214250.0,1714,86.16,Active,Sustainability & Waste (bellingen.nsw.gov.au),https://www.bellingen.nsw.gov.au,https://www.bellingen.nsw.gov.au/services/waste-and-recycling/fogo-strategy,2026-08-01T11:25:59.486272,Food & Garden Organics composting contract.
NSW-LGA-3987,Byron Shire,Coastal Regional,36116,16840,Kerbside Collection (Red/Yellow/Green Bins),Cleanaway / Solo / Remondis (Tendered),2022-07-01,2027-06-30,5.0,9683000.0,1936600.0,8757,124.7,Active,Waste Dept (byron.nsw.gov.au),https://www.byron.nsw.gov.au,https://www.byron.nsw.gov.au/services/waste-and-recycling/collection-services,2026-08-01T11:25:59.486272,"Kerbside collection contract serving 16,840 dwellings."
NSW-LGA-0101,Byron Shire,Coastal Regional,36116,16840,Dry Recyclables Processing (MRF),Visy / Cleanaway MRF,2021-09-01,2028-08-31,7.0,5305000.0,757857.14,3705,98.1,Active,Resource Recovery Dept (byron.nsw.gov.au),https://www.byron.nsw.gov.au,https://www.byron.nsw.gov.au/services/waste-and-recycling/recycling-mrf-processing,2026-08-01T11:25:59.486272,"Processing co-mingled recyclables for 36,116 residents."
NSW-LGA-9250,Byron Shire,Coastal Regional,36116,16840,FOGO & Organics Processing,Veolia / SOILCO / Cleanaway Organics,2023-01-01,2030-12-31,8.0,4715000.0,589375.0,4715,72.0,Active,Sustainability & Waste (byron.nsw.gov.au),https://www.byron.nsw.gov.au,https://www.byron.nsw.gov.au/services/waste-and-recycling/fogo-strategy,2026-08-01T11:25:59.486272,Food & Garden Organics composting contract.
NSW-LGA-6381,Clarence Valley Council,Coastal Regional,54115,25480,Kerbside Collection (Red/Yellow/Green Bins),Cleanaway / Solo / Remondis (Tendered),2022-07-01,2027-06-30,5.0,14651000.0,2930200.0,13250,99.1,Active,Waste Dept (clarence.nsw.gov.au),https://www.clarence.nsw.gov.au,https://www.clarence.nsw.gov.au/services/waste-and-recycling/collection-services,2026-08-01T11:25:59.486272,"Kerbside collection contract serving 25,480 dwellings."
NSW-LGA-0513,Clarence Valley Council,Coastal Regional,54115,25480,Dry Recyclables Processing (MRF),Visy / Cleanaway MRF,2021-09-01,2028-08-31,7.0,8026000.0,1146571.43,5606,104.3,Active,Resource Recovery Dept (clarence.nsw.gov.au),https://www.clarence.nsw.gov.au,https://www.clarence.nsw.gov.au/services/waste-and-recycling/recycling-mrf-processing,2026-08-01T11:25:59.486272,"Processing co-mingled recyclables for 54,115 residents."
NSW-LGA-0255,Clarence Valley Council,Coastal Regional,54115,25480,FOGO & Organics Processing,Veolia / SOILCO / Cleanaway Organics,2023-01-01,2030-12-31,8.0,7134000.0,891750.0,7134,71.6,Active,Sustainability & Waste (clarence.nsw.gov.au),https://www.clarence.nsw.gov.au,https://www.clarence.nsw.gov.au/services/waste-and-recycling/fogo-strategy,2026-08-01T11:25:59.486272,Food & Garden Organics composting contract.
NSW-LGA-3731,"Coffs Harbour, City of",Coastal Regional,78759,34810,Kerbside Collection (Red/Yellow/Green Bins),Cleanaway / Solo / Remondis (Tendered),2022-07-01,2027-06-30,5.0,20016000.0,4003200.0,18101,122.9,Active,Waste Dept (coffsharbour.nsw.gov.au),https://www.coffsharbour.nsw.gov.au,https://www.coffsharbour.nsw.gov.au/services/waste-and-recycling/collection-services,2026-08-01T11:25:59.486272,"Kerbside collection contract serving 34,810 dwellings."
NSW-LGA-8210,"Coffs Harbour, City of",Coastal Regional,78759,34810,Dry Recyclables Processing (MRF),Visy / Cleanaway MRF,2021-09-01,2028-08-31,7.0,10965000.0,1566428.57,7658,109.0,Active,Resource Recovery Dept (coffsharbour.nsw.gov.au),https://www.coffsharbour.nsw.gov.au,https://www.coffsharbour.nsw.gov.au/services/waste-and-recycling/recycling-mrf-processing,2026-08-01T11:25:59.486272,"Processing co-mingled recyclables for 78,759 residents."
NSW-LGA-4487,"Coffs Harbour, City of",Coastal Regional,78759,34810,FOGO & Organics Processing,Veolia / SOILCO / Cleanaway Organics,2023-01-01,2030-12-31,8.0,9747000.0,1218375.0,9747,81.04,Active,Sustainability & Waste (coffsharbour.nsw.gov.au),https://www.coffsharbour.nsw.gov.au,https://www.coffsharbour.nsw.gov.au/services/waste-and-recycling/fogo-strategy,2026-08-01T11:25:59.486272,Food & Garden Organics composting contract.
NSW-LGA-9605,Eurobodalla Shire,Coastal Regional,40593,22140,Kerbside Collection (Red/Yellow/Green Bins),Cleanaway / Solo / Remondis (Tendered),2022-07-01,2027-06-30,5.0,12730000.0,2546000.0,11513,121.5,Active,Waste Dept (esc.nsw.gov.au),https://www.esc.nsw.gov.au,https://www.esc.nsw.gov.au/services/waste-and-recycling/collection-services,2026-08-01T11:25:59.486272,"Kerbside collection contract serving 22,140 dwellings."
NSW-LGA-4807,Eurobodalla Shire,Coastal Regional,40593,22140,Dry Recyclables Processing (MRF),Visy / Cleanaway MRF,2021-09-01,2028-08-31,7.0,6974000.0,996285.71,4871,98.7,Active,Resource Recovery Dept (esc.nsw.gov.au),https://www.esc.nsw.gov.au,https://www.esc.nsw.gov.au/services/waste-and-recycling/recycling-mrf-processing,2026-08-01T11:25:59.486272,"Processing co-mingled recyclables for 40,593 residents."
NSW-LGA-7347,Eurobodalla Shire,Coastal Regional,40593,22140,FOGO & Organics Processing,Veolia / SOILCO / Cleanaway Organics,2023-01-01,2030-12-31,8.0,6199000.0,774875.0,6199,92.24,Active,Sustainability & Waste (esc.nsw.gov.au),https://www.esc.nsw.gov.au,https://www.esc.nsw.gov.au/services/waste-and-recycling/fogo-strategy,2026-08-01T11:25:59.486272,Food & Garden Organics composting contract.
NSW-LGA-5430,Kempsey Shire,Coastal Regional,30390,13910,Kerbside Collection (Red/Yellow/Green Bins),Cleanaway / Solo / Remondis (Tendered),2022-07-01,2027-06-30,5.0,7998000.0,1599600.0,7233,118.0,Active,Waste Dept (kempsey.nsw.gov.au),https://www.kempsey.nsw.gov.au,https://www.kempsey.nsw.gov.au/services/waste-and-recycling/collection-services,2026-08-01T11:25:59.486272,"Kerbside collection contract serving 13,910 dwellings."
NSW-LGA-5980,Kempsey Shire,Coastal Regional,30390,13910,Dry Recyclables Processing (MRF),Visy / Cleanaway MRF,2021-09-01,2028-08-31,7.0,4382000.0,626000.0,3060,90.0,Active,Resource Recovery Dept (kempsey.nsw.gov.au),https://www.kempsey.nsw.gov.au,https://www.kempsey.nsw.gov.au/services/waste-and-recycling/recycling-mrf-processing,2026-08-01T11:25:59.486272,"Processing co-mingled recyclables for 30,390 residents."
NSW-LGA-1643,Kempsey Shire,Coastal Regional,30390,13910,FOGO & Organics Processing,Veolia / SOILCO / Cleanaway Organics,2023-01-01,2030-12-31,8.0,3895000.0,486875.0,3895,91.44,Active,Sustainability & Waste (kempsey.nsw.gov.au),https://www.kempsey.nsw.gov.au,https://www.kempsey.nsw.gov.au/services/waste-and-recycling/fogo-strategy,2026-08-01T11:25:59.486272,Food & Garden Organics composting contract.
NSW-LGA-8809,Kyogle Council,Coastal Regional,8880,4120,Kerbside Collection (Red/Yellow/Green Bins),Cleanaway / Solo / Remondis (Tendered),2022-07-01,2027-06-30,5.0,2369000.0,473800.0,2142,106.9,Active,Waste Dept (kyogle.nsw.gov.au),https://www.kyogle.nsw.gov.au,https://www.kyogle.nsw.gov.au/services/waste-and-recycling/collection-services,2026-08-01T11:25:59.486272,"Kerbside collection contract serving 4,120 dwellings."
NSW-LGA-0463,Kyogle Council,Coastal Regional,8880,4120,Dry Recyclables Processing (MRF),Visy / Cleanaway MRF,2021-09-01,2028-08-31,7.0,1298000.0,185428.57,906,106.7,Active,Resource Recovery Dept (kyogle.nsw.gov.au),https://www.kyogle.nsw.gov.au,https://www.kyogle.nsw.gov.au/services/waste-and-recycling/recycling-mrf-processing,2026-08-01T11:25:59.486272,"Processing co-mingled recyclables for 8,880 residents."
NSW-LGA-7442,Kyogle Council,Coastal Regional,8880,4120,FOGO & Organics Processing,Veolia / SOILCO / Cleanaway Organics,2023-01-01,2030-12-31,8.0,1154000.0,144250.0,1154,75.36,Active,Sustainability & Waste (kyogle.nsw.gov.au),https://www.kyogle.nsw.gov.au,https://www.kyogle.nsw.gov.au/services/waste-and-recycling/fogo-strategy,2026-08-01T11:25:59.486272,Food & Garden Organics composting contract.
NSW-LGA-1635,"Lismore, City of",Coastal Regional,44334,18920,Kerbside Collection (Red/Yellow/Green Bins),Cleanaway / Solo / Remondis (Tendered),2022-07-01,2027-06-30,5.0,10879000.0,2175800.0,9838,97.5,Active,Waste Dept (lismore.nsw.gov.au),https://www.lismore.nsw.gov.au,https://www.lismore.nsw.gov.au/services/waste-and-recycling/collection-services,2026-08-01T11:25:59.486272,"Kerbside collection contract serving 18,920 dwellings."
NSW-LGA-0678,"Lismore, City of",Coastal Regional,44334,18920,Dry Recyclables Processing (MRF),Visy / Cleanaway MRF,2021-09-01,2028-08-31,7.0,5960000.0,851428.57,4162,120.2,Active,Resource Recovery Dept (lismore.nsw.gov.au),https://www.lismore.nsw.gov.au,https://www.lismore.nsw.gov.au/services/waste-and-recycling/recycling-mrf-processing,2026-08-01T11:25:59.486272,"Processing co-mingled recyclables for 44,334 residents."
NSW-LGA-2762,"Lismore, City of",Coastal Regional,44334,18920,FOGO & Organics Processing,Veolia / SOILCO / Cleanaway Organics,2023-01-01,2030-12-31,8.0,5298000.0,662250.0,5298,87.04,Active,Sustainability & Waste (lismore.nsw.gov.au),https://www.lismore.nsw.gov.au,https://www.lismore.nsw.gov.au/services/waste-and-recycling/fogo-strategy,2026-08-01T11:25:59.486272,Food & Garden Organics composting contract.
NSW-LGA-3777,Mid-Coast Council,Coastal Regional,96220,47810,Kerbside Collection (Red/Yellow/Green Bins),Cleanaway / Solo / Remondis (Tendered),2022-07-01,2027-06-30,5.0,27491000.0,5498200.0,24861,103.7,Active,Waste Dept (midcoast.nsw.gov.au),https://www.midcoast.nsw.gov.au,https://www.midcoast.nsw.gov.au/services/waste-and-recycling/collection-services,2026-08-01T11:25:59.486272,"Kerbside collection contract serving 47,810 dwellings."
NSW-LGA-4945,Mid-Coast Council,Coastal Regional,96220,47810,Dry Recyclables Processing (MRF),Visy / Cleanaway MRF,2021-09-01,2028-08-31,7.0,15060000.0,2151428.57,10518,93.5,Active,Resource Recovery Dept (midcoast.nsw.gov.au),https://www.midcoast.nsw.gov.au,https://www.midcoast.nsw.gov.au/services/waste-and-recycling/recycling-mrf-processing,2026-08-01T11:25:59.486272,"Processing co-mingled recyclables for 96,220 residents."
NSW-LGA-6134,Mid-Coast Council,Coastal Regional,96220,47810,FOGO & Organics Processing,Veolia / SOILCO / Cleanaway Organics,2023-01-01,2030-12-31,8.0,13387000.0,1673375.0,13387,81.28,Active,Sustainability & Waste (midcoast.nsw.gov.au),https://www.midcoast.nsw.gov.au,https://www.midcoast.nsw.gov.au/services/waste-and-recycling/fogo-strategy,2026-08-01T11:25:59.486272,Food & Garden Organics composting contract.
NSW-LGA-2168,Nambucca Valley Council,Coastal Regional,20407,9680,Kerbside Collection (Red/Yellow/Green Bins),Cleanaway / Solo / Remondis (Tendered),2022-07-01,2027-06-30,5.0,5566000.0,1113200.0,5034,112.8,Active,Waste Dept (nambucca.nsw.gov.au),https://www.nambucca.nsw.gov.au,https://www.nambucca.nsw.gov.au/services/waste-and-recycling/collection-services,2026-08-01T11:25:59.486272,"Kerbside collection contract serving 9,680 dwellings."
NSW-LGA-6647,Nambucca Valley Council,Coastal Regional,20407,9680,Dry Recyclables Processing (MRF),Visy / Cleanaway MRF,2021-09-01,2028-08-31,7.0,3049000.0,435571.43,2130,117.7,Active,Resource Recovery Dept (nambucca.nsw.gov.au),https://www.nambucca.nsw.gov.au,https://www.nambucca.nsw.gov.au/services/waste-and-recycling/recycling-mrf-processing,2026-08-01T11:25:59.486272,"Processing co-mingled recyclables for 20,407 residents."
NSW-LGA-1578,Nambucca Valley Council,Coastal Regional,20407,9680,FOGO & Organics Processing,Veolia / SOILCO / Cleanaway Organics,2023-01-01,2030-12-31,8.0,2710000.0,338750.0,2710,86.24,Active,Sustainability & Waste (nambucca.nsw.gov.au),https://www.nambucca.nsw.gov.au,https://www.nambucca.nsw.gov.au/services/waste-and-recycling/fogo-strategy,2026-08-01T11:25:59.486272,Food & Garden Organics composting contract.
NSW-LGA-0958,Port Macquarie-Hastings Council,Coastal Regional,86756,39810,Kerbside Collection (Red/Yellow/Green Bins),Cleanaway / Solo / Remondis (Tendered),2022-07-01,2027-06-30,5.0,22891000.0,4578200.0,20701,100.2,Active,Waste Dept (pmhc.nsw.gov.au),https://www.pmhc.nsw.gov.au,https://www.pmhc.nsw.gov.au/services/waste-and-recycling/collection-services,2026-08-01T11:25:59.486272,"Kerbside collection contract serving 39,810 dwellings."
NSW-LGA-1849,Port Macquarie-Hastings Council,Coastal Regional,86756,39810,Dry Recyclables Processing (MRF),Visy / Cleanaway MRF,2021-09-01,2028-08-31,7.0,12540000.0,1791428.57,8758,102.9,Active,Resource Recovery Dept (pmhc.nsw.gov.au),https://www.pmhc.nsw.gov.au,https://www.pmhc.nsw.gov.au/services/waste-and-recycling/recycling-mrf-processing,2026-08-01T11:25:59.486272,"Processing co-mingled recyclables for 86,756 residents."
NSW-LGA-2215,Port Macquarie-Hastings Council,Coastal Regional,86756,39810,FOGO & Organics Processing,Veolia / SOILCO / Cleanaway Organics,2023-01-01,2030-12-31,8.0,11147000.0,1393375.0,11147,85.2,Active,Sustainability & Waste (pmhc.nsw.gov.au),https://www.pmhc.nsw.gov.au,https://www.pmhc.nsw.gov.au/services/waste-and-recycling/fogo-strategy,2026-08-01T11:25:59.486272,Food & Garden Organics composting contract.
NSW-LGA-4220,Richmond Valley Council,Coastal Regional,23565,9820,Kerbside Collection (Red/Yellow/Green Bins),Cleanaway / Solo / Remondis (Tendered),2022-07-01,2027-06-30,5.0,5646000.0,1129200.0,5106,104.0,Active,Waste Dept (richmondvalley.nsw.gov.au),https://www.richmondvalley.nsw.gov.au,https://www.richmondvalley.nsw.gov.au/services/waste-and-recycling/collection-services,2026-08-01T11:25:59.486272,"Kerbside collection contract serving 9,820 dwellings."
NSW-LGA-7595,Richmond Valley Council,Coastal Regional,23565,9820,Dry Recyclables Processing (MRF),Visy / Cleanaway MRF,2021-09-01,2028-08-31,7.0,3093000.0,441857.14,2160,112.5,Active,Resource Recovery Dept (richmondvalley.nsw.gov.au),https://www.richmondvalley.nsw.gov.au,https://www.richmondvalley.nsw.gov.au/services/waste-and-recycling/recycling-mrf-processing,2026-08-01T11:25:59.486272,"Processing co-mingled recyclables for 23,565 residents."
NSW-LGA-2181,Richmond Valley Council,Coastal Regional,23565,9820,FOGO & Organics Processing,Veolia / SOILCO / Cleanaway Organics,2023-01-01,2030-12-31,8.0,2750000.0,343750.0,2750,77.52,Active,Sustainability & Waste (richmondvalley.nsw.gov.au),https://www.richmondvalley.nsw.gov.au,https://www.richmondvalley.nsw.gov.au/services/waste-and-recycling/fogo-strategy,2026-08-01T11:25:59.486272,Food & Garden Organics composting contract.
NSW-LGA-7294,Tweed Shire,Coastal Regional,97392,43210,Kerbside Collection (Red/Yellow/Green Bins),Cleanaway / Solo / Remondis (Tendered),2022-07-01,2027-06-30,5.0,24846000.0,4969200.0,22469,96.6,Active,Waste Dept (tweed.nsw.gov.au),https://www.tweed.nsw.gov.au,https://www.tweed.nsw.gov.au/services/waste-and-recycling/collection-services,2026-08-01T11:25:59.486272,"Kerbside collection contract serving 43,210 dwellings."
NSW-LGA-6979,Tweed Shire,Coastal Regional,97392,43210,Dry Recyclables Processing (MRF),Visy / Cleanaway MRF,2021-09-01,2028-08-31,7.0,13611000.0,1944428.57,9506,115.9,Active,Resource Recovery Dept (tweed.nsw.gov.au),https://www.tweed.nsw.gov.au,https://www.tweed.nsw.gov.au/services/waste-and-recycling/recycling-mrf-processing,2026-08-01T11:25:59.486272,"Processing co-mingled recyclables for 97,392 residents."
NSW-LGA-9956,Tweed Shire,Coastal Regional,97392,43210,FOGO & Organics Processing,Veolia / SOILCO / Cleanaway Organics,2023-01-01,2030-12-31,8.0,12099000.0,1512375.0,12099,88.48,Active,Sustainability & Waste (tweed.nsw.gov.au),https://www.tweed.nsw.gov.au,https://www.tweed.nsw.gov.au/services/waste-and-recycling/fogo-strategy,2026-08-01T11:25:59.486272,Food & Garden Organics composting contract.
NSW-LGA-9577,Central Coast Council,Outer Metro / Major Regional,346596,152430,Domestic Collection Service,Remondis,2018-09-01,2028-08-31,10.0,42000000.0,4200000.0,82312,112.0,Active,Waste Management Dept (centralcoast.nsw.gov.au),https://www.centralcoast.nsw.gov.au,https://www.centralcoast.nsw.gov.au/council/tenders-and-contracts/contracts-register/remondis-2018,2026-08-01T11:25:59.487271,Largest regional collection contract serving 152k dwellings.
NSW-LGA-6142,Central Coast Council,Outer Metro / Major Regional,346596,152430,Resource Recovery & Processing,Cleanaway,2020-04-01,2027-03-31,7.0,25000000.0,3571428.57,44205,101.4,Active,Waste Management Dept (centralcoast.nsw.gov.au),https://www.centralcoast.nsw.gov.au,https://www.centralcoast.nsw.gov.au/environment/waste-and-recycling/resource-recovery-strategy,2026-08-01T11:25:59.487271,MRF & organics processing.
NSW-LGA-5774,"Cessnock, City of",Outer Metro / Major Regional,63632,25890,Kerbside Collection (Red/Yellow/Green Bins),Cleanaway / Solo / Remondis (Tendered),2022-07-01,2027-06-30,5.0,14887000.0,2977400.0,13463,103.4,Active,Waste Dept (cessnock.nsw.gov.au),https://www.cessnock.nsw.gov.au,https://www.cessnock.nsw.gov.au/services/waste-and-recycling/collection-services,2026-08-01T11:25:59.487271,"Kerbside collection contract serving 25,890 dwellings."
NSW-LGA-1884,"Cessnock, City of",Outer Metro / Major Regional,63632,25890,Dry Recyclables Processing (MRF),Visy / Cleanaway MRF,2021-09-01,2028-08-31,7.0,8155000.0,1165000.0,5696,99.6,Active,Resource Recovery Dept (cessnock.nsw.gov.au),https://www.cessnock.nsw.gov.au,https://www.cessnock.nsw.gov.au/services/waste-and-recycling/recycling-mrf-processing,2026-08-01T11:25:59.487271,"Processing co-mingled recyclables for 63,632 residents."
NSW-LGA-5218,"Cessnock, City of",Outer Metro / Major Regional,63632,25890,FOGO & Organics Processing,Veolia / SOILCO / Cleanaway Organics,2023-01-01,2030-12-31,8.0,7249000.0,906125.0,7249,74.56,Active,Sustainability & Waste (cessnock.nsw.gov.au),https://www.cessnock.nsw.gov.au,https://www.cessnock.nsw.gov.au/services/waste-and-recycling/fogo-strategy,2026-08-01T11:25:59.487271,Food & Garden Organics composting contract.
NSW-LGA-6967,Dungog Shire,Outer Metro / Major Regional,9541,4210,Kerbside Collection (Red/Yellow/Green Bins),Cleanaway / Solo / Remondis (Tendered),2022-07-01,2027-06-30,5.0,2421000.0,484200.0,2189,99.3,Active,Waste Dept (dungog.nsw.gov.au),https://www.dungog.nsw.gov.au,https://www.dungog.nsw.gov.au/services/waste-and-recycling/collection-services,2026-08-01T11:25:59.487271,"Kerbside collection contract serving 4,210 dwellings."
NSW-LGA-8187,Dungog Shire,Outer Metro / Major Regional,9541,4210,Dry Recyclables Processing (MRF),Visy / Cleanaway MRF,2021-09-01,2028-08-31,7.0,1326000.0,189428.57,926,106.7,Active,Resource Recovery Dept (dungog.nsw.gov.au),https://www.dungog.nsw.gov.au,https://www.dungog.nsw.gov.au/services/waste-and-recycling/recycling-mrf-processing,2026-08-01T11:25:59.487271,"Processing co-mingled recyclables for 9,541 residents."
NSW-LGA-2000,Dungog Shire,Outer Metro / Major Regional,9541,4210,FOGO & Organics Processing,Veolia / SOILCO / Cleanaway Organics,2023-01-01,2030-12-31,8.0,1179000.0,147375.0,1179,68.0,Active,Sustainability & Waste (dungog.nsw.gov.au),https://www.dungog.nsw.gov.au,https://www.dungog.nsw.gov.au/services/waste-and-recycling/fogo-strategy,2026-08-01T11:25:59.487271,Food & Garden Organics composting contract.
NSW-LGA-3962,"Kiama, Municipality of",Outer Metro / Major Regional,23006,10680,Kerbside Collection (Red/Yellow/Green Bins),Cleanaway / Solo / Remondis (Tendered),2022-07-01,2027-06-30,5.0,6141000.0,1228200.0,5554,99.8,Active,Waste Dept (kiama.nsw.gov.au),https://www.kiama.nsw.gov.au,https://www.kiama.nsw.gov.au/services/waste-and-recycling/collection-services,2026-08-01T11:25:59.487271,"Kerbside collection contract serving 10,680 dwellings."
NSW-LGA-9753,"Kiama, Municipality of",Outer Metro / Major Regional,23006,10680,Dry Recyclables Processing (MRF),Visy / Cleanaway MRF,2021-09-01,2028-08-31,7.0,3364000.0,480571.43,2350,112.7,Active,Resource Recovery Dept (kiama.nsw.gov.au),https://www.kiama.nsw.gov.au,https://www.kiama.nsw.gov.au/services/waste-and-recycling/recycling-mrf-processing,2026-08-01T11:25:59.487271,"Processing co-mingled recyclables for 23,006 residents."
NSW-LGA-6566,"Kiama, Municipality of",Outer Metro / Major Regional,23006,10680,FOGO & Organics Processing,Veolia / SOILCO / Cleanaway Organics,2023-01-01,2030-12-31,8.0,2990000.0,373750.0,2990,85.28,Active,Sustainability & Waste (kiama.nsw.gov.au),https://www.kiama.nsw.gov.au,https://www.kiama.nsw.gov.au/services/waste-and-recycling/fogo-strategy,2026-08-01T11:25:59.487271,Food & Garden Organics composting contract.
NSW-LGA-2119,"Lake Macquarie, City of",Outer Metro / Major Regional,213845,88710,Kerbside Collection (Red/Yellow/Green Bins),Cleanaway / Solo / Remondis (Tendered),2022-07-01,2027-06-30,5.0,51008000.0,10201600.0,46129,107.9,Active,Waste Dept (lakemac.com.au),https://www.lakemac.com.au,https://www.lakemac.com.au/services/waste-and-recycling/collection-services,2026-08-01T11:25:59.487271,"Kerbside collection contract serving 88,710 dwellings."
NSW-LGA-7939,"Lake Macquarie, City of",Outer Metro / Major Regional,213845,88710,Dry Recyclables Processing (MRF),Visy / Cleanaway MRF,2021-09-01,2028-08-31,7.0,27944000.0,3992000.0,19516,94.1,Active,Resource Recovery Dept (lakemac.com.au),https://www.lakemac.com.au,https://www.lakemac.com.au/services/waste-and-recycling/recycling-mrf-processing,2026-08-01T11:25:59.487271,"Processing co-mingled recyclables for 213,845 residents."
NSW-LGA-6309,"Lake Macquarie, City of",Outer Metro / Major Regional,213845,88710,FOGO & Organics Processing,Veolia / SOILCO / Cleanaway Organics,2023-01-01,2030-12-31,8.0,24839000.0,3104875.0,24839,95.28,Active,Sustainability & Waste (lakemac.com.au),https://www.lakemac.com.au,https://www.lakemac.com.au/services/waste-and-recycling/fogo-strategy,2026-08-01T11:25:59.487271,Food & Garden Organics composting contract.
NSW-LGA-2292,"Maitland, City of",Outer Metro / Major Regional,90716,35620,Kerbside Collection (Red/Yellow/Green Bins),Cleanaway / Solo / Remondis (Tendered),2022-07-01,2027-06-30,5.0,20482000.0,4096400.0,18522,125.2,Active,Waste Dept (maitland.nsw.gov.au),https://www.maitland.nsw.gov.au,https://www.maitland.nsw.gov.au/services/waste-and-recycling/collection-services,2026-08-01T11:25:59.487271,"Kerbside collection contract serving 35,620 dwellings."
NSW-LGA-1932,"Maitland, City of",Outer Metro / Major Regional,90716,35620,Dry Recyclables Processing (MRF),Visy / Cleanaway MRF,2021-09-01,2028-08-31,7.0,11220000.0,1602857.14,7836,111.2,Active,Resource Recovery Dept (maitland.nsw.gov.au),https://www.maitland.nsw.gov.au,https://www.maitland.nsw.gov.au/services/waste-and-recycling/recycling-mrf-processing,2026-08-01T11:25:59.487271,"Processing co-mingled recyclables for 90,716 residents."
NSW-LGA-3230,"Maitland, City of",Outer Metro / Major Regional,90716,35620,FOGO & Organics Processing,Veolia / SOILCO / Cleanaway Organics,2023-01-01,2030-12-31,8.0,9974000.0,1246750.0,9974,73.6,Active,Sustainability & Waste (maitland.nsw.gov.au),https://www.maitland.nsw.gov.au,https://www.maitland.nsw.gov.au/services/waste-and-recycling/fogo-strategy,2026-08-01T11:25:59.487271,Food & Garden Organics composting contract.
NSW-LGA-0597,"Newcastle, City of",Outer Metro / Major Regional,168812,74180,Kerbside Collection (Red/Yellow/Green Bins),Cleanaway / Solo / Remondis (Tendered),2022-07-01,2027-06-30,5.0,42654000.0,8530800.0,38574,120.7,Active,Waste Dept (newcastle.nsw.gov.au),https://www.newcastle.nsw.gov.au,https://www.newcastle.nsw.gov.au/services/waste-and-recycling/collection-services,2026-08-01T11:25:59.487271,"Kerbside collection contract serving 74,180 dwellings."
NSW-LGA-2777,"Newcastle, City of",Outer Metro / Major Regional,168812,74180,Dry Recyclables Processing (MRF),Visy / Cleanaway MRF,2021-09-01,2028-08-31,7.0,23367000.0,3338142.86,16320,95.7,Active,Resource Recovery Dept (newcastle.nsw.gov.au),https://www.newcastle.nsw.gov.au,https://www.newcastle.nsw.gov.au/services/waste-and-recycling/recycling-mrf-processing,2026-08-01T11:25:59.487271,"Processing co-mingled recyclables for 168,812 residents."
NSW-LGA-5143,"Newcastle, City of",Outer Metro / Major Regional,168812,74180,FOGO & Organics Processing,Veolia / SOILCO / Cleanaway Organics,2023-01-01,2030-12-31,8.0,20770000.0,2596250.0,20770,80.56,Active,Sustainability & Waste (newcastle.nsw.gov.au),https://www.newcastle.nsw.gov.au,https://www.newcastle.nsw.gov.au/services/waste-and-recycling/fogo-strategy,2026-08-01T11:25:59.487271,Food & Garden Organics composting contract.
NSW-LGA-8299,Port Stephens Council,Outer Metro / Major Regional,74540,33210,Kerbside Collection (Red/Yellow/Green Bins),Cleanaway / Solo / Remondis (Tendered),2022-07-01,2027-06-30,5.0,19096000.0,3819200.0,17269,96.1,Active,Waste Dept (portstephens.nsw.gov.au),https://www.portstephens.nsw.gov.au,https://www.portstephens.nsw.gov.au/services/waste-and-recycling/collection-services,2026-08-01T11:25:59.487271,"Kerbside collection contract serving 33,210 dwellings."
NSW-LGA-3483,Port Stephens Council,Outer Metro / Major Regional,74540,33210,Dry Recyclables Processing (MRF),Visy / Cleanaway MRF,2021-09-01,2028-08-31,7.0,10461000.0,1494428.57,7306,101.3,Active,Resource Recovery Dept (portstephens.nsw.gov.au),https://www.portstephens.nsw.gov.au,https://www.portstephens.nsw.gov.au/services/waste-and-recycling/recycling-mrf-processing,2026-08-01T11:25:59.487271,"Processing co-mingled recyclables for 74,540 residents."
NSW-LGA-6449,Port Stephens Council,Outer Metro / Major Regional,74540,33210,FOGO & Organics Processing,Veolia / SOILCO / Cleanaway Organics,2023-01-01,2030-12-31,8.0,9299000.0,1162375.0,9299,84.08,Active,Sustainability & Waste (portstephens.nsw.gov.au),https://www.portstephens.nsw.gov.au,https://www.portstephens.nsw.gov.au/services/waste-and-recycling/fogo-strategy,2026-08-01T11:25:59.487271,Food & Garden Organics composting contract.
NSW-LGA-6935,"Shellharbour, City of",Outer Metro / Major Regional,76420,28910,Kerbside Collection (Red/Yellow/Green Bins),Cleanaway / Solo / Remondis (Tendered),2022-07-01,2027-06-30,5.0,16623000.0,3324600.0,15033,102.5,Active,Waste Dept (shellharbour.nsw.gov.au),https://www.shellharbour.nsw.gov.au,https://www.shellharbour.nsw.gov.au/services/waste-and-recycling/collection-services,2026-08-01T11:25:59.487271,"Kerbside collection contract serving 28,910 dwellings."
NSW-LGA-3934,"Shellharbour, City of",Outer Metro / Major Regional,76420,28910,Dry Recyclables Processing (MRF),Visy / Cleanaway MRF,2021-09-01,2028-08-31,7.0,9107000.0,1301000.0,6360,94.6,Active,Resource Recovery Dept (shellharbour.nsw.gov.au),https://www.shellharbour.nsw.gov.au,https://www.shellharbour.nsw.gov.au/services/waste-and-recycling/recycling-mrf-processing,2026-08-01T11:25:59.487271,"Processing co-mingled recyclables for 76,420 residents."
NSW-LGA-5038,"Shellharbour, City of",Outer Metro / Major Regional,76420,28910,FOGO & Organics Processing,Veolia / SOILCO / Cleanaway Organics,2023-01-01,2030-12-31,8.0,8095000.0,1011875.0,8095,88.96,Active,Sustainability & Waste (shellharbour.nsw.gov.au),https://www.shellharbour.nsw.gov.au,https://www.shellharbour.nsw.gov.au/services/waste-and-recycling/fogo-strategy,2026-08-01T11:25:59.487271,Food & Garden Organics composting contract.
NSW-LGA-5672,"Shoalhaven, City of",Outer Metro / Major Regional,108531,54210,Kerbside Collection (Red/Yellow/Green Bins),Cleanaway / Solo / Remondis (Tendered),2022-07-01,2027-06-30,5.0,31171000.0,6234200.0,28189,128.8,Active,Waste Dept (shoalhaven.nsw.gov.au),https://www.shoalhaven.nsw.gov.au,https://www.shoalhaven.nsw.gov.au/services/waste-and-recycling/collection-services,2026-08-01T11:25:59.487271,"Kerbside collection contract serving 54,210 dwellings."
NSW-LGA-9794,"Shoalhaven, City of",Outer Metro / Major Regional,108531,54210,Dry Recyclables Processing (MRF),Visy / Cleanaway MRF,2021-09-01,2028-08-31,7.0,17076000.0,2439428.57,11926,108.6,Active,Resource Recovery Dept (shoalhaven.nsw.gov.au),https://www.shoalhaven.nsw.gov.au,https://www.shoalhaven.nsw.gov.au/services/waste-and-recycling/recycling-mrf-processing,2026-08-01T11:25:59.487271,"Processing co-mingled recyclables for 108,531 residents."
NSW-LGA-4272,"Shoalhaven, City of",Outer Metro / Major Regional,108531,54210,FOGO & Organics Processing,Veolia / SOILCO / Cleanaway Organics,2023-01-01,2030-12-31,8.0,15179000.0,1897375.0,15179,89.76,Active,Sustainability & Waste (shoalhaven.nsw.gov.au),https://www.shoalhaven.nsw.gov.au,https://www.shoalhaven.nsw.gov.au/services/waste-and-recycling/fogo-strategy,2026-08-01T11:25:59.487271,Food & Garden Organics composting contract.
NSW-LGA-5495,Singleton Council,Outer Metro / Major Regional,24577,9840,Kerbside Collection (Red/Yellow/Green Bins),Cleanaway / Solo / Remondis (Tendered),2022-07-01,2027-06-30,5.0,5658000.0,1131600.0,5117,111.5,Active,Waste Dept (singleton.nsw.gov.au),https://www.singleton.nsw.gov.au,https://www.singleton.nsw.gov.au/services/waste-and-recycling/collection-services,2026-08-01T11:25:59.487271,"Kerbside collection contract serving 9,840 dwellings."
NSW-LGA-4386,Singleton Council,Outer Metro / Major Regional,24577,9840,Dry Recyclables Processing (MRF),Visy / Cleanaway MRF,2021-09-01,2028-08-31,7.0,3100000.0,442857.14,2165,114.4,Active,Resource Recovery Dept (singleton.nsw.gov.au),https://www.singleton.nsw.gov.au,https://www.singleton.nsw.gov.au/services/waste-and-recycling/recycling-mrf-processing,2026-08-01T11:25:59.487271,"Processing co-mingled recyclables for 24,577 residents."
NSW-LGA-8906,Singleton Council,Outer Metro / Major Regional,24577,9840,FOGO & Organics Processing,Veolia / SOILCO / Cleanaway Organics,2023-01-01,2030-12-31,8.0,2755000.0,344375.0,2755,75.52,Active,Sustainability & Waste (singleton.nsw.gov.au),https://www.singleton.nsw.gov.au,https://www.singleton.nsw.gov.au/services/waste-and-recycling/fogo-strategy,2026-08-01T11:25:59.487271,Food & Garden Organics composting contract.
NSW-LGA-8136,Upper Hunter Shire,Outer Metro / Major Regional,14118,6290,Kerbside Collection (Red/Yellow/Green Bins),Cleanaway / Solo / Remondis (Tendered),2022-07-01,2027-06-30,5.0,3617000.0,723400.0,3271,109.6,Active,Waste Dept (upperhunter.nsw.gov.au),https://www.upperhunter.nsw.gov.au,https://www.upperhunter.nsw.gov.au/services/waste-and-recycling/collection-services,2026-08-01T11:25:59.487271,"Kerbside collection contract serving 6,290 dwellings."
NSW-LGA-8884,Upper Hunter Shire,Outer Metro / Major Regional,14118,6290,Dry Recyclables Processing (MRF),Visy / Cleanaway MRF,2021-09-01,2028-08-31,7.0,1981000.0,283000.0,1384,99.6,Active,Resource Recovery Dept (upperhunter.nsw.gov.au),https://www.upperhunter.nsw.gov.au,https://www.upperhunter.nsw.gov.au/services/waste-and-recycling/recycling-mrf-processing,2026-08-01T11:25:59.487271,"Processing co-mingled recyclables for 14,118 residents."
NSW-LGA-0809,Upper Hunter Shire,Outer Metro / Major Regional,14118,6290,FOGO & Organics Processing,Veolia / SOILCO / Cleanaway Organics,2023-01-01,2030-12-31,8.0,1761000.0,220125.0,1761,76.72,Active,Sustainability & Waste (upperhunter.nsw.gov.au),https://www.upperhunter.nsw.gov.au,https://www.upperhunter.nsw.gov.au/services/waste-and-recycling/fogo-strategy,2026-08-01T11:25:59.487271,Food & Garden Organics composting contract.
NSW-LGA-9650,"Wollongong, City of",Outer Metro / Major Regional,214638,89450,Kerbside Collection & Transport,Remondis,2021-11-01,2028-10-31,7.0,19500000.0,2785714.29,48303,96.2,Active,Waste Management Dept (wollongong.nsw.gov.au),https://www.wollongong.nsw.gov.au,https://www.wollongong.nsw.gov.au/your-council/about-council/contracts-register/remondis-2021,2026-08-01T11:25:59.487271,Collection across Illawarra region.
NSW-LGA-0273,"Wollongong, City of",Outer Metro / Major Regional,214638,89450,Organic & Recyclable Processing,SOILCO,2020-02-01,2027-01-31,7.0,11000000.0,1571428.57,25940,74.9,Active,Waste Management Dept (wollongong.nsw.gov.au),https://www.wollongong.nsw.gov.au,https://www.wollongong.nsw.gov.au/services/waste-and-recycling/soilco-organics-contract,2026-08-01T11:25:59.487271,SOILCO organics facility processing.
NSW-LGA-1398,Bayside Council,Metropolitan Sydney,175184,68142,Kerbside Collection (Red/Yellow/Green Bins),Cleanaway / Solo / Remondis (Tendered),2022-07-01,2027-06-30,5.0,39182000.0,7836400.0,35434,121.2,Active,Waste Dept (bayside.nsw.gov.au),https://www.bayside.nsw.gov.au,https://www.bayside.nsw.gov.au/services/waste-and-recycling/collection-services,2026-08-01T11:25:59.487271,"Kerbside collection contract serving 68,142 dwellings."
NSW-LGA-0774,Bayside Council,Metropolitan Sydney,175184,68142,Dry Recyclables Processing (MRF),Visy / Cleanaway MRF,2021-09-01,2028-08-31,7.0,21465000.0,3066428.57,14991,95.4,Active,Resource Recovery Dept (bayside.nsw.gov.au),https://www.bayside.nsw.gov.au,https://www.bayside.nsw.gov.au/services/waste-and-recycling/recycling-mrf-processing,2026-08-01T11:25:59.487271,"Processing co-mingled recyclables for 175,184 residents."
NSW-LGA-4111,Bayside Council,Metropolitan Sydney,175184,68142,FOGO & Organics Processing,Veolia / SOILCO / Cleanaway Organics,2023-01-01,2030-12-31,8.0,19080000.0,2385000.0,19080,83.12,Active,Sustainability & Waste (bayside.nsw.gov.au),https://www.bayside.nsw.gov.au,https://www.bayside.nsw.gov.au/services/waste-and-recycling/fogo-strategy,2026-08-01T11:25:59.487271,Food & Garden Organics composting contract.
NSW-LGA-4864,Blacktown City Council,Metropolitan Sydney,396776,127112,Kerbside Bin Collection,Cleanaway,2020-10-01,2027-09-30,7.0,26000000.0,3714285.71,68640,98.4,Active,Waste Management Dept (blacktown.nsw.gov.au),https://www.blacktown.nsw.gov.au,https://www.blacktown.nsw.gov.au/Services/Waste-and-recycling/Waste-services-contract-register,2026-08-01T11:25:59.487271,Domestic kerbside collection for 127k dwellings.
NSW-LGA-1585,Blacktown City Council,Metropolitan Sydney,396776,127112,General Waste Landfill Disposal,SUEZ / Veolia,2019-05-01,2026-04-30,7.0,18500000.0,2642857.14,36862,218.0,Active,Waste Management Dept (blacktown.nsw.gov.au),https://www.blacktown.nsw.gov.au,https://www.blacktown.nsw.gov.au/About-Council/Tenders-and-contracts,2026-08-01T11:25:59.487271,Disposal & EPA waste levy processing.
NSW-LGA-2925,Blacktown City Council,Metropolitan Sydney,396776,127112,Dry Recyclables Processing,Visy Recycling,2021-01-01,2028-12-31,8.0,11000000.0,1375000.0,29236,88.9,Active,Waste Management Dept (blacktown.nsw.gov.au),https://www.blacktown.nsw.gov.au,https://www.blacktown.nsw.gov.au/Services/Waste-and-recycling/Recycling-MRF-contract,2026-08-01T11:25:59.487271,Yellow bin resource recovery.
NSW-LGA-0658,"Blue Mountains, City of",Metropolitan Sydney,78121,35420,Kerbside Collection (Red/Yellow/Green Bins),Cleanaway / Solo / Remondis (Tendered),2022-07-01,2027-06-30,5.0,20366000.0,4073200.0,18418,130.2,Active,Waste Dept (bmcc.nsw.gov.au),https://www.bmcc.nsw.gov.au,https://www.bmcc.nsw.gov.au/services/waste-and-recycling/collection-services,2026-08-01T11:25:59.487271,"Kerbside collection contract serving 35,420 dwellings."
NSW-LGA-2462,"Blue Mountains, City of",Metropolitan Sydney,78121,35420,Dry Recyclables Processing (MRF),Visy / Cleanaway MRF,2021-09-01,2028-08-31,7.0,11157000.0,1593857.14,7792,99.2,Active,Resource Recovery Dept (bmcc.nsw.gov.au),https://www.bmcc.nsw.gov.au,https://www.bmcc.nsw.gov.au/services/waste-and-recycling/recycling-mrf-processing,2026-08-01T11:25:59.487271,"Processing co-mingled recyclables for 78,121 residents."
NSW-LGA-2207,"Blue Mountains, City of",Metropolitan Sydney,78121,35420,FOGO & Organics Processing,Veolia / SOILCO / Cleanaway Organics,2023-01-01,2030-12-31,8.0,9918000.0,1239750.0,9918,84.56,Active,Sustainability & Waste (bmcc.nsw.gov.au),https://www.bmcc.nsw.gov.au,https://www.bmcc.nsw.gov.au/services/waste-and-recycling/fogo-strategy,2026-08-01T11:25:59.487271,Food & Garden Organics composting contract.
NSW-LGA-5235,Burwood Council,Metropolitan Sydney,40217,15892,Kerbside Collection (Red/Yellow/Green Bins),Cleanaway / Solo / Remondis (Tendered),2022-07-01,2027-06-30,5.0,9138000.0,1827600.0,8264,102.5,Active,Waste Dept (burwood.nsw.gov.au),https://www.burwood.nsw.gov.au,https://www.burwood.nsw.gov.au/services/waste-and-recycling/collection-services,2026-08-01T11:25:59.487271,"Kerbside collection contract serving 15,892 dwellings."
NSW-LGA-6460,Burwood Council,Metropolitan Sydney,40217,15892,Dry Recyclables Processing (MRF),Visy / Cleanaway MRF,2021-09-01,2028-08-31,7.0,5006000.0,715142.86,3496,99.0,Active,Resource Recovery Dept (burwood.nsw.gov.au),https://www.burwood.nsw.gov.au,https://www.burwood.nsw.gov.au/services/waste-and-recycling/recycling-mrf-processing,2026-08-01T11:25:59.487271,"Processing co-mingled recyclables for 40,217 residents."
NSW-LGA-2871,Burwood Council,Metropolitan Sydney,40217,15892,FOGO & Organics Processing,Veolia / SOILCO / Cleanaway Organics,2023-01-01,2030-12-31,8.0,4450000.0,556250.0,4450,78.32,Active,Sustainability & Waste (burwood.nsw.gov.au),https://www.burwood.nsw.gov.au,https://www.burwood.nsw.gov.au/services/waste-and-recycling/fogo-strategy,2026-08-01T11:25:59.487271,Food & Garden Organics composting contract.
NSW-LGA-7640,Camden Council,Metropolitan Sydney,119325,39410,Kerbside Collection (Red/Yellow/Green Bins),Cleanaway / Solo / Remondis (Tendered),2022-07-01,2027-06-30,5.0,22661000.0,4532200.0,20493,125.0,Active,Waste Dept (camden.nsw.gov.au),https://www.camden.nsw.gov.au,https://www.camden.nsw.gov.au/services/waste-and-recycling/collection-services,2026-08-01T11:25:59.487271,"Kerbside collection contract serving 39,410 dwellings."
NSW-LGA-1646,Camden Council,Metropolitan Sydney,119325,39410,Dry Recyclables Processing (MRF),Visy / Cleanaway MRF,2021-09-01,2028-08-31,7.0,12414000.0,1773428.57,8670,88.4,Active,Resource Recovery Dept (camden.nsw.gov.au),https://www.camden.nsw.gov.au,https://www.camden.nsw.gov.au/services/waste-and-recycling/recycling-mrf-processing,2026-08-01T11:25:59.487271,"Processing co-mingled recyclables for 119,325 residents."
NSW-LGA-3439,Camden Council,Metropolitan Sydney,119325,39410,FOGO & Organics Processing,Veolia / SOILCO / Cleanaway Organics,2023-01-01,2030-12-31,8.0,11035000.0,1379375.0,11035,84.88,Active,Sustainability & Waste (camden.nsw.gov.au),https://www.camden.nsw.gov.au,https://www.camden.nsw.gov.au/services/waste-and-recycling/fogo-strategy,2026-08-01T11:25:59.487271,Food & Garden Organics composting contract.
NSW-LGA-8542,"Campbelltown, City of",Metropolitan Sydney,176519,60821,Kerbside Collection (Red/Yellow/Green Bins),Cleanaway / Solo / Remondis (Tendered),2022-07-01,2027-06-30,5.0,34972000.0,6994400.0,31627,115.2,Active,Waste Dept (campbelltown.nsw.gov.au),https://www.campbelltown.nsw.gov.au,https://www.campbelltown.nsw.gov.au/services/waste-and-recycling/collection-services,2026-08-01T11:25:59.487271,"Kerbside collection contract serving 60,821 dwellings."
NSW-LGA-2160,"Campbelltown, City of",Metropolitan Sydney,176519,60821,Dry Recyclables Processing (MRF),Visy / Cleanaway MRF,2021-09-01,2028-08-31,7.0,19159000.0,2737000.0,13381,102.0,Active,Resource Recovery Dept (campbelltown.nsw.gov.au),https://www.campbelltown.nsw.gov.au,https://www.campbelltown.nsw.gov.au/services/waste-and-recycling/recycling-mrf-processing,2026-08-01T11:25:59.487271,"Processing co-mingled recyclables for 176,519 residents."
NSW-LGA-5835,"Campbelltown, City of",Metropolitan Sydney,176519,60821,FOGO & Organics Processing,Veolia / SOILCO / Cleanaway Organics,2023-01-01,2030-12-31,8.0,17030000.0,2128750.0,17030,81.2,Active,Sustainability & Waste (campbelltown.nsw.gov.au),https://www.campbelltown.nsw.gov.au,https://www.campbelltown.nsw.gov.au/services/waste-and-recycling/fogo-strategy,2026-08-01T11:25:59.487271,Food & Garden Organics composting contract.
NSW-LGA-6081,"Canada Bay, City of",Metropolitan Sydney,89177,37215,Kerbside Collection (Red/Yellow/Green Bins),Cleanaway / Solo / Remondis (Tendered),2022-07-01,2027-06-30,5.0,21399000.0,4279800.0,19352,104.1,Active,Waste Dept (canadabay.nsw.gov.au),https://www.canadabay.nsw.gov.au,https://www.canadabay.nsw.gov.au/services/waste-and-recycling/collection-services,2026-08-01T11:25:59.487271,"Kerbside collection contract serving 37,215 dwellings."
NSW-LGA-2299,"Canada Bay, City of",Metropolitan Sydney,89177,37215,Dry Recyclables Processing (MRF),Visy / Cleanaway MRF,2021-09-01,2028-08-31,7.0,11723000.0,1674714.29,8187,117.9,Active,Resource Recovery Dept (canadabay.nsw.gov.au),https://www.canadabay.nsw.gov.au,https://www.canadabay.nsw.gov.au/services/waste-and-recycling/recycling-mrf-processing,2026-08-01T11:25:59.487271,"Processing co-mingled recyclables for 89,177 residents."
NSW-LGA-4655,"Canada Bay, City of",Metropolitan Sydney,89177,37215,FOGO & Organics Processing,Veolia / SOILCO / Cleanaway Organics,2023-01-01,2030-12-31,8.0,10420000.0,1302500.0,10420,95.6,Active,Sustainability & Waste (canadabay.nsw.gov.au),https://www.canadabay.nsw.gov.au,https://www.canadabay.nsw.gov.au/services/waste-and-recycling/fogo-strategy,2026-08-01T11:25:59.487271,Food & Garden Organics composting contract.
NSW-LGA-0471,"Canterbury-Bankstown, City of",Metropolitan Sydney,371006,122890,Kerbside Waste & Recycling,JJ's Waste & Recycling,2022-03-01,2029-02-28,7.0,24000000.0,3428571.43,35638,104.8,Active,Waste Management Dept (cbcity.nsw.gov.au),https://www.cbcity.nsw.gov.au,https://www.cbcity.nsw.gov.au/council/about-council/tenders-and-contracts,2026-08-01T11:25:59.488274,Kerbside collection across 122k residences.
NSW-LGA-7245,"Canterbury-Bankstown, City of",Metropolitan Sydney,371006,122890,FOGO Processing Contract,Cleanaway Organics,2023-01-01,2030-12-31,8.0,14000000.0,1750000.0,35638,76.5,Active,Waste Management Dept (cbcity.nsw.gov.au),https://www.cbcity.nsw.gov.au,https://www.cbcity.nsw.gov.au/live/waste-and-recycling/fogo-strategy,2026-08-01T11:25:59.488274,Food and Garden Organics processing.
NSW-LGA-2140,Cumberland City Council,Metropolitan Sydney,235439,79218,Kerbside Collection (Red/Yellow/Green Bins),Cleanaway / Solo / Remondis (Tendered),2022-07-01,2027-06-30,5.0,45550000.0,9110000.0,41193,110.0,Active,Waste Dept (cumberland.nsw.gov.au),https://www.cumberland.nsw.gov.au,https://www.cumberland.nsw.gov.au/services/waste-and-recycling/collection-services,2026-08-01T11:25:59.488274,"Kerbside collection contract serving 79,218 dwellings."
NSW-LGA-9750,Cumberland City Council,Metropolitan Sydney,235439,79218,Dry Recyclables Processing (MRF),Visy / Cleanaway MRF,2021-09-01,2028-08-31,7.0,24954000.0,3564857.14,17428,93.0,Active,Resource Recovery Dept (cumberland.nsw.gov.au),https://www.cumberland.nsw.gov.au,https://www.cumberland.nsw.gov.au/services/waste-and-recycling/recycling-mrf-processing,2026-08-01T11:25:59.488274,"Processing co-mingled recyclables for 235,439 residents."
NSW-LGA-4760,Cumberland City Council,Metropolitan Sydney,235439,79218,FOGO & Organics Processing,Veolia / SOILCO / Cleanaway Organics,2023-01-01,2030-12-31,8.0,22181000.0,2772625.0,22181,72.8,Active,Sustainability & Waste (cumberland.nsw.gov.au),https://www.cumberland.nsw.gov.au,https://www.cumberland.nsw.gov.au/services/waste-and-recycling/fogo-strategy,2026-08-01T11:25:59.488274,Food & Garden Organics composting contract.
NSW-LGA-2194,"Fairfield, City of",Metropolitan Sydney,208475,68450,Kerbside Collection (Red/Yellow/Green Bins),Cleanaway / Solo / Remondis (Tendered),2022-07-01,2027-06-30,5.0,39359000.0,7871800.0,35594,115.4,Active,Waste Dept (fairfieldcity.nsw.gov.au),https://www.fairfieldcity.nsw.gov.au,https://www.fairfieldcity.nsw.gov.au/services/waste-and-recycling/collection-services,2026-08-01T11:25:59.488274,"Kerbside collection contract serving 68,450 dwellings."
NSW-LGA-6845,"Fairfield, City of",Metropolitan Sydney,208475,68450,Dry Recyclables Processing (MRF),Visy / Cleanaway MRF,2021-09-01,2028-08-31,7.0,21562000.0,3080285.71,15059,103.5,Active,Resource Recovery Dept (fairfieldcity.nsw.gov.au),https://www.fairfieldcity.nsw.gov.au,https://www.fairfieldcity.nsw.gov.au/services/waste-and-recycling/recycling-mrf-processing,2026-08-01T11:25:59.488274,"Processing co-mingled recyclables for 208,475 residents."
NSW-LGA-6744,"Fairfield, City of",Metropolitan Sydney,208475,68450,FOGO & Organics Processing,Veolia / SOILCO / Cleanaway Organics,2023-01-01,2030-12-31,8.0,19166000.0,2395750.0,19166,71.52,Active,Sustainability & Waste (fairfieldcity.nsw.gov.au),https://www.fairfieldcity.nsw.gov.au,https://www.fairfieldcity.nsw.gov.au/services/waste-and-recycling/fogo-strategy,2026-08-01T11:25:59.488274,Food & Garden Organics composting contract.
NSW-LGA-3115,Georges River Council,Metropolitan Sydney,152274,57320,Kerbside Collection (Red/Yellow/Green Bins),Cleanaway / Solo / Remondis (Tendered),2022-07-01,2027-06-30,5.0,32959000.0,6591800.0,29806,107.5,Active,Waste Dept (georgesriver.nsw.gov.au),https://www.georgesriver.nsw.gov.au,https://www.georgesriver.nsw.gov.au/services/waste-and-recycling/collection-services,2026-08-01T11:25:59.488274,"Kerbside collection contract serving 57,320 dwellings."
NSW-LGA-4834,Georges River Council,Metropolitan Sydney,152274,57320,Dry Recyclables Processing (MRF),Visy / Cleanaway MRF,2021-09-01,2028-08-31,7.0,18056000.0,2579428.57,12610,104.6,Active,Resource Recovery Dept (georgesriver.nsw.gov.au),https://www.georgesriver.nsw.gov.au,https://www.georgesriver.nsw.gov.au/services/waste-and-recycling/recycling-mrf-processing,2026-08-01T11:25:59.488274,"Processing co-mingled recyclables for 152,274 residents."
NSW-LGA-3063,Georges River Council,Metropolitan Sydney,152274,57320,FOGO & Organics Processing,Veolia / SOILCO / Cleanaway Organics,2023-01-01,2030-12-31,8.0,16050000.0,2006250.0,16050,86.96,Active,Sustainability & Waste (georgesriver.nsw.gov.au),https://www.georgesriver.nsw.gov.au,https://www.georgesriver.nsw.gov.au/services/waste-and-recycling/fogo-strategy,2026-08-01T11:25:59.488274,Food & Garden Organics composting contract.
NSW-LGA-3561,"Hawkesbury, City of",Metropolitan Sydney,67111,25180,Kerbside Collection (Red/Yellow/Green Bins),Cleanaway / Solo / Remondis (Tendered),2022-07-01,2027-06-30,5.0,14478000.0,2895600.0,13094,104.9,Active,Waste Dept (hawkesbury.nsw.gov.au),https://www.hawkesbury.nsw.gov.au,https://www.hawkesbury.nsw.gov.au/services/waste-and-recycling/collection-services,2026-08-01T11:25:59.488274,"Kerbside collection contract serving 25,180 dwellings."
NSW-LGA-4402,"Hawkesbury, City of",Metropolitan Sydney,67111,25180,Dry Recyclables Processing (MRF),Visy / Cleanaway MRF,2021-09-01,2028-08-31,7.0,7932000.0,1133142.86,5540,112.8,Active,Resource Recovery Dept (hawkesbury.nsw.gov.au),https://www.hawkesbury.nsw.gov.au,https://www.hawkesbury.nsw.gov.au/services/waste-and-recycling/recycling-mrf-processing,2026-08-01T11:25:59.488274,"Processing co-mingled recyclables for 67,111 residents."
NSW-LGA-4108,"Hawkesbury, City of",Metropolitan Sydney,67111,25180,FOGO & Organics Processing,Veolia / SOILCO / Cleanaway Organics,2023-01-01,2030-12-31,8.0,7050000.0,881250.0,7050,76.64,Active,Sustainability & Waste (hawkesbury.nsw.gov.au),https://www.hawkesbury.nsw.gov.au,https://www.hawkesbury.nsw.gov.au/services/waste-and-recycling/fogo-strategy,2026-08-01T11:25:59.488274,Food & Garden Organics composting contract.
NSW-LGA-6133,Hornsby Shire,Metropolitan Sydney,151128,56810,Kerbside Collection (Red/Yellow/Green Bins),Cleanaway / Solo / Remondis (Tendered),2022-07-01,2027-06-30,5.0,32666000.0,6533200.0,29541,109.3,Active,Waste Dept (hornsby.nsw.gov.au),https://www.hornsby.nsw.gov.au,https://www.hornsby.nsw.gov.au/services/waste-and-recycling/collection-services,2026-08-01T11:25:59.488274,"Kerbside collection contract serving 56,810 dwellings."
NSW-LGA-6207,Hornsby Shire,Metropolitan Sydney,151128,56810,Dry Recyclables Processing (MRF),Visy / Cleanaway MRF,2021-09-01,2028-08-31,7.0,17895000.0,2556428.57,12498,108.7,Active,Resource Recovery Dept (hornsby.nsw.gov.au),https://www.hornsby.nsw.gov.au,https://www.hornsby.nsw.gov.au/services/waste-and-recycling/recycling-mrf-processing,2026-08-01T11:25:59.488274,"Processing co-mingled recyclables for 151,128 residents."
NSW-LGA-8949,Hornsby Shire,Metropolitan Sydney,151128,56810,FOGO & Organics Processing,Veolia / SOILCO / Cleanaway Organics,2023-01-01,2030-12-31,8.0,15907000.0,1988375.0,15907,72.08,Active,Sustainability & Waste (hornsby.nsw.gov.au),https://www.hornsby.nsw.gov.au,https://www.hornsby.nsw.gov.au/services/waste-and-recycling/fogo-strategy,2026-08-01T11:25:59.488274,Food & Garden Organics composting contract.
NSW-LGA-9817,"Hunter's Hill, Municipality of",Metropolitan Sydney,13556,5020,Kerbside Collection (Red/Yellow/Green Bins),Cleanaway / Solo / Remondis (Tendered),2022-07-01,2027-06-30,5.0,2886000.0,577200.0,2610,107.7,Active,Waste Dept (huntershill.nsw.gov.au),https://www.huntershill.nsw.gov.au,https://www.huntershill.nsw.gov.au/services/waste-and-recycling/collection-services,2026-08-01T11:25:59.488274,"Kerbside collection contract serving 5,020 dwellings."
NSW-LGA-7361,"Hunter's Hill, Municipality of",Metropolitan Sydney,13556,5020,Dry Recyclables Processing (MRF),Visy / Cleanaway MRF,2021-09-01,2028-08-31,7.0,1581000.0,225857.14,1104,89.1,Active,Resource Recovery Dept (huntershill.nsw.gov.au),https://www.huntershill.nsw.gov.au,https://www.huntershill.nsw.gov.au/services/waste-and-recycling/recycling-mrf-processing,2026-08-01T11:25:59.488274,"Processing co-mingled recyclables for 13,556 residents."
NSW-LGA-4529,"Hunter's Hill, Municipality of",Metropolitan Sydney,13556,5020,FOGO & Organics Processing,Veolia / SOILCO / Cleanaway Organics,2023-01-01,2030-12-31,8.0,1406000.0,175750.0,1406,82.32,Active,Sustainability & Waste (huntershill.nsw.gov.au),https://www.huntershill.nsw.gov.au,https://www.huntershill.nsw.gov.au/services/waste-and-recycling/fogo-strategy,2026-08-01T11:25:59.488274,Food & Garden Organics composting contract.
NSW-LGA-3815,Inner West Council,Metropolitan Sydney,182818,80412,FOGO Organics Collection & Processing,Cleanaway,2023-10-01,2030-09-30,7.0,21000000.0,3000000.0,43422,103.5,Active,Waste Management Dept (innerwest.nsw.gov.au),https://www.innerwest.nsw.gov.au,https://www.innerwest.nsw.gov.au/live/waste-and-recycling/fogo/fogo-contract-details,2026-08-01T11:25:59.488274,Full LGA food and garden organics rollout.
NSW-LGA-7419,Inner West Council,Metropolitan Sydney,182818,80412,Kerbside Recycling Collection,URM,2020-03-01,2027-02-28,7.0,14000000.0,2000000.0,43422,95.8,Active,Waste Management Dept (innerwest.nsw.gov.au),https://www.innerwest.nsw.gov.au,https://www.innerwest.nsw.gov.au/about/governance-and-transparency/contracts-register,2026-08-01T11:25:59.488274,Yellow bin collection & transport.
NSW-LGA-9157,Ku-ring-gai Council,Metropolitan Sydney,124076,44920,Kerbside Collection (Red/Yellow/Green Bins),Cleanaway / Solo / Remondis (Tendered),2022-07-01,2027-06-30,5.0,25829000.0,5165800.0,23358,111.7,Active,Waste Dept (krg.nsw.gov.au),https://www.krg.nsw.gov.au,https://www.krg.nsw.gov.au/services/waste-and-recycling/collection-services,2026-08-01T11:25:59.488274,"Kerbside collection contract serving 44,920 dwellings."
NSW-LGA-1811,Ku-ring-gai Council,Metropolitan Sydney,124076,44920,Dry Recyclables Processing (MRF),Visy / Cleanaway MRF,2021-09-01,2028-08-31,7.0,14150000.0,2021428.57,9882,99.1,Active,Resource Recovery Dept (krg.nsw.gov.au),https://www.krg.nsw.gov.au,https://www.krg.nsw.gov.au/services/waste-and-recycling/recycling-mrf-processing,2026-08-01T11:25:59.488274,"Processing co-mingled recyclables for 124,076 residents."
NSW-LGA-8440,Ku-ring-gai Council,Metropolitan Sydney,124076,44920,FOGO & Organics Processing,Veolia / SOILCO / Cleanaway Organics,2023-01-01,2030-12-31,8.0,12578000.0,1572250.0,12578,75.2,Active,Sustainability & Waste (krg.nsw.gov.au),https://www.krg.nsw.gov.au,https://www.krg.nsw.gov.au/services/waste-and-recycling/fogo-strategy,2026-08-01T11:25:59.488274,Food & Garden Organics composting contract.
NSW-LGA-5475,Lane Cove Council,Metropolitan Sydney,39489,16810,Kerbside Collection (Red/Yellow/Green Bins),Cleanaway / Solo / Remondis (Tendered),2022-07-01,2027-06-30,5.0,9666000.0,1933200.0,8741,113.5,Active,Waste Dept (lanecove.nsw.gov.au),https://www.lanecove.nsw.gov.au,https://www.lanecove.nsw.gov.au/services/waste-and-recycling/collection-services,2026-08-01T11:25:59.488274,"Kerbside collection contract serving 16,810 dwellings."
NSW-LGA-7755,Lane Cove Council,Metropolitan Sydney,39489,16810,Dry Recyclables Processing (MRF),Visy / Cleanaway MRF,2021-09-01,2028-08-31,7.0,5295000.0,756428.57,3698,112.5,Active,Resource Recovery Dept (lanecove.nsw.gov.au),https://www.lanecove.nsw.gov.au,https://www.lanecove.nsw.gov.au/services/waste-and-recycling/recycling-mrf-processing,2026-08-01T11:25:59.488274,"Processing co-mingled recyclables for 39,489 residents."
NSW-LGA-0725,Lane Cove Council,Metropolitan Sydney,39489,16810,FOGO & Organics Processing,Veolia / SOILCO / Cleanaway Organics,2023-01-01,2030-12-31,8.0,4707000.0,588375.0,4707,90.0,Active,Sustainability & Waste (lanecove.nsw.gov.au),https://www.lanecove.nsw.gov.au,https://www.lanecove.nsw.gov.au/services/waste-and-recycling/fogo-strategy,2026-08-01T11:25:59.488274,Food & Garden Organics composting contract.
NSW-LGA-9238,"Liverpool, City of",Metropolitan Sydney,233420,72150,Kerbside Collection (Red/Yellow/Green Bins),Cleanaway / Solo / Remondis (Tendered),2022-07-01,2027-06-30,5.0,41486000.0,8297200.0,37518,102.2,Active,Waste Dept (liverpool.nsw.gov.au),https://www.liverpool.nsw.gov.au,https://www.liverpool.nsw.gov.au/services/waste-and-recycling/collection-services,2026-08-01T11:25:59.488274,"Kerbside collection contract serving 72,150 dwellings."
NSW-LGA-2744,"Liverpool, City of",Metropolitan Sydney,233420,72150,Dry Recyclables Processing (MRF),Visy / Cleanaway MRF,2021-09-01,2028-08-31,7.0,22727000.0,3246714.29,15873,92.4,Active,Resource Recovery Dept (liverpool.nsw.gov.au),https://www.liverpool.nsw.gov.au,https://www.liverpool.nsw.gov.au/services/waste-and-recycling/recycling-mrf-processing,2026-08-01T11:25:59.488274,"Processing co-mingled recyclables for 233,420 residents."
NSW-LGA-6840,"Liverpool, City of",Metropolitan Sydney,233420,72150,FOGO & Organics Processing,Veolia / SOILCO / Cleanaway Organics,2023-01-01,2030-12-31,8.0,20202000.0,2525250.0,20202,80.8,Active,Sustainability & Waste (liverpool.nsw.gov.au),https://www.liverpool.nsw.gov.au,https://www.liverpool.nsw.gov.au/services/waste-and-recycling/fogo-strategy,2026-08-01T11:25:59.488274,Food & Garden Organics composting contract.
NSW-LGA-2987,Mosman Municipal Council,Metropolitan Sydney,28329,12840,Kerbside Collection (Red/Yellow/Green Bins),Cleanaway / Solo / Remondis (Tendered),2022-07-01,2027-06-30,5.0,7383000.0,1476600.0,6677,97.3,Active,Waste Dept (mosman.nsw.gov.au),https://www.mosman.nsw.gov.au,https://www.mosman.nsw.gov.au/services/waste-and-recycling/collection-services,2026-08-01T11:25:59.488274,"Kerbside collection contract serving 12,840 dwellings."
NSW-LGA-1835,Mosman Municipal Council,Metropolitan Sydney,28329,12840,Dry Recyclables Processing (MRF),Visy / Cleanaway MRF,2021-09-01,2028-08-31,7.0,4045000.0,577857.14,2825,104.5,Active,Resource Recovery Dept (mosman.nsw.gov.au),https://www.mosman.nsw.gov.au,https://www.mosman.nsw.gov.au/services/waste-and-recycling/recycling-mrf-processing,2026-08-01T11:25:59.488274,"Processing co-mingled recyclables for 28,329 residents."
NSW-LGA-1309,Mosman Municipal Council,Metropolitan Sydney,28329,12840,FOGO & Organics Processing,Veolia / SOILCO / Cleanaway Organics,2023-01-01,2030-12-31,8.0,3595000.0,449375.0,3595,95.28,Active,Sustainability & Waste (mosman.nsw.gov.au),https://www.mosman.nsw.gov.au,https://www.mosman.nsw.gov.au/services/waste-and-recycling/fogo-strategy,2026-08-01T11:25:59.488274,Food & Garden Organics composting contract.
NSW-LGA-8679,North Sydney Council,Metropolitan Sydney,68950,39036,Kerbside Collection (Red/Yellow/Green Bins),Cleanaway / Solo / Remondis (Tendered),2022-07-01,2027-06-30,5.0,22446000.0,4489200.0,20299,128.9,Active,Waste Dept (northsydney.nsw.gov.au),https://www.northsydney.nsw.gov.au,https://www.northsydney.nsw.gov.au/services/waste-and-recycling/collection-services,2026-08-01T11:25:59.488274,"Kerbside collection contract serving 39,036 dwellings."
NSW-LGA-6575,North Sydney Council,Metropolitan Sydney,68950,39036,Dry Recyclables Processing (MRF),Visy / Cleanaway MRF,2021-09-01,2028-08-31,7.0,12296000.0,1756571.43,8588,110.5,Active,Resource Recovery Dept (northsydney.nsw.gov.au),https://www.northsydney.nsw.gov.au,https://www.northsydney.nsw.gov.au/services/waste-and-recycling/recycling-mrf-processing,2026-08-01T11:25:59.488274,"Processing co-mingled recyclables for 68,950 residents."
NSW-LGA-8873,North Sydney Council,Metropolitan Sydney,68950,39036,FOGO & Organics Processing,Veolia / SOILCO / Cleanaway Organics,2023-01-01,2030-12-31,8.0,10930000.0,1366250.0,10930,78.16,Active,Sustainability & Waste (northsydney.nsw.gov.au),https://www.northsydney.nsw.gov.au,https://www.northsydney.nsw.gov.au/services/waste-and-recycling/fogo-strategy,2026-08-01T11:25:59.488274,Food & Garden Organics composting contract.
NSW-LGA-2175,Northern Beaches Council,Metropolitan Sydney,263554,102410,Kerbside Waste & Recycling Collection,URM,2019-07-01,2029-06-30,10.0,34000000.0,3400000.0,55301,122.3,Active,Waste Management Dept (northernbeaches.nsw.gov.au),https://www.northernbeaches.nsw.gov.au,https://www.northernbeaches.nsw.gov.au/council/governance/contracts-register/urm-waste-collection-2019,2026-08-01T11:25:59.488274,Collection across Northern Beaches peninsula.
NSW-LGA-9730,Northern Beaches Council,Metropolitan Sydney,263554,102410,Recyclables & Organics Processing,Veolia Environmental,2019-07-01,2029-06-30,10.0,21000000.0,2100000.0,23554,91.5,Active,Waste Management Dept (northernbeaches.nsw.gov.au),https://www.northernbeaches.nsw.gov.au,https://www.northernbeaches.nsw.gov.au/services/rubbish-and-recycling/waste-strategy-2030,2026-08-01T11:25:59.488274,Processing of yellow & green bin streams.
NSW-LGA-4903,"Parramatta, City of",Metropolitan Sydney,256729,101230,Kerbside Collection Service,Cleanaway,2021-01-01,2026-12-31,6.0,19000000.0,3166666.67,54664,94.6,Active,Waste Management Dept (cityofparramatta.nsw.gov.au),https://www.cityofparramatta.nsw.gov.au,https://www.cityofparramatta.nsw.gov.au/council/tenders-and-contracts/contracts-register/cleanaway-2021,2026-08-01T11:25:59.488274,Serving 101k dwellings in Parramatta LGA.
NSW-LGA-1747,"Parramatta, City of",Metropolitan Sydney,256729,101230,FOGO & Green Waste Processing,Solo Resource Recovery,2022-06-01,2029-05-31,7.0,10500000.0,1500000.0,29357,79.2,Active,Waste Management Dept (cityofparramatta.nsw.gov.au),https://www.cityofparramatta.nsw.gov.au,https://www.cityofparramatta.nsw.gov.au/living-community/waste-recycling/fogo-processing,2026-08-01T11:25:59.488274,FOGO processing contract.
NSW-LGA-2831,"Penrith, City of",Metropolitan Sydney,217664,75410,3-Bin Kerbside Collection,JJ's Waste & Recycling,2022-07-01,2030-06-30,8.0,17500000.0,2187500.0,40721,87.5,Active,Waste Management Dept (penrithcity.nsw.gov.au),https://www.penrithcity.nsw.gov.au,https://www.penrithcity.nsw.gov.au/waste-environment/waste/waste-contracts-register,2026-08-01T11:25:59.488274,Pioneer FOGO 3-bin collection service.
NSW-LGA-4904,"Penrith, City of",Metropolitan Sydney,217664,75410,Organic Waste Composting,Cleanaway,2021-11-01,2028-10-31,7.0,8500000.0,1214285.71,21869,71.8,Active,Waste Management Dept (penrithcity.nsw.gov.au),https://www.penrithcity.nsw.gov.au,https://www.penrithcity.nsw.gov.au/waste-environment/waste/fogo-composting,2026-08-01T11:25:59.488274,Composting of food & garden waste.
NSW-LGA-8660,"Randwick, City of",Metropolitan Sydney,134252,58190,Kerbside Collection (Red/Yellow/Green Bins),Cleanaway / Solo / Remondis (Tendered),2022-07-01,2027-06-30,5.0,33459000.0,6691800.0,30259,127.0,Active,Waste Dept (randwick.nsw.gov.au),https://www.randwick.nsw.gov.au,https://www.randwick.nsw.gov.au/services/waste-and-recycling/collection-services,2026-08-01T11:25:59.488274,"Kerbside collection contract serving 58,190 dwellings."
NSW-LGA-2706,"Randwick, City of",Metropolitan Sydney,134252,58190,Dry Recyclables Processing (MRF),Visy / Cleanaway MRF,2021-09-01,2028-08-31,7.0,18330000.0,2618571.43,12802,117.4,Active,Resource Recovery Dept (randwick.nsw.gov.au),https://www.randwick.nsw.gov.au,https://www.randwick.nsw.gov.au/services/waste-and-recycling/recycling-mrf-processing,2026-08-01T11:25:59.488274,"Processing co-mingled recyclables for 134,252 residents."
NSW-LGA-7657,"Randwick, City of",Metropolitan Sydney,134252,58190,FOGO & Organics Processing,Veolia / SOILCO / Cleanaway Organics,2023-01-01,2030-12-31,8.0,16293000.0,2036625.0,16293,92.56,Active,Sustainability & Waste (randwick.nsw.gov.au),https://www.randwick.nsw.gov.au,https://www.randwick.nsw.gov.au/services/waste-and-recycling/fogo-strategy,2026-08-01T11:25:59.488274,Food & Garden Organics composting contract.
NSW-LGA-7114,"Ryde, City of",Metropolitan Sydney,129083,51210,Kerbside Collection (Red/Yellow/Green Bins),Cleanaway / Solo / Remondis (Tendered),2022-07-01,2027-06-30,5.0,29446000.0,5889200.0,26629,107.4,Active,Waste Dept (ryde.nsw.gov.au),https://www.ryde.nsw.gov.au,https://www.ryde.nsw.gov.au/services/waste-and-recycling/collection-services,2026-08-01T11:25:59.488274,"Kerbside collection contract serving 51,210 dwellings."
NSW-LGA-9534,"Ryde, City of",Metropolitan Sydney,129083,51210,Dry Recyclables Processing (MRF),Visy / Cleanaway MRF,2021-09-01,2028-08-31,7.0,16131000.0,2304428.57,11266,106.4,Active,Resource Recovery Dept (ryde.nsw.gov.au),https://www.ryde.nsw.gov.au,https://www.ryde.nsw.gov.au/services/waste-and-recycling/recycling-mrf-processing,2026-08-01T11:25:59.488274,"Processing co-mingled recyclables for 129,083 residents."
NSW-LGA-7849,"Ryde, City of",Metropolitan Sydney,129083,51210,FOGO & Organics Processing,Veolia / SOILCO / Cleanaway Organics,2023-01-01,2030-12-31,8.0,14339000.0,1792375.0,14339,80.08,Active,Sustainability & Waste (ryde.nsw.gov.au),https://www.ryde.nsw.gov.au,https://www.ryde.nsw.gov.au/services/waste-and-recycling/fogo-strategy,2026-08-01T11:25:59.488274,Food & Garden Organics composting contract.
NSW-LGA-5822,"Strathfield, Municipality of",Metropolitan Sydney,45988,17210,Kerbside Collection (Red/Yellow/Green Bins),Cleanaway / Solo / Remondis (Tendered),2022-07-01,2027-06-30,5.0,9896000.0,1979200.0,8949,108.2,Active,Waste Dept (strathfield.nsw.gov.au),https://www.strathfield.nsw.gov.au,https://www.strathfield.nsw.gov.au/services/waste-and-recycling/collection-services,2026-08-01T11:25:59.488274,"Kerbside collection contract serving 17,210 dwellings."
NSW-LGA-0077,"Strathfield, Municipality of",Metropolitan Sydney,45988,17210,Dry Recyclables Processing (MRF),Visy / Cleanaway MRF,2021-09-01,2028-08-31,7.0,5421000.0,774428.57,3786,95.7,Active,Resource Recovery Dept (strathfield.nsw.gov.au),https://www.strathfield.nsw.gov.au,https://www.strathfield.nsw.gov.au/services/waste-and-recycling/recycling-mrf-processing,2026-08-01T11:25:59.488274,"Processing co-mingled recyclables for 45,988 residents."
NSW-LGA-7762,"Strathfield, Municipality of",Metropolitan Sydney,45988,17210,FOGO & Organics Processing,Veolia / SOILCO / Cleanaway Organics,2023-01-01,2030-12-31,8.0,4819000.0,602375.0,4819,87.04,Active,Sustainability & Waste (strathfield.nsw.gov.au),https://www.strathfield.nsw.gov.au,https://www.strathfield.nsw.gov.au/services/waste-and-recycling/fogo-strategy,2026-08-01T11:25:59.488274,Food & Garden Organics composting contract.
NSW-LGA-9142,Sutherland Shire,Metropolitan Sydney,230211,88340,Kerbside Bin Collection,Solo Resource Recovery,2020-05-01,2027-04-30,7.0,24000000.0,3428571.43,47704,109.1,Active,Waste Management Dept (sutherlandshire.nsw.gov.au),https://www.sutherlandshire.nsw.gov.au,https://www.sutherlandshire.nsw.gov.au/my-council/tenders-and-contracts/contracts-register/solo-waste-2020,2026-08-01T11:25:59.489272,Serving 88k residences in Sutherland.
NSW-LGA-6555,Sutherland Shire,Metropolitan Sydney,230211,88340,Hard Waste & Bulky Goods Collection,Cleanaway,2021-08-01,2028-07-31,7.0,12500000.0,1785714.29,47704,142.5,Active,Waste Management Dept (sutherlandshire.nsw.gov.au),https://www.sutherlandshire.nsw.gov.au,https://www.sutherlandshire.nsw.gov.au/waste-and-recycling/hard-waste-services,2026-08-01T11:25:59.489272,On-demand kerbside hard waste pickup.
NSW-LGA-7133,"Sydney, City of",Metropolitan Sydney,211632,116420,Kerbside Collection (Red/Yellow/Green Bins),Cleanaway / Solo / Remondis (Tendered),2022-07-01,2027-06-30,5.0,66942000.0,13388400.0,60538,109.3,Active,Waste Dept (cityofsydney.nsw.gov.au),https://www.cityofsydney.nsw.gov.au,https://www.cityofsydney.nsw.gov.au/services/waste-and-recycling/collection-services,2026-08-01T11:25:59.489272,"Kerbside collection contract serving 116,420 dwellings."
NSW-LGA-2918,"Sydney, City of",Metropolitan Sydney,211632,116420,Dry Recyclables Processing (MRF),Visy / Cleanaway MRF,2021-09-01,2028-08-31,7.0,36672000.0,5238857.14,25612,96.2,Active,Resource Recovery Dept (cityofsydney.nsw.gov.au),https://www.cityofsydney.nsw.gov.au,https://www.cityofsydney.nsw.gov.au/services/waste-and-recycling/recycling-mrf-processing,2026-08-01T11:25:59.489272,"Processing co-mingled recyclables for 211,632 residents."
NSW-LGA-6388,"Sydney, City of",Metropolitan Sydney,211632,116420,FOGO & Organics Processing,Veolia / SOILCO / Cleanaway Organics,2023-01-01,2030-12-31,8.0,32598000.0,4074750.0,32598,71.04,Active,Sustainability & Waste (cityofsydney.nsw.gov.au),https://www.cityofsydney.nsw.gov.au,https://www.cityofsydney.nsw.gov.au/services/waste-and-recycling/fogo-strategy,2026-08-01T11:25:59.489272,Food & Garden Organics composting contract.
NSW-LGA-8150,The Hills Shire,Metropolitan Sydney,191876,63510,Kerbside Collection (Red/Yellow/Green Bins),Cleanaway / Solo / Remondis (Tendered),2022-07-01,2027-06-30,5.0,36518000.0,7303600.0,33025,111.0,Active,Waste Dept (thehills.nsw.gov.au),https://www.thehills.nsw.gov.au,https://www.thehills.nsw.gov.au/services/waste-and-recycling/collection-services,2026-08-01T11:25:59.489272,"Kerbside collection contract serving 63,510 dwellings."
NSW-LGA-1917,The Hills Shire,Metropolitan Sydney,191876,63510,Dry Recyclables Processing (MRF),Visy / Cleanaway MRF,2021-09-01,2028-08-31,7.0,20006000.0,2858000.0,13972,109.7,Active,Resource Recovery Dept (thehills.nsw.gov.au),https://www.thehills.nsw.gov.au,https://www.thehills.nsw.gov.au/services/waste-and-recycling/recycling-mrf-processing,2026-08-01T11:25:59.489272,"Processing co-mingled recyclables for 191,876 residents."
NSW-LGA-4422,The Hills Shire,Metropolitan Sydney,191876,63510,FOGO & Organics Processing,Veolia / SOILCO / Cleanaway Organics,2023-01-01,2030-12-31,8.0,17783000.0,2222875.0,17783,86.24,Active,Sustainability & Waste (thehills.nsw.gov.au),https://www.thehills.nsw.gov.au,https://www.thehills.nsw.gov.au/services/waste-and-recycling/fogo-strategy,2026-08-01T11:25:59.489272,Food & Garden Organics composting contract.
NSW-LGA-2631,Waverley Council,Metropolitan Sydney,68605,34180,Kerbside Collection (Red/Yellow/Green Bins),Cleanaway / Solo / Remondis (Tendered),2022-07-01,2027-06-30,5.0,19654000.0,3930800.0,17774,97.9,Active,Waste Dept (waverley.nsw.gov.au),https://www.waverley.nsw.gov.au,https://www.waverley.nsw.gov.au/services/waste-and-recycling/collection-services,2026-08-01T11:25:59.489272,"Kerbside collection contract serving 34,180 dwellings."
NSW-LGA-1475,Waverley Council,Metropolitan Sydney,68605,34180,Dry Recyclables Processing (MRF),Visy / Cleanaway MRF,2021-09-01,2028-08-31,7.0,10767000.0,1538142.86,7520,105.5,Active,Resource Recovery Dept (waverley.nsw.gov.au),https://www.waverley.nsw.gov.au,https://www.waverley.nsw.gov.au/services/waste-and-recycling/recycling-mrf-processing,2026-08-01T11:25:59.489272,"Processing co-mingled recyclables for 68,605 residents."
NSW-LGA-1068,Waverley Council,Metropolitan Sydney,68605,34180,FOGO & Organics Processing,Veolia / SOILCO / Cleanaway Organics,2023-01-01,2030-12-31,8.0,9570000.0,1196250.0,9570,73.44,Active,Sustainability & Waste (waverley.nsw.gov.au),https://www.waverley.nsw.gov.au,https://www.waverley.nsw.gov.au/services/waste-and-recycling/fogo-strategy,2026-08-01T11:25:59.489272,Food & Garden Organics composting contract.
NSW-LGA-3608,"Willoughby, City of",Metropolitan Sydney,75613,30120,Kerbside Collection (Red/Yellow/Green Bins),Cleanaway / Solo / Remondis (Tendered),2022-07-01,2027-06-30,5.0,17319000.0,3463800.0,15662,121.8,Active,Waste Dept (willoughby.nsw.gov.au),https://www.willoughby.nsw.gov.au,https://www.willoughby.nsw.gov.au/services/waste-and-recycling/collection-services,2026-08-01T11:25:59.489272,"Kerbside collection contract serving 30,120 dwellings."
NSW-LGA-9235,"Willoughby, City of",Metropolitan Sydney,75613,30120,Dry Recyclables Processing (MRF),Visy / Cleanaway MRF,2021-09-01,2028-08-31,7.0,9488000.0,1355428.57,6626,94.5,Active,Resource Recovery Dept (willoughby.nsw.gov.au),https://www.willoughby.nsw.gov.au,https://www.willoughby.nsw.gov.au/services/waste-and-recycling/recycling-mrf-processing,2026-08-01T11:25:59.489272,"Processing co-mingled recyclables for 75,613 residents."
NSW-LGA-2841,"Willoughby, City of",Metropolitan Sydney,75613,30120,FOGO & Organics Processing,Veolia / SOILCO / Cleanaway Organics,2023-01-01,2030-12-31,8.0,8434000.0,1054250.0,8434,79.28,Active,Sustainability & Waste (willoughby.nsw.gov.au),https://www.willoughby.nsw.gov.au,https://www.willoughby.nsw.gov.au/services/waste-and-recycling/fogo-strategy,2026-08-01T11:25:59.489272,Food & Garden Organics composting contract.
NSW-LGA-0573,Woollahra Municipal Council,Metropolitan Sydney,53496,25610,Kerbside Collection (Red/Yellow/Green Bins),Cleanaway / Solo / Remondis (Tendered),2022-07-01,2027-06-30,5.0,14726000.0,2945200.0,13317,103.7,Active,Waste Dept (woollahra.nsw.gov.au),https://www.woollahra.nsw.gov.au,https://www.woollahra.nsw.gov.au/services/waste-and-recycling/collection-services,2026-08-01T11:25:59.489272,"Kerbside collection contract serving 25,610 dwellings."
NSW-LGA-1991,Woollahra Municipal Council,Metropolitan Sydney,53496,25610,Dry Recyclables Processing (MRF),Visy / Cleanaway MRF,2021-09-01,2028-08-31,7.0,8067000.0,1152428.57,5634,117.1,Active,Resource Recovery Dept (woollahra.nsw.gov.au),https://www.woollahra.nsw.gov.au,https://www.woollahra.nsw.gov.au/services/waste-and-recycling/recycling-mrf-processing,2026-08-01T11:25:59.489272,"Processing co-mingled recyclables for 53,496 residents."
NSW-LGA-2609,Woollahra Municipal Council,Metropolitan Sydney,53496,25610,FOGO & Organics Processing,Veolia / SOILCO / Cleanaway Organics,2023-01-01,2030-12-31,8.0,7171000.0,896375.0,7171,71.28,Active,Sustainability & Waste (woollahra.nsw.gov.au),https://www.woollahra.nsw.gov.au,https://www.woollahra.nsw.gov.au/services/waste-and-recycling/fogo-strategy,2026-08-01T11:25:59.489272,Food & Garden Organics composting contract.
